DROP SEQUENCE ID_ORAS_SEQ;
DROP SEQUENCE ID_RESTAURANT_SEQ;
DROP SEQUENCE ID_ANGAJAT_SEQ;
DROP SEQUENCE ID_INGREDIENT_SEQ;
DROP SEQUENCE ID_RETETA_SEQ;
DROP SEQUENCE ID_ALERGIE_SEQ;
DROP SEQUENCE ID_COMANDA_SEQ;
DROP TABLE ORAS CASCADE CONSTRAINTS;
DROP TABLE RESTAURANT CASCADE CONSTRAINTS;
DROP TABLE ANGAJAT CASCADE CONSTRAINTS;
DROP TABLE CASIER CASCADE CONSTRAINTS;
DROP TABLE BUCATAR CASCADE CONSTRAINTS;
DROP TABLE MANAGER CASCADE CONSTRAINTS;
DROP TABLE INGREDIENT CASCADE CONSTRAINTS;
DROP TABLE RETETA CASCADE CONSTRAINTS;
DROP TABLE ALERGIE CASCADE CONSTRAINTS;
DROP TABLE COMANDA CASCADE CONSTRAINTS;
DROP TABLE LIVRARE CASCADE CONSTRAINTS;
DROP TABLE JOB_are_SALARIU CASCADE CONSTRAINTS;
DROP TABLE INGREDIENT_provoaca_ALERGIE CASCADE CONSTRAINTS;
DROP TABLE RETETA_contine_INGREDIENT CASCADE CONSTRAINTS;
DROP TABLE COMANDA_include_RETETA CASCADE CONSTRAINTS;


CREATE SEQUENCE ID_ORAS_SEQ START WITH 1 INCREMENT BY 1;
CREATE SEQUENCE ID_RESTAURANT_SEQ START WITH 1 INCREMENT BY 1;
CREATE SEQUENCE ID_ANGAJAT_SEQ START WITH 1 INCREMENT BY 1;
CREATE SEQUENCE ID_INGREDIENT_SEQ START WITH 1 INCREMENT BY 1;
CREATE SEQUENCE ID_RETETA_SEQ START WITH 1 INCREMENT BY 1;
CREATE SEQUENCE ID_ALERGIE_SEQ START WITH 1 INCREMENT BY 1;
CREATE SEQUENCE ID_COMANDA_SEQ START WITH 1 INCREMENT BY 1;
CREATE TABLE ORAS (
  id_oras NUMBER(10) DEFAULT ID_ORAS_SEQ.nextval PRIMARY KEY,
  nume VARCHAR2(50) NOT NULL
);
CREATE TABLE RESTAURANT (
  id_restaurant NUMBER(10) DEFAULT ID_RESTAURANT_SEQ.nextval PRIMARY KEY,
  id_oras NUMBER(10) NOT NULL,
  data_deschidere DATE NOT NULL,
  FOREIGN KEY (id_oras) REFERENCES ORAS(id_oras)
);
CREATE TABLE JOB_are_SALARIU (
  job_cod VARCHAR2(10) PRIMARY KEY,
  salariu NUMBER(10) NOT NULL
);
CREATE TABLE ANGAJAT (
  id_angajat NUMBER(10) DEFAULT ID_ANGAJAT_SEQ.nextval PRIMARY KEY,
  id_restaurant NUMBER(10) NOT NULL,
  id_angajator NUMBER(10),
  job_cod VARCHAR2(10) NOT NULL,
  nume VARCHAR2(50) NOT NULL,
  data_angajare DATE NOT NULL,
  FOREIGN KEY (id_restaurant) REFERENCES RESTAURANT(id_restaurant),
  FOREIGN KEY (job_cod) REFERENCES JOB_are_SALARIU(job_cod)
);
CREATE TABLE CASIER (
  id_angajat NUMBER(10) PRIMARY KEY,
  nr_casa_de_marcat NUMBER(10),
  FOREIGN KEY (id_angajat) REFERENCES ANGAJAT(id_angajat) ON DELETE CASCADE
);
CREATE TABLE BUCATAR (
  id_angajat NUMBER(10) PRIMARY KEY,
  data_antrenament_de_siguranta DATE,
  FOREIGN KEY (id_angajat) REFERENCES ANGAJAT(id_angajat) ON DELETE CASCADE
);
CREATE TABLE MANAGER (
  id_angajat NUMBER(10) PRIMARY KEY,
  autorizat_sa_angajeze NUMBER(1) DEFAULT 0 NOT NULL CHECK (autorizat_sa_angajeze = 0 OR autorizat_sa_angajeze = 1),
  FOREIGN KEY (id_angajat) REFERENCES ANGAJAT(id_angajat) ON DELETE CASCADE
);
ALTER TABLE ANGAJAT ADD CONSTRAINT ANGAJATOR_E_MANAGER FOREIGN KEY (id_angajator) REFERENCES MANAGER(id_angajat);
CREATE TABLE INGREDIENT (
  id_ingredient NUMBER(10) DEFAULT ID_INGREDIENT_SEQ.nextval PRIMARY KEY,
  nume VARCHAR2(50) NOT NULL
);
CREATE TABLE RETETA (
  id_reteta NUMBER(10) DEFAULT ID_RETETA_SEQ.nextval PRIMARY KEY,
  nume VARCHAR2(50) NOT NULL,
  pret NUMBER(10,2) NOT NULL
);
CREATE TABLE ALERGIE (
  id_alergie NUMBER(10) DEFAULT ID_ALERGIE_SEQ.nextval PRIMARY KEY,
  nume VARCHAR2(50) NOT NULL
);
CREATE TABLE COMANDA (
  id_comanda NUMBER(10) DEFAULT ID_COMANDA_SEQ.nextval PRIMARY KEY,
  id_casier NUMBER(10) NOT NULL,
  id_restaurant NUMBER(10) NOT NULL,
  data_comanda DATE DEFAULT SYSDATE NOT NULL,
  FOREIGN KEY (id_casier) REFERENCES CASIER(id_angajat),
  FOREIGN KEY (id_restaurant) REFERENCES RESTAURANT(id_restaurant)
);
CREATE TABLE LIVRARE (
  id_comanda NUMBER(10) PRIMARY KEY,
  pret NUMBER(10,2) NOT NULL,
  FOREIGN KEY (id_comanda) REFERENCES COMANDA(id_comanda) ON DELETE CASCADE
);
CREATE TABLE INGREDIENT_provoaca_ALERGIE (
  id_ingredient NUMBER(10) NOT NULL,
  id_alergie NUMBER(10) NOT NULL,
  PRIMARY KEY (id_ingredient, id_alergie),
  FOREIGN KEY (id_ingredient) REFERENCES INGREDIENT(id_ingredient),
  FOREIGN KEY (id_alergie) REFERENCES ALERGIE(id_alergie)
);
CREATE TABLE RETETA_contine_INGREDIENT (
  id_reteta NUMBER(10) NOT NULL,
  id_ingredient NUMBER(10) NOT NULL,
  PRIMARY KEY (id_reteta, id_ingredient),
  FOREIGN KEY (id_reteta) REFERENCES RETETA(id_reteta),
  FOREIGN KEY (id_ingredient) REFERENCES INGREDIENT(id_ingredient)
);
CREATE TABLE COMANDA_include_RETETA (
  id_comanda NUMBER(10) NOT NULL,
  id_reteta NUMBER(10) NOT NULL,
  PRIMARY KEY (id_comanda, id_reteta)
);

INSERT INTO JOB_are_SALARIU
VALUES ('CASIER', 2000);
INSERT INTO JOB_are_SALARIU
VALUES ('BUCATAR', 4000);
INSERT INTO JOB_are_SALARIU
VALUES ('MANAGER', 4500);

INSERT INTO ORAS (nume)
VALUES ('Bucuresti');
INSERT INTO ORAS (nume)
VALUES ('Cluj-Napoca');
INSERT INTO ORAS (nume)
VALUES ('Craiova');
INSERT INTO ORAS (nume)
VALUES ('Iasi');
INSERT INTO ORAS (nume)
VALUES ('Timisoara');

INSERT INTO INGREDIENT (nume) VALUES ('carne');
INSERT INTO INGREDIENT (nume) VALUES ('cartofi');
INSERT INTO INGREDIENT (nume) VALUES ('rosii');
INSERT INTO INGREDIENT (nume) VALUES ('faina');
INSERT INTO INGREDIENT (nume) VALUES ('drojdie');
INSERT INTO INGREDIENT (nume) VALUES ('sare');
INSERT INTO INGREDIENT (nume) VALUES ('aluat congelat de pizza');
INSERT INTO INGREDIENT (nume) VALUES ('ulei');

INSERT INTO ALERGIE (nume) VALUES ('gluten');
INSERT INTO ALERGIE (nume) VALUES ('rosii');
INSERT INTO ALERGIE (nume) VALUES ('drojdie');

INSERT INTO INGREDIENT_provoaca_ALERGIE (id_ingredient, id_alergie) VALUES (4, 1);
INSERT INTO INGREDIENT_provoaca_ALERGIE (id_ingredient, id_alergie) VALUES (7, 1);
INSERT INTO INGREDIENT_provoaca_ALERGIE (id_ingredient, id_alergie) VALUES (7, 3);
INSERT INTO INGREDIENT_provoaca_ALERGIE (id_ingredient, id_alergie) VALUES (3, 2);
INSERT INTO INGREDIENT_provoaca_ALERGIE (id_ingredient, id_alergie) VALUES (5, 3);

INSERT INTO RETETA (nume, pret) VALUES ('pizza', 20.99);
INSERT INTO RETETA (nume, pret) VALUES ('pizza rapida', 15.99);
INSERT INTO RETETA (nume, pret) VALUES ('cartofi prajiti', 10.99);
INSERT INTO RETETA (nume, pret) VALUES ('paine proaspata', 5.99);
INSERT INTO RETETA (nume, pret) VALUES ('cartofi prajiti cu sos', 12.99);







INSERT INTO RETETA_contine_INGREDIENT (id_reteta, id_ingredient) VALUES (1, 1);
INSERT INTO RETETA_contine_INGREDIENT (id_reteta, id_ingredient) VALUES (1, 3);
INSERT INTO RETETA_contine_INGREDIENT (id_reteta, id_ingredient) VALUES (1, 4);
INSERT INTO RETETA_contine_INGREDIENT (id_reteta, id_ingredient) VALUES (1, 5);
INSERT INTO RETETA_contine_INGREDIENT (id_reteta, id_ingredient) VALUES (1, 6);
INSERT INTO RETETA_contine_INGREDIENT (id_reteta, id_ingredient) VALUES (1, 8);

INSERT INTO RETETA_contine_INGREDIENT (id_reteta, id_ingredient) VALUES (2, 1);
INSERT INTO RETETA_contine_INGREDIENT (id_reteta, id_ingredient) VALUES (2, 3);
INSERT INTO RETETA_contine_INGREDIENT (id_reteta, id_ingredient) VALUES (2, 7);

INSERT INTO RETETA_contine_INGREDIENT (id_reteta, id_ingredient) VALUES (3, 2);
INSERT INTO RETETA_contine_INGREDIENT (id_reteta, id_ingredient) VALUES (3, 8);
INSERT INTO RETETA_contine_INGREDIENT (id_reteta, id_ingredient) VALUES (3, 6);

INSERT INTO RETETA_contine_INGREDIENT (id_reteta, id_ingredient) VALUES (4, 4);
INSERT INTO RETETA_contine_INGREDIENT (id_reteta, id_ingredient) VALUES (4, 5);
INSERT INTO RETETA_contine_INGREDIENT (id_reteta, id_ingredient) VALUES (4, 6);
INSERT INTO RETETA_contine_INGREDIENT (id_reteta, id_ingredient) VALUES (4, 8);

INSERT INTO RETETA_contine_INGREDIENT (id_reteta, id_ingredient) VALUES (5, 3);
INSERT INTO RETETA_contine_INGREDIENT (id_reteta, id_ingredient) VALUES (5, 2);
INSERT INTO RETETA_contine_INGREDIENT (id_reteta, id_ingredient) VALUES (5, 8);
INSERT INTO RETETA_contine_INGREDIENT (id_reteta, id_ingredient) VALUES (5, 6);












-- GENERATED WITH generate_data.py






INSERT INTO RESTAURANT (id_oras, data_deschidere) VALUES (2, TO_DATE('2020-01-01', 'YYYY-MM-DD'));
INSERT INTO ANGAJAT (id_restaurant, id_angajator, job_cod, nume, data_angajare) VALUES (1, NULL, 'MANAGER', 'Badea Daniela', TO_DATE('2020-01-01', 'YYYY-MM-DD'));
INSERT INTO MANAGER (id_angajat, autorizat_sa_angajeze) VALUES (1, 1);
INSERT INTO ANGAJAT (id_restaurant, id_angajator, job_cod, nume, data_angajare) VALUES (1, 1, 'MANAGER', 'Lupu Loredana', TO_DATE('2020-01-01', 'YYYY-MM-DD'));
INSERT INTO MANAGER (id_angajat, autorizat_sa_angajeze) VALUES (2, 1);
INSERT INTO ANGAJAT (id_restaurant, id_angajator, job_cod, nume, data_angajare) VALUES (1, 1, 'MANAGER', 'Solomon Iuliana', TO_DATE('2020-01-01', 'YYYY-MM-DD'));
INSERT INTO MANAGER (id_angajat, autorizat_sa_angajeze) VALUES (3, 1);
INSERT INTO ANGAJAT (id_restaurant, id_angajator, job_cod, nume, data_angajare) VALUES (1, 1, 'CASIER', 'Chelaru Ciprian', TO_DATE('2020-01-01', 'YYYY-MM-DD'));
INSERT INTO CASIER (id_angajat, nr_casa_de_marcat) VALUES (4, 1);
INSERT INTO ANGAJAT (id_restaurant, id_angajator, job_cod, nume, data_angajare) VALUES (1, 3, 'CASIER', 'Dragomir Valentin', TO_DATE('2020-01-01', 'YYYY-MM-DD'));
INSERT INTO CASIER (id_angajat, nr_casa_de_marcat) VALUES (5, 2);
INSERT INTO ANGAJAT (id_restaurant, id_angajator, job_cod, nume, data_angajare) VALUES (1, 3, 'CASIER', 'Tudose Viorel', TO_DATE('2020-01-01', 'YYYY-MM-DD'));
INSERT INTO CASIER (id_angajat, nr_casa_de_marcat) VALUES (6, NULL);
INSERT INTO ANGAJAT (id_restaurant, id_angajator, job_cod, nume, data_angajare) VALUES (1, 3, 'CASIER', 'Gherasim Ana', TO_DATE('2020-01-01', 'YYYY-MM-DD'));
INSERT INTO CASIER (id_angajat, nr_casa_de_marcat) VALUES (7, NULL);
INSERT INTO ANGAJAT (id_restaurant, id_angajator, job_cod, nume, data_angajare) VALUES (1, 1, 'BUCATAR', 'Cristian Simona', TO_DATE('2020-01-01', 'YYYY-MM-DD'));
INSERT INTO BUCATAR (id_angajat, data_antrenament_de_siguranta) VALUES (8, NULL);
INSERT INTO ANGAJAT (id_restaurant, id_angajator, job_cod, nume, data_angajare) VALUES (1, 3, 'BUCATAR', 'Roman Valentina', TO_DATE('2020-01-01', 'YYYY-MM-DD'));
INSERT INTO BUCATAR (id_angajat, data_antrenament_de_siguranta) VALUES (9, TO_DATE('2020-01-01', 'YYYY-MM-DD'));
INSERT INTO ANGAJAT (id_restaurant, id_angajator, job_cod, nume, data_angajare) VALUES (1, 1, 'BUCATAR', 'Ichim Andreea', TO_DATE('2020-01-01', 'YYYY-MM-DD'));
INSERT INTO BUCATAR (id_angajat, data_antrenament_de_siguranta) VALUES (10, NULL);
INSERT INTO ANGAJAT (id_restaurant, id_angajator, job_cod, nume, data_angajare) VALUES (1, 3, 'BUCATAR', 'Alexe Loredana', TO_DATE('2020-01-01', 'YYYY-MM-DD'));
INSERT INTO BUCATAR (id_angajat, data_antrenament_de_siguranta) VALUES (11, TO_DATE('2020-01-01', 'YYYY-MM-DD'));
INSERT INTO RESTAURANT (id_oras, data_deschidere) VALUES (4, TO_DATE('2020-01-01', 'YYYY-MM-DD'));
INSERT INTO ANGAJAT (id_restaurant, id_angajator, job_cod, nume, data_angajare) VALUES (2, NULL, 'MANAGER', 'Pintea Ionut', TO_DATE('2020-01-01', 'YYYY-MM-DD'));
INSERT INTO MANAGER (id_angajat, autorizat_sa_angajeze) VALUES (12, 0);
INSERT INTO ANGAJAT (id_restaurant, id_angajator, job_cod, nume, data_angajare) VALUES (2, NULL, 'MANAGER', 'Vlad Sorin', TO_DATE('2020-01-01', 'YYYY-MM-DD'));
INSERT INTO MANAGER (id_angajat, autorizat_sa_angajeze) VALUES (13, 0);
INSERT INTO ANGAJAT (id_restaurant, id_angajator, job_cod, nume, data_angajare) VALUES (2, NULL, 'MANAGER', 'Tataru Alina', TO_DATE('2020-01-01', 'YYYY-MM-DD'));
INSERT INTO MANAGER (id_angajat, autorizat_sa_angajeze) VALUES (14, 1);
INSERT INTO ANGAJAT (id_restaurant, id_angajator, job_cod, nume, data_angajare) VALUES (2, 14, 'CASIER', 'Zaharia Gheorghe', TO_DATE('2020-01-01', 'YYYY-MM-DD'));
INSERT INTO CASIER (id_angajat, nr_casa_de_marcat) VALUES (15, NULL);
INSERT INTO ANGAJAT (id_restaurant, id_angajator, job_cod, nume, data_angajare) VALUES (2, 14, 'CASIER', 'Udrea Irina', TO_DATE('2020-01-01', 'YYYY-MM-DD'));
INSERT INTO CASIER (id_angajat, nr_casa_de_marcat) VALUES (16, 1);
INSERT INTO ANGAJAT (id_restaurant, id_angajator, job_cod, nume, data_angajare) VALUES (2, 14, 'BUCATAR', 'Cucu Adriana', TO_DATE('2020-01-01', 'YYYY-MM-DD'));
INSERT INTO BUCATAR (id_angajat, data_antrenament_de_siguranta) VALUES (17, TO_DATE('2020-01-01', 'YYYY-MM-DD'));
INSERT INTO ANGAJAT (id_restaurant, id_angajator, job_cod, nume, data_angajare) VALUES (2, 14, 'BUCATAR', 'Giurgiu Vlad', TO_DATE('2020-01-01', 'YYYY-MM-DD'));
INSERT INTO BUCATAR (id_angajat, data_antrenament_de_siguranta) VALUES (18, NULL);
INSERT INTO ANGAJAT (id_restaurant, id_angajator, job_cod, nume, data_angajare) VALUES (2, 14, 'BUCATAR', 'Dascalu Ovidiu', TO_DATE('2020-01-01', 'YYYY-MM-DD'));
INSERT INTO BUCATAR (id_angajat, data_antrenament_de_siguranta) VALUES (19, NULL);
INSERT INTO ANGAJAT (id_restaurant, id_angajator, job_cod, nume, data_angajare) VALUES (2, 14, 'BUCATAR', 'Moldoveanu Oana', TO_DATE('2020-01-01', 'YYYY-MM-DD'));
INSERT INTO BUCATAR (id_angajat, data_antrenament_de_siguranta) VALUES (20, NULL);
INSERT INTO RESTAURANT (id_oras, data_deschidere) VALUES (2, TO_DATE('2020-01-01', 'YYYY-MM-DD'));
INSERT INTO ANGAJAT (id_restaurant, id_angajator, job_cod, nume, data_angajare) VALUES (3, NULL, 'MANAGER', 'Ifrim Elena Cristina', TO_DATE('2020-01-01', 'YYYY-MM-DD'));
INSERT INTO MANAGER (id_angajat, autorizat_sa_angajeze) VALUES (21, 1);
INSERT INTO ANGAJAT (id_restaurant, id_angajator, job_cod, nume, data_angajare) VALUES (3, 21, 'MANAGER', 'Mirea Adriana', TO_DATE('2020-01-01', 'YYYY-MM-DD'));
INSERT INTO MANAGER (id_angajat, autorizat_sa_angajeze) VALUES (22, 1);
INSERT INTO ANGAJAT (id_restaurant, id_angajator, job_cod, nume, data_angajare) VALUES (3, 21, 'MANAGER', 'Trif Nicoleta', TO_DATE('2020-01-01', 'YYYY-MM-DD'));
INSERT INTO MANAGER (id_angajat, autorizat_sa_angajeze) VALUES (23, 1);
INSERT INTO ANGAJAT (id_restaurant, id_angajator, job_cod, nume, data_angajare) VALUES (3, 21, 'CASIER', 'Dascalu Florin', TO_DATE('2020-01-01', 'YYYY-MM-DD'));
INSERT INTO CASIER (id_angajat, nr_casa_de_marcat) VALUES (24, 1);
INSERT INTO ANGAJAT (id_restaurant, id_angajator, job_cod, nume, data_angajare) VALUES (3, 22, 'CASIER', 'Petrescu Vlad', TO_DATE('2020-01-01', 'YYYY-MM-DD'));
INSERT INTO CASIER (id_angajat, nr_casa_de_marcat) VALUES (25, 2);
INSERT INTO ANGAJAT (id_restaurant, id_angajator, job_cod, nume, data_angajare) VALUES (3, 21, 'CASIER', 'Sabau Camelia', TO_DATE('2020-01-01', 'YYYY-MM-DD'));
INSERT INTO CASIER (id_angajat, nr_casa_de_marcat) VALUES (26, NULL);
INSERT INTO ANGAJAT (id_restaurant, id_angajator, job_cod, nume, data_angajare) VALUES (3, 22, 'CASIER', 'Biro Corina', TO_DATE('2020-01-01', 'YYYY-MM-DD'));
INSERT INTO CASIER (id_angajat, nr_casa_de_marcat) VALUES (27, 3);
INSERT INTO ANGAJAT (id_restaurant, id_angajator, job_cod, nume, data_angajare) VALUES (3, 22, 'CASIER', 'Apostol Mariana', TO_DATE('2020-01-01', 'YYYY-MM-DD'));
INSERT INTO CASIER (id_angajat, nr_casa_de_marcat) VALUES (28, NULL);
INSERT INTO ANGAJAT (id_restaurant, id_angajator, job_cod, nume, data_angajare) VALUES (3, 22, 'BUCATAR', 'Rotaru Florentina', TO_DATE('2020-01-01', 'YYYY-MM-DD'));
INSERT INTO BUCATAR (id_angajat, data_antrenament_de_siguranta) VALUES (29, TO_DATE('2020-01-01', 'YYYY-MM-DD'));
INSERT INTO ANGAJAT (id_restaurant, id_angajator, job_cod, nume, data_angajare) VALUES (3, 22, 'BUCATAR', 'Dragomir Mihai', TO_DATE('2020-01-01', 'YYYY-MM-DD'));
INSERT INTO BUCATAR (id_angajat, data_antrenament_de_siguranta) VALUES (30, NULL);
INSERT INTO ANGAJAT (id_restaurant, id_angajator, job_cod, nume, data_angajare) VALUES (3, 22, 'BUCATAR', 'Epure Lucian', TO_DATE('2020-01-01', 'YYYY-MM-DD'));
INSERT INTO BUCATAR (id_angajat, data_antrenament_de_siguranta) VALUES (31, TO_DATE('2020-01-01', 'YYYY-MM-DD'));
INSERT INTO ANGAJAT (id_restaurant, id_angajator, job_cod, nume, data_angajare) VALUES (3, 22, 'BUCATAR', 'Nicola Gheorghe', TO_DATE('2020-01-01', 'YYYY-MM-DD'));
INSERT INTO BUCATAR (id_angajat, data_antrenament_de_siguranta) VALUES (32, TO_DATE('2020-01-01', 'YYYY-MM-DD'));
INSERT INTO ANGAJAT (id_restaurant, id_angajator, job_cod, nume, data_angajare) VALUES (3, 22, 'BUCATAR', 'Costea Diana', TO_DATE('2020-01-01', 'YYYY-MM-DD'));
INSERT INTO BUCATAR (id_angajat, data_antrenament_de_siguranta) VALUES (33, TO_DATE('2020-01-01', 'YYYY-MM-DD'));
INSERT INTO ANGAJAT (id_restaurant, id_angajator, job_cod, nume, data_angajare) VALUES (3, 21, 'BUCATAR', 'Dicu Alexandra', TO_DATE('2020-01-01', 'YYYY-MM-DD'));
INSERT INTO BUCATAR (id_angajat, data_antrenament_de_siguranta) VALUES (34, TO_DATE('2020-01-01', 'YYYY-MM-DD'));
INSERT INTO RESTAURANT (id_oras, data_deschidere) VALUES (4, TO_DATE('2020-01-01', 'YYYY-MM-DD'));
INSERT INTO ANGAJAT (id_restaurant, id_angajator, job_cod, nume, data_angajare) VALUES (4, NULL, 'MANAGER', 'Rosca Madalina', TO_DATE('2020-01-01', 'YYYY-MM-DD'));
INSERT INTO MANAGER (id_angajat, autorizat_sa_angajeze) VALUES (35, 0);
INSERT INTO ANGAJAT (id_restaurant, id_angajator, job_cod, nume, data_angajare) VALUES (4, NULL, 'MANAGER', 'Iacob Cristian', TO_DATE('2020-01-01', 'YYYY-MM-DD'));
INSERT INTO MANAGER (id_angajat, autorizat_sa_angajeze) VALUES (36, 1);
INSERT INTO ANGAJAT (id_restaurant, id_angajator, job_cod, nume, data_angajare) VALUES (4, 36, 'MANAGER', 'Negoita Ana', TO_DATE('2020-01-01', 'YYYY-MM-DD'));
INSERT INTO MANAGER (id_angajat, autorizat_sa_angajeze) VALUES (37, 1);
INSERT INTO ANGAJAT (id_restaurant, id_angajator, job_cod, nume, data_angajare) VALUES (4, 37, 'CASIER', 'Marginean Irina', TO_DATE('2020-01-01', 'YYYY-MM-DD'));
INSERT INTO CASIER (id_angajat, nr_casa_de_marcat) VALUES (38, 1);
INSERT INTO ANGAJAT (id_restaurant, id_angajator, job_cod, nume, data_angajare) VALUES (4, 37, 'CASIER', 'Morar Ionel', TO_DATE('2020-01-01', 'YYYY-MM-DD'));
INSERT INTO CASIER (id_angajat, nr_casa_de_marcat) VALUES (39, 2);
INSERT INTO ANGAJAT (id_restaurant, id_angajator, job_cod, nume, data_angajare) VALUES (4, 36, 'CASIER', 'Sabau Ion', TO_DATE('2020-01-01', 'YYYY-MM-DD'));
INSERT INTO CASIER (id_angajat, nr_casa_de_marcat) VALUES (40, NULL);
INSERT INTO ANGAJAT (id_restaurant, id_angajator, job_cod, nume, data_angajare) VALUES (4, 37, 'CASIER', 'Muresan Oana', TO_DATE('2020-01-01', 'YYYY-MM-DD'));
INSERT INTO CASIER (id_angajat, nr_casa_de_marcat) VALUES (41, NULL);
INSERT INTO ANGAJAT (id_restaurant, id_angajator, job_cod, nume, data_angajare) VALUES (4, 36, 'CASIER', 'Stanescu Laura', TO_DATE('2020-01-01', 'YYYY-MM-DD'));
INSERT INTO CASIER (id_angajat, nr_casa_de_marcat) VALUES (42, NULL);
INSERT INTO ANGAJAT (id_restaurant, id_angajator, job_cod, nume, data_angajare) VALUES (4, 36, 'CASIER', 'Patrascu Madalina', TO_DATE('2020-01-01', 'YYYY-MM-DD'));
INSERT INTO CASIER (id_angajat, nr_casa_de_marcat) VALUES (43, 3);
INSERT INTO ANGAJAT (id_restaurant, id_angajator, job_cod, nume, data_angajare) VALUES (4, 37, 'BUCATAR', 'Epure Camelia', TO_DATE('2020-01-01', 'YYYY-MM-DD'));
INSERT INTO BUCATAR (id_angajat, data_antrenament_de_siguranta) VALUES (44, TO_DATE('2020-01-01', 'YYYY-MM-DD'));
INSERT INTO ANGAJAT (id_restaurant, id_angajator, job_cod, nume, data_angajare) VALUES (4, 37, 'BUCATAR', 'Ciobotaru Anca', TO_DATE('2020-01-01', 'YYYY-MM-DD'));
INSERT INTO BUCATAR (id_angajat, data_antrenament_de_siguranta) VALUES (45, NULL);
INSERT INTO ANGAJAT (id_restaurant, id_angajator, job_cod, nume, data_angajare) VALUES (4, 36, 'BUCATAR', 'Pirvu Radu', TO_DATE('2020-01-01', 'YYYY-MM-DD'));
INSERT INTO BUCATAR (id_angajat, data_antrenament_de_siguranta) VALUES (46, TO_DATE('2020-01-01', 'YYYY-MM-DD'));
INSERT INTO ANGAJAT (id_restaurant, id_angajator, job_cod, nume, data_angajare) VALUES (4, 36, 'BUCATAR', 'Solomon Anamaria', TO_DATE('2020-01-01', 'YYYY-MM-DD'));
INSERT INTO BUCATAR (id_angajat, data_antrenament_de_siguranta) VALUES (47, NULL);
INSERT INTO ANGAJAT (id_restaurant, id_angajator, job_cod, nume, data_angajare) VALUES (4, 36, 'BUCATAR', 'Trifan Andrei', TO_DATE('2020-01-01', 'YYYY-MM-DD'));
INSERT INTO BUCATAR (id_angajat, data_antrenament_de_siguranta) VALUES (48, TO_DATE('2020-01-01', 'YYYY-MM-DD'));
INSERT INTO ANGAJAT (id_restaurant, id_angajator, job_cod, nume, data_angajare) VALUES (4, 37, 'BUCATAR', 'Petre Adriana', TO_DATE('2020-01-01', 'YYYY-MM-DD'));
INSERT INTO BUCATAR (id_angajat, data_antrenament_de_siguranta) VALUES (49, TO_DATE('2020-01-01', 'YYYY-MM-DD'));
INSERT INTO RESTAURANT (id_oras, data_deschidere) VALUES (3, TO_DATE('2020-01-01', 'YYYY-MM-DD'));
INSERT INTO ANGAJAT (id_restaurant, id_angajator, job_cod, nume, data_angajare) VALUES (5, NULL, 'MANAGER', 'Oltean Laurentiu', TO_DATE('2020-01-01', 'YYYY-MM-DD'));
INSERT INTO MANAGER (id_angajat, autorizat_sa_angajeze) VALUES (50, 1);
INSERT INTO ANGAJAT (id_restaurant, id_angajator, job_cod, nume, data_angajare) VALUES (5, 50, 'MANAGER', 'Mitroi Radu', TO_DATE('2020-01-01', 'YYYY-MM-DD'));
INSERT INTO MANAGER (id_angajat, autorizat_sa_angajeze) VALUES (51, 1);
INSERT INTO ANGAJAT (id_restaurant, id_angajator, job_cod, nume, data_angajare) VALUES (5, 51, 'MANAGER', 'Ene Dragos', TO_DATE('2020-01-01', 'YYYY-MM-DD'));
INSERT INTO MANAGER (id_angajat, autorizat_sa_angajeze) VALUES (52, 1);
INSERT INTO ANGAJAT (id_restaurant, id_angajator, job_cod, nume, data_angajare) VALUES (5, 50, 'CASIER', 'Costea Camelia', TO_DATE('2020-01-01', 'YYYY-MM-DD'));
INSERT INTO CASIER (id_angajat, nr_casa_de_marcat) VALUES (53, NULL);
INSERT INTO ANGAJAT (id_restaurant, id_angajator, job_cod, nume, data_angajare) VALUES (5, 51, 'CASIER', 'Georgescu Robert', TO_DATE('2020-01-01', 'YYYY-MM-DD'));
INSERT INTO CASIER (id_angajat, nr_casa_de_marcat) VALUES (54, 1);
INSERT INTO ANGAJAT (id_restaurant, id_angajator, job_cod, nume, data_angajare) VALUES (5, 50, 'CASIER', 'Olariu Razvan', TO_DATE('2020-01-01', 'YYYY-MM-DD'));
INSERT INTO CASIER (id_angajat, nr_casa_de_marcat) VALUES (55, NULL);
INSERT INTO ANGAJAT (id_restaurant, id_angajator, job_cod, nume, data_angajare) VALUES (5, 50, 'BUCATAR', 'Miu Cristian', TO_DATE('2020-01-01', 'YYYY-MM-DD'));
INSERT INTO BUCATAR (id_angajat, data_antrenament_de_siguranta) VALUES (56, NULL);
INSERT INTO ANGAJAT (id_restaurant, id_angajator, job_cod, nume, data_angajare) VALUES (5, 51, 'BUCATAR', 'Rosu Ramona', TO_DATE('2020-01-01', 'YYYY-MM-DD'));
INSERT INTO BUCATAR (id_angajat, data_antrenament_de_siguranta) VALUES (57, NULL);
INSERT INTO ANGAJAT (id_restaurant, id_angajator, job_cod, nume, data_angajare) VALUES (5, 50, 'BUCATAR', 'Banu Valentin', TO_DATE('2020-01-01', 'YYYY-MM-DD'));
INSERT INTO BUCATAR (id_angajat, data_antrenament_de_siguranta) VALUES (58, NULL);
INSERT INTO ANGAJAT (id_restaurant, id_angajator, job_cod, nume, data_angajare) VALUES (5, 50, 'BUCATAR', 'Epure Vlad', TO_DATE('2020-01-01', 'YYYY-MM-DD'));
INSERT INTO BUCATAR (id_angajat, data_antrenament_de_siguranta) VALUES (59, NULL);
INSERT INTO ANGAJAT (id_restaurant, id_angajator, job_cod, nume, data_angajare) VALUES (5, 50, 'BUCATAR', 'Martin Ioan', TO_DATE('2020-01-01', 'YYYY-MM-DD'));
INSERT INTO BUCATAR (id_angajat, data_antrenament_de_siguranta) VALUES (60, NULL);
INSERT INTO ANGAJAT (id_restaurant, id_angajator, job_cod, nume, data_angajare) VALUES (5, 51, 'BUCATAR', 'Puiu Andreea', TO_DATE('2020-01-01', 'YYYY-MM-DD'));
INSERT INTO BUCATAR (id_angajat, data_antrenament_de_siguranta) VALUES (61, NULL);
INSERT INTO RESTAURANT (id_oras, data_deschidere) VALUES (4, TO_DATE('2020-01-01', 'YYYY-MM-DD'));
INSERT INTO ANGAJAT (id_restaurant, id_angajator, job_cod, nume, data_angajare) VALUES (6, NULL, 'MANAGER', 'Stanescu Georgeta', TO_DATE('2020-01-01', 'YYYY-MM-DD'));
INSERT INTO MANAGER (id_angajat, autorizat_sa_angajeze) VALUES (62, 0);
INSERT INTO ANGAJAT (id_restaurant, id_angajator, job_cod, nume, data_angajare) VALUES (6, NULL, 'MANAGER', 'Nica Silviu', TO_DATE('2020-01-01', 'YYYY-MM-DD'));
INSERT INTO MANAGER (id_angajat, autorizat_sa_angajeze) VALUES (63, 1);
INSERT INTO ANGAJAT (id_restaurant, id_angajator, job_cod, nume, data_angajare) VALUES (6, 63, 'CASIER', 'Marcu Dan', TO_DATE('2020-01-01', 'YYYY-MM-DD'));
INSERT INTO CASIER (id_angajat, nr_casa_de_marcat) VALUES (64, 1);
INSERT INTO ANGAJAT (id_restaurant, id_angajator, job_cod, nume, data_angajare) VALUES (6, 63, 'CASIER', 'Dumitriu Claudia', TO_DATE('2020-01-01', 'YYYY-MM-DD'));
INSERT INTO CASIER (id_angajat, nr_casa_de_marcat) VALUES (65, NULL);
INSERT INTO ANGAJAT (id_restaurant, id_angajator, job_cod, nume, data_angajare) VALUES (6, 63, 'BUCATAR', 'Bunea Anamaria', TO_DATE('2020-01-01', 'YYYY-MM-DD'));
INSERT INTO BUCATAR (id_angajat, data_antrenament_de_siguranta) VALUES (66, TO_DATE('2020-01-01', 'YYYY-MM-DD'));
INSERT INTO ANGAJAT (id_restaurant, id_angajator, job_cod, nume, data_angajare) VALUES (6, 63, 'BUCATAR', 'Tudor Alexandra', TO_DATE('2020-01-01', 'YYYY-MM-DD'));
INSERT INTO BUCATAR (id_angajat, data_antrenament_de_siguranta) VALUES (67, TO_DATE('2020-01-01', 'YYYY-MM-DD'));
INSERT INTO ANGAJAT (id_restaurant, id_angajator, job_cod, nume, data_angajare) VALUES (6, 63, 'BUCATAR', 'Vaduva Laurentiu', TO_DATE('2020-01-01', 'YYYY-MM-DD'));
INSERT INTO BUCATAR (id_angajat, data_antrenament_de_siguranta) VALUES (68, TO_DATE('2020-01-01', 'YYYY-MM-DD'));
INSERT INTO RESTAURANT (id_oras, data_deschidere) VALUES (1, TO_DATE('2020-01-01', 'YYYY-MM-DD'));
INSERT INTO ANGAJAT (id_restaurant, id_angajator, job_cod, nume, data_angajare) VALUES (7, NULL, 'MANAGER', 'Catana Costel', TO_DATE('2020-01-01', 'YYYY-MM-DD'));
INSERT INTO MANAGER (id_angajat, autorizat_sa_angajeze) VALUES (69, 1);
INSERT INTO ANGAJAT (id_restaurant, id_angajator, job_cod, nume, data_angajare) VALUES (7, 69, 'MANAGER', 'Pana Viorel', TO_DATE('2020-01-01', 'YYYY-MM-DD'));
INSERT INTO MANAGER (id_angajat, autorizat_sa_angajeze) VALUES (70, 0);
INSERT INTO ANGAJAT (id_restaurant, id_angajator, job_cod, nume, data_angajare) VALUES (7, 69, 'CASIER', 'Bunea Laura', TO_DATE('2020-01-01', 'YYYY-MM-DD'));
INSERT INTO CASIER (id_angajat, nr_casa_de_marcat) VALUES (71, NULL);
INSERT INTO ANGAJAT (id_restaurant, id_angajator, job_cod, nume, data_angajare) VALUES (7, 69, 'BUCATAR', 'Ardeleanu Diana', TO_DATE('2020-01-01', 'YYYY-MM-DD'));
INSERT INTO BUCATAR (id_angajat, data_antrenament_de_siguranta) VALUES (72, NULL);
INSERT INTO ANGAJAT (id_restaurant, id_angajator, job_cod, nume, data_angajare) VALUES (7, 69, 'BUCATAR', 'Ciobanu George', TO_DATE('2020-01-01', 'YYYY-MM-DD'));
INSERT INTO BUCATAR (id_angajat, data_antrenament_de_siguranta) VALUES (73, TO_DATE('2020-01-01', 'YYYY-MM-DD'));
INSERT INTO ANGAJAT (id_restaurant, id_angajator, job_cod, nume, data_angajare) VALUES (7, 69, 'BUCATAR', 'Muresan Dumitru', TO_DATE('2020-01-01', 'YYYY-MM-DD'));
INSERT INTO BUCATAR (id_angajat, data_antrenament_de_siguranta) VALUES (74, NULL);
INSERT INTO RESTAURANT (id_oras, data_deschidere) VALUES (3, TO_DATE('2020-01-01', 'YYYY-MM-DD'));
INSERT INTO ANGAJAT (id_restaurant, id_angajator, job_cod, nume, data_angajare) VALUES (8, NULL, 'MANAGER', 'Ardeleanu Dan', TO_DATE('2020-01-01', 'YYYY-MM-DD'));
INSERT INTO MANAGER (id_angajat, autorizat_sa_angajeze) VALUES (75, 1);
INSERT INTO ANGAJAT (id_restaurant, id_angajator, job_cod, nume, data_angajare) VALUES (8, 75, 'MANAGER', 'Stanescu Razvan', TO_DATE('2020-01-01', 'YYYY-MM-DD'));
INSERT INTO MANAGER (id_angajat, autorizat_sa_angajeze) VALUES (76, 0);
INSERT INTO ANGAJAT (id_restaurant, id_angajator, job_cod, nume, data_angajare) VALUES (8, 75, 'MANAGER', 'Baciu Laura', TO_DATE('2020-01-01', 'YYYY-MM-DD'));
INSERT INTO MANAGER (id_angajat, autorizat_sa_angajeze) VALUES (77, 1);
INSERT INTO ANGAJAT (id_restaurant, id_angajator, job_cod, nume, data_angajare) VALUES (8, 77, 'CASIER', 'Teodorescu Alina', TO_DATE('2020-01-01', 'YYYY-MM-DD'));
INSERT INTO CASIER (id_angajat, nr_casa_de_marcat) VALUES (78, 1);
INSERT INTO ANGAJAT (id_restaurant, id_angajator, job_cod, nume, data_angajare) VALUES (8, 75, 'CASIER', 'Mitu Ovidiu', TO_DATE('2020-01-01', 'YYYY-MM-DD'));
INSERT INTO CASIER (id_angajat, nr_casa_de_marcat) VALUES (79, 2);
INSERT INTO ANGAJAT (id_restaurant, id_angajator, job_cod, nume, data_angajare) VALUES (8, 75, 'CASIER', 'Croitoru Robert', TO_DATE('2020-01-01', 'YYYY-MM-DD'));
INSERT INTO CASIER (id_angajat, nr_casa_de_marcat) VALUES (80, NULL);
INSERT INTO ANGAJAT (id_restaurant, id_angajator, job_cod, nume, data_angajare) VALUES (8, 75, 'CASIER', 'Buta Daniela', TO_DATE('2020-01-01', 'YYYY-MM-DD'));
INSERT INTO CASIER (id_angajat, nr_casa_de_marcat) VALUES (81, 3);
INSERT INTO ANGAJAT (id_restaurant, id_angajator, job_cod, nume, data_angajare) VALUES (8, 75, 'CASIER', 'Diaconescu Nicolae', TO_DATE('2020-01-01', 'YYYY-MM-DD'));
INSERT INTO CASIER (id_angajat, nr_casa_de_marcat) VALUES (82, 4);
INSERT INTO ANGAJAT (id_restaurant, id_angajator, job_cod, nume, data_angajare) VALUES (8, 75, 'CASIER', 'Alecu Alina Maria', TO_DATE('2020-01-01', 'YYYY-MM-DD'));
INSERT INTO CASIER (id_angajat, nr_casa_de_marcat) VALUES (83, NULL);
INSERT INTO ANGAJAT (id_restaurant, id_angajator, job_cod, nume, data_angajare) VALUES (8, 75, 'BUCATAR', 'Iliescu Vasile', TO_DATE('2020-01-01', 'YYYY-MM-DD'));
INSERT INTO BUCATAR (id_angajat, data_antrenament_de_siguranta) VALUES (84, NULL);
INSERT INTO ANGAJAT (id_restaurant, id_angajator, job_cod, nume, data_angajare) VALUES (8, 77, 'BUCATAR', 'Nedelcu Ionela', TO_DATE('2020-01-01', 'YYYY-MM-DD'));
INSERT INTO BUCATAR (id_angajat, data_antrenament_de_siguranta) VALUES (85, NULL);
INSERT INTO ANGAJAT (id_restaurant, id_angajator, job_cod, nume, data_angajare) VALUES (8, 75, 'BUCATAR', 'Dumitrache Dumitru', TO_DATE('2020-01-01', 'YYYY-MM-DD'));
INSERT INTO BUCATAR (id_angajat, data_antrenament_de_siguranta) VALUES (86, NULL);
INSERT INTO RESTAURANT (id_oras, data_deschidere) VALUES (3, TO_DATE('2020-01-01', 'YYYY-MM-DD'));
INSERT INTO ANGAJAT (id_restaurant, id_angajator, job_cod, nume, data_angajare) VALUES (9, NULL, 'MANAGER', 'Tomescu Alina Elena', TO_DATE('2020-01-01', 'YYYY-MM-DD'));
INSERT INTO MANAGER (id_angajat, autorizat_sa_angajeze) VALUES (87, 1);
INSERT INTO ANGAJAT (id_restaurant, id_angajator, job_cod, nume, data_angajare) VALUES (9, 87, 'MANAGER', 'Ursu Maria Cristina', TO_DATE('2020-01-01', 'YYYY-MM-DD'));
INSERT INTO MANAGER (id_angajat, autorizat_sa_angajeze) VALUES (88, 0);
INSERT INTO ANGAJAT (id_restaurant, id_angajator, job_cod, nume, data_angajare) VALUES (9, 87, 'MANAGER', 'Savu Claudiu', TO_DATE('2020-01-01', 'YYYY-MM-DD'));
INSERT INTO MANAGER (id_angajat, autorizat_sa_angajeze) VALUES (89, 1);
INSERT INTO ANGAJAT (id_restaurant, id_angajator, job_cod, nume, data_angajare) VALUES (9, 89, 'CASIER', 'Grosu Catalina', TO_DATE('2020-01-01', 'YYYY-MM-DD'));
INSERT INTO CASIER (id_angajat, nr_casa_de_marcat) VALUES (90, NULL);
INSERT INTO ANGAJAT (id_restaurant, id_angajator, job_cod, nume, data_angajare) VALUES (9, 89, 'CASIER', 'Macovei Valentina', TO_DATE('2020-01-01', 'YYYY-MM-DD'));
INSERT INTO CASIER (id_angajat, nr_casa_de_marcat) VALUES (91, 1);
INSERT INTO ANGAJAT (id_restaurant, id_angajator, job_cod, nume, data_angajare) VALUES (9, 89, 'CASIER', 'Avram Sorin', TO_DATE('2020-01-01', 'YYYY-MM-DD'));
INSERT INTO CASIER (id_angajat, nr_casa_de_marcat) VALUES (92, 2);
INSERT INTO ANGAJAT (id_restaurant, id_angajator, job_cod, nume, data_angajare) VALUES (9, 87, 'CASIER', 'Diaconescu Andrei', TO_DATE('2020-01-01', 'YYYY-MM-DD'));
INSERT INTO CASIER (id_angajat, nr_casa_de_marcat) VALUES (93, NULL);
INSERT INTO ANGAJAT (id_restaurant, id_angajator, job_cod, nume, data_angajare) VALUES (9, 89, 'BUCATAR', 'Florea George', TO_DATE('2020-01-01', 'YYYY-MM-DD'));
INSERT INTO BUCATAR (id_angajat, data_antrenament_de_siguranta) VALUES (94, TO_DATE('2020-01-01', 'YYYY-MM-DD'));
INSERT INTO ANGAJAT (id_restaurant, id_angajator, job_cod, nume, data_angajare) VALUES (9, 89, 'BUCATAR', 'Lungu Mariana', TO_DATE('2020-01-01', 'YYYY-MM-DD'));
INSERT INTO BUCATAR (id_angajat, data_antrenament_de_siguranta) VALUES (95, TO_DATE('2020-01-01', 'YYYY-MM-DD'));
INSERT INTO ANGAJAT (id_restaurant, id_angajator, job_cod, nume, data_angajare) VALUES (9, 89, 'BUCATAR', 'Gheorghe Diana', TO_DATE('2020-01-01', 'YYYY-MM-DD'));
INSERT INTO BUCATAR (id_angajat, data_antrenament_de_siguranta) VALUES (96, NULL);
INSERT INTO ANGAJAT (id_restaurant, id_angajator, job_cod, nume, data_angajare) VALUES (9, 87, 'BUCATAR', 'Pasca Ioan', TO_DATE('2020-01-01', 'YYYY-MM-DD'));
INSERT INTO BUCATAR (id_angajat, data_antrenament_de_siguranta) VALUES (97, NULL);
INSERT INTO ANGAJAT (id_restaurant, id_angajator, job_cod, nume, data_angajare) VALUES (9, 89, 'BUCATAR', 'Stroe Ionel', TO_DATE('2020-01-01', 'YYYY-MM-DD'));
INSERT INTO BUCATAR (id_angajat, data_antrenament_de_siguranta) VALUES (98, NULL);
INSERT INTO RESTAURANT (id_oras, data_deschidere) VALUES (2, TO_DATE('2020-01-01', 'YYYY-MM-DD'));
INSERT INTO ANGAJAT (id_restaurant, id_angajator, job_cod, nume, data_angajare) VALUES (10, NULL, 'MANAGER', 'Onofrei Alexandru', TO_DATE('2020-01-01', 'YYYY-MM-DD'));
INSERT INTO MANAGER (id_angajat, autorizat_sa_angajeze) VALUES (99, 1);
INSERT INTO ANGAJAT (id_restaurant, id_angajator, job_cod, nume, data_angajare) VALUES (10, 99, 'MANAGER', 'Moise Raluca', TO_DATE('2020-01-01', 'YYYY-MM-DD'));
INSERT INTO MANAGER (id_angajat, autorizat_sa_angajeze) VALUES (100, 1);
INSERT INTO ANGAJAT (id_restaurant, id_angajator, job_cod, nume, data_angajare) VALUES (10, 100, 'CASIER', 'Musat Oana', TO_DATE('2020-01-01', 'YYYY-MM-DD'));
INSERT INTO CASIER (id_angajat, nr_casa_de_marcat) VALUES (101, 1);
INSERT INTO ANGAJAT (id_restaurant, id_angajator, job_cod, nume, data_angajare) VALUES (10, 100, 'CASIER', 'Vlad Constantin', TO_DATE('2020-01-01', 'YYYY-MM-DD'));
INSERT INTO CASIER (id_angajat, nr_casa_de_marcat) VALUES (102, NULL);
INSERT INTO ANGAJAT (id_restaurant, id_angajator, job_cod, nume, data_angajare) VALUES (10, 99, 'CASIER', 'Sandu Andrei', TO_DATE('2020-01-01', 'YYYY-MM-DD'));
INSERT INTO CASIER (id_angajat, nr_casa_de_marcat) VALUES (103, NULL);
INSERT INTO ANGAJAT (id_restaurant, id_angajator, job_cod, nume, data_angajare) VALUES (10, 100, 'CASIER', 'Ursu Monica', TO_DATE('2020-01-01', 'YYYY-MM-DD'));
INSERT INTO CASIER (id_angajat, nr_casa_de_marcat) VALUES (104, NULL);
INSERT INTO ANGAJAT (id_restaurant, id_angajator, job_cod, nume, data_angajare) VALUES (10, 100, 'CASIER', 'Stoica Claudiu', TO_DATE('2020-01-01', 'YYYY-MM-DD'));
INSERT INTO CASIER (id_angajat, nr_casa_de_marcat) VALUES (105, NULL);
INSERT INTO ANGAJAT (id_restaurant, id_angajator, job_cod, nume, data_angajare) VALUES (10, 100, 'CASIER', 'Deaconu Irina', TO_DATE('2020-01-01', 'YYYY-MM-DD'));
INSERT INTO CASIER (id_angajat, nr_casa_de_marcat) VALUES (106, 2);
INSERT INTO ANGAJAT (id_restaurant, id_angajator, job_cod, nume, data_angajare) VALUES (10, 100, 'BUCATAR', 'Luca Mihaela', TO_DATE('2020-01-01', 'YYYY-MM-DD'));
INSERT INTO BUCATAR (id_angajat, data_antrenament_de_siguranta) VALUES (107, NULL);
INSERT INTO ANGAJAT (id_restaurant, id_angajator, job_cod, nume, data_angajare) VALUES (10, 99, 'BUCATAR', 'Ifrim Raluca', TO_DATE('2020-01-01', 'YYYY-MM-DD'));
INSERT INTO BUCATAR (id_angajat, data_antrenament_de_siguranta) VALUES (108, NULL);
INSERT INTO ANGAJAT (id_restaurant, id_angajator, job_cod, nume, data_angajare) VALUES (10, 100, 'BUCATAR', 'Ciocan Claudia', TO_DATE('2020-01-01', 'YYYY-MM-DD'));
INSERT INTO BUCATAR (id_angajat, data_antrenament_de_siguranta) VALUES (109, TO_DATE('2020-01-01', 'YYYY-MM-DD'));
INSERT INTO ANGAJAT (id_restaurant, id_angajator, job_cod, nume, data_angajare) VALUES (10, 100, 'BUCATAR', 'Irimia Paul', TO_DATE('2020-01-01', 'YYYY-MM-DD'));
INSERT INTO BUCATAR (id_angajat, data_antrenament_de_siguranta) VALUES (110, NULL);
INSERT INTO RESTAURANT (id_oras, data_deschidere) VALUES (3, TO_DATE('2020-01-01', 'YYYY-MM-DD'));
INSERT INTO ANGAJAT (id_restaurant, id_angajator, job_cod, nume, data_angajare) VALUES (11, NULL, 'MANAGER', 'Dumitru Laurentiu', TO_DATE('2020-01-01', 'YYYY-MM-DD'));
INSERT INTO MANAGER (id_angajat, autorizat_sa_angajeze) VALUES (111, 0);
INSERT INTO ANGAJAT (id_restaurant, id_angajator, job_cod, nume, data_angajare) VALUES (11, NULL, 'MANAGER', 'Matei Mihaela', TO_DATE('2020-01-01', 'YYYY-MM-DD'));
INSERT INTO MANAGER (id_angajat, autorizat_sa_angajeze) VALUES (112, 0);
INSERT INTO ANGAJAT (id_restaurant, id_angajator, job_cod, nume, data_angajare) VALUES (11, NULL, 'MANAGER', 'Costache Anca', TO_DATE('2020-01-01', 'YYYY-MM-DD'));
INSERT INTO MANAGER (id_angajat, autorizat_sa_angajeze) VALUES (113, 1);
INSERT INTO ANGAJAT (id_restaurant, id_angajator, job_cod, nume, data_angajare) VALUES (11, 113, 'CASIER', 'Cosma Irina', TO_DATE('2020-01-01', 'YYYY-MM-DD'));
INSERT INTO CASIER (id_angajat, nr_casa_de_marcat) VALUES (114, NULL);
INSERT INTO ANGAJAT (id_restaurant, id_angajator, job_cod, nume, data_angajare) VALUES (11, 113, 'CASIER', 'Manea Paul', TO_DATE('2020-01-01', 'YYYY-MM-DD'));
INSERT INTO CASIER (id_angajat, nr_casa_de_marcat) VALUES (115, NULL);
INSERT INTO ANGAJAT (id_restaurant, id_angajator, job_cod, nume, data_angajare) VALUES (11, 113, 'CASIER', 'Gheorghe Claudiu', TO_DATE('2020-01-01', 'YYYY-MM-DD'));
INSERT INTO CASIER (id_angajat, nr_casa_de_marcat) VALUES (116, 1);
INSERT INTO ANGAJAT (id_restaurant, id_angajator, job_cod, nume, data_angajare) VALUES (11, 113, 'CASIER', 'Georgescu Madalina', TO_DATE('2020-01-01', 'YYYY-MM-DD'));
INSERT INTO CASIER (id_angajat, nr_casa_de_marcat) VALUES (117, NULL);
INSERT INTO ANGAJAT (id_restaurant, id_angajator, job_cod, nume, data_angajare) VALUES (11, 113, 'BUCATAR', 'Rosu Laura', TO_DATE('2020-01-01', 'YYYY-MM-DD'));
INSERT INTO BUCATAR (id_angajat, data_antrenament_de_siguranta) VALUES (118, TO_DATE('2020-01-01', 'YYYY-MM-DD'));
INSERT INTO ANGAJAT (id_restaurant, id_angajator, job_cod, nume, data_angajare) VALUES (11, 113, 'BUCATAR', 'Buta Andreea Elena', TO_DATE('2020-01-01', 'YYYY-MM-DD'));
INSERT INTO BUCATAR (id_angajat, data_antrenament_de_siguranta) VALUES (119, TO_DATE('2020-01-01', 'YYYY-MM-DD'));
INSERT INTO ANGAJAT (id_restaurant, id_angajator, job_cod, nume, data_angajare) VALUES (11, 113, 'BUCATAR', 'Dinu Loredana', TO_DATE('2020-01-01', 'YYYY-MM-DD'));
INSERT INTO BUCATAR (id_angajat, data_antrenament_de_siguranta) VALUES (120, TO_DATE('2020-01-01', 'YYYY-MM-DD'));
INSERT INTO ANGAJAT (id_restaurant, id_angajator, job_cod, nume, data_angajare) VALUES (11, 113, 'BUCATAR', 'Ciobotaru Cristina', TO_DATE('2020-01-01', 'YYYY-MM-DD'));
INSERT INTO BUCATAR (id_angajat, data_antrenament_de_siguranta) VALUES (121, NULL);
INSERT INTO RESTAURANT (id_oras, data_deschidere) VALUES (4, TO_DATE('2020-01-01', 'YYYY-MM-DD'));
INSERT INTO ANGAJAT (id_restaurant, id_angajator, job_cod, nume, data_angajare) VALUES (12, NULL, 'MANAGER', 'Tudorache Marius', TO_DATE('2020-01-01', 'YYYY-MM-DD'));
INSERT INTO MANAGER (id_angajat, autorizat_sa_angajeze) VALUES (122, 0);
INSERT INTO ANGAJAT (id_restaurant, id_angajator, job_cod, nume, data_angajare) VALUES (12, NULL, 'MANAGER', 'Tamas Razvan', TO_DATE('2020-01-01', 'YYYY-MM-DD'));
INSERT INTO MANAGER (id_angajat, autorizat_sa_angajeze) VALUES (123, 0);
INSERT INTO ANGAJAT (id_restaurant, id_angajator, job_cod, nume, data_angajare) VALUES (12, NULL, 'MANAGER', 'Stefan Alexandru', TO_DATE('2020-01-01', 'YYYY-MM-DD'));
INSERT INTO MANAGER (id_angajat, autorizat_sa_angajeze) VALUES (124, 1);
INSERT INTO ANGAJAT (id_restaurant, id_angajator, job_cod, nume, data_angajare) VALUES (12, 124, 'CASIER', 'Filip Cristian', TO_DATE('2020-01-01', 'YYYY-MM-DD'));
INSERT INTO CASIER (id_angajat, nr_casa_de_marcat) VALUES (125, 1);
INSERT INTO ANGAJAT (id_restaurant, id_angajator, job_cod, nume, data_angajare) VALUES (12, 124, 'CASIER', 'Nicola Andreea', TO_DATE('2020-01-01', 'YYYY-MM-DD'));
INSERT INTO CASIER (id_angajat, nr_casa_de_marcat) VALUES (126, 2);
INSERT INTO ANGAJAT (id_restaurant, id_angajator, job_cod, nume, data_angajare) VALUES (12, 124, 'CASIER', 'Cojocaru Paul', TO_DATE('2020-01-01', 'YYYY-MM-DD'));
INSERT INTO CASIER (id_angajat, nr_casa_de_marcat) VALUES (127, 3);
INSERT INTO ANGAJAT (id_restaurant, id_angajator, job_cod, nume, data_angajare) VALUES (12, 124, 'CASIER', 'Moldovan Gabriel', TO_DATE('2020-01-01', 'YYYY-MM-DD'));
INSERT INTO CASIER (id_angajat, nr_casa_de_marcat) VALUES (128, 4);
INSERT INTO ANGAJAT (id_restaurant, id_angajator, job_cod, nume, data_angajare) VALUES (12, 124, 'CASIER', 'Moldovan Claudiu', TO_DATE('2020-01-01', 'YYYY-MM-DD'));
INSERT INTO CASIER (id_angajat, nr_casa_de_marcat) VALUES (129, 5);
INSERT INTO ANGAJAT (id_restaurant, id_angajator, job_cod, nume, data_angajare) VALUES (12, 124, 'BUCATAR', 'Neagoe Ionel', TO_DATE('2020-01-01', 'YYYY-MM-DD'));
INSERT INTO BUCATAR (id_angajat, data_antrenament_de_siguranta) VALUES (130, TO_DATE('2020-01-01', 'YYYY-MM-DD'));
INSERT INTO ANGAJAT (id_restaurant, id_angajator, job_cod, nume, data_angajare) VALUES (12, 124, 'BUCATAR', 'Buzatu Maria', TO_DATE('2020-01-01', 'YYYY-MM-DD'));
INSERT INTO BUCATAR (id_angajat, data_antrenament_de_siguranta) VALUES (131, TO_DATE('2020-01-01', 'YYYY-MM-DD'));
INSERT INTO ANGAJAT (id_restaurant, id_angajator, job_cod, nume, data_angajare) VALUES (12, 124, 'BUCATAR', 'Duma Nicoleta', TO_DATE('2020-01-01', 'YYYY-MM-DD'));
INSERT INTO BUCATAR (id_angajat, data_antrenament_de_siguranta) VALUES (132, TO_DATE('2020-01-01', 'YYYY-MM-DD'));
INSERT INTO RESTAURANT (id_oras, data_deschidere) VALUES (4, TO_DATE('2020-01-01', 'YYYY-MM-DD'));
INSERT INTO ANGAJAT (id_restaurant, id_angajator, job_cod, nume, data_angajare) VALUES (13, NULL, 'MANAGER', 'Buzatu Ciprian', TO_DATE('2020-01-01', 'YYYY-MM-DD'));
INSERT INTO MANAGER (id_angajat, autorizat_sa_angajeze) VALUES (133, 0);
INSERT INTO ANGAJAT (id_restaurant, id_angajator, job_cod, nume, data_angajare) VALUES (13, NULL, 'MANAGER', 'Blaga Radu', TO_DATE('2020-01-01', 'YYYY-MM-DD'));
INSERT INTO MANAGER (id_angajat, autorizat_sa_angajeze) VALUES (134, 1);
INSERT INTO ANGAJAT (id_restaurant, id_angajator, job_cod, nume, data_angajare) VALUES (13, 134, 'MANAGER', 'Craciun Costel', TO_DATE('2020-01-01', 'YYYY-MM-DD'));
INSERT INTO MANAGER (id_angajat, autorizat_sa_angajeze) VALUES (135, 1);
INSERT INTO ANGAJAT (id_restaurant, id_angajator, job_cod, nume, data_angajare) VALUES (13, 135, 'CASIER', 'Stancu Ionut', TO_DATE('2020-01-01', 'YYYY-MM-DD'));
INSERT INTO CASIER (id_angajat, nr_casa_de_marcat) VALUES (136, NULL);
INSERT INTO ANGAJAT (id_restaurant, id_angajator, job_cod, nume, data_angajare) VALUES (13, 134, 'CASIER', 'Toma Madalina', TO_DATE('2020-01-01', 'YYYY-MM-DD'));
INSERT INTO CASIER (id_angajat, nr_casa_de_marcat) VALUES (137, NULL);
INSERT INTO ANGAJAT (id_restaurant, id_angajator, job_cod, nume, data_angajare) VALUES (13, 134, 'CASIER', 'Milea Ionela', TO_DATE('2020-01-01', 'YYYY-MM-DD'));
INSERT INTO CASIER (id_angajat, nr_casa_de_marcat) VALUES (138, 1);
INSERT INTO ANGAJAT (id_restaurant, id_angajator, job_cod, nume, data_angajare) VALUES (13, 135, 'CASIER', 'Marton Ciprian', TO_DATE('2020-01-01', 'YYYY-MM-DD'));
INSERT INTO CASIER (id_angajat, nr_casa_de_marcat) VALUES (139, 2);
INSERT INTO ANGAJAT (id_restaurant, id_angajator, job_cod, nume, data_angajare) VALUES (13, 135, 'CASIER', 'Robu Camelia', TO_DATE('2020-01-01', 'YYYY-MM-DD'));
INSERT INTO CASIER (id_angajat, nr_casa_de_marcat) VALUES (140, 3);
INSERT INTO ANGAJAT (id_restaurant, id_angajator, job_cod, nume, data_angajare) VALUES (13, 135, 'BUCATAR', 'Marinescu Vlad', TO_DATE('2020-01-01', 'YYYY-MM-DD'));
INSERT INTO BUCATAR (id_angajat, data_antrenament_de_siguranta) VALUES (141, TO_DATE('2020-01-01', 'YYYY-MM-DD'));
INSERT INTO ANGAJAT (id_restaurant, id_angajator, job_cod, nume, data_angajare) VALUES (13, 135, 'BUCATAR', 'Danciu Roxana', TO_DATE('2020-01-01', 'YYYY-MM-DD'));
INSERT INTO BUCATAR (id_angajat, data_antrenament_de_siguranta) VALUES (142, TO_DATE('2020-01-01', 'YYYY-MM-DD'));
INSERT INTO ANGAJAT (id_restaurant, id_angajator, job_cod, nume, data_angajare) VALUES (13, 134, 'BUCATAR', 'Filimon Ionut', TO_DATE('2020-01-01', 'YYYY-MM-DD'));
INSERT INTO BUCATAR (id_angajat, data_antrenament_de_siguranta) VALUES (143, NULL);
INSERT INTO ANGAJAT (id_restaurant, id_angajator, job_cod, nume, data_angajare) VALUES (13, 134, 'BUCATAR', 'Dogaru Loredana', TO_DATE('2020-01-01', 'YYYY-MM-DD'));
INSERT INTO BUCATAR (id_angajat, data_antrenament_de_siguranta) VALUES (144, TO_DATE('2020-01-01', 'YYYY-MM-DD'));
INSERT INTO ANGAJAT (id_restaurant, id_angajator, job_cod, nume, data_angajare) VALUES (13, 134, 'BUCATAR', 'Dragu Vlad', TO_DATE('2020-01-01', 'YYYY-MM-DD'));
INSERT INTO BUCATAR (id_angajat, data_antrenament_de_siguranta) VALUES (145, TO_DATE('2020-01-01', 'YYYY-MM-DD'));
INSERT INTO ANGAJAT (id_restaurant, id_angajator, job_cod, nume, data_angajare) VALUES (13, 134, 'BUCATAR', 'Dobrin Irina', TO_DATE('2020-01-01', 'YYYY-MM-DD'));
INSERT INTO BUCATAR (id_angajat, data_antrenament_de_siguranta) VALUES (146, TO_DATE('2020-01-01', 'YYYY-MM-DD'));
INSERT INTO RESTAURANT (id_oras, data_deschidere) VALUES (4, TO_DATE('2020-01-01', 'YYYY-MM-DD'));
INSERT INTO ANGAJAT (id_restaurant, id_angajator, job_cod, nume, data_angajare) VALUES (14, NULL, 'MANAGER', 'Dogaru Iuliana', TO_DATE('2020-01-01', 'YYYY-MM-DD'));
INSERT INTO MANAGER (id_angajat, autorizat_sa_angajeze) VALUES (147, 1);
INSERT INTO ANGAJAT (id_restaurant, id_angajator, job_cod, nume, data_angajare) VALUES (14, 147, 'MANAGER', 'Popovici Valentin', TO_DATE('2020-01-01', 'YYYY-MM-DD'));
INSERT INTO MANAGER (id_angajat, autorizat_sa_angajeze) VALUES (148, 1);
INSERT INTO ANGAJAT (id_restaurant, id_angajator, job_cod, nume, data_angajare) VALUES (14, 148, 'CASIER', 'Cornea George', TO_DATE('2020-01-01', 'YYYY-MM-DD'));
INSERT INTO CASIER (id_angajat, nr_casa_de_marcat) VALUES (149, 1);
INSERT INTO ANGAJAT (id_restaurant, id_angajator, job_cod, nume, data_angajare) VALUES (14, 147, 'CASIER', 'Kiss Ioan', TO_DATE('2020-01-01', 'YYYY-MM-DD'));
INSERT INTO CASIER (id_angajat, nr_casa_de_marcat) VALUES (150, NULL);
INSERT INTO ANGAJAT (id_restaurant, id_angajator, job_cod, nume, data_angajare) VALUES (14, 148, 'CASIER', 'Jianu Georgiana', TO_DATE('2020-01-01', 'YYYY-MM-DD'));
INSERT INTO CASIER (id_angajat, nr_casa_de_marcat) VALUES (151, NULL);
INSERT INTO ANGAJAT (id_restaurant, id_angajator, job_cod, nume, data_angajare) VALUES (14, 148, 'CASIER', 'Sabau Gabriel', TO_DATE('2020-01-01', 'YYYY-MM-DD'));
INSERT INTO CASIER (id_angajat, nr_casa_de_marcat) VALUES (152, NULL);
INSERT INTO ANGAJAT (id_restaurant, id_angajator, job_cod, nume, data_angajare) VALUES (14, 148, 'CASIER', 'Bunea Ioan', TO_DATE('2020-01-01', 'YYYY-MM-DD'));
INSERT INTO CASIER (id_angajat, nr_casa_de_marcat) VALUES (153, NULL);
INSERT INTO ANGAJAT (id_restaurant, id_angajator, job_cod, nume, data_angajare) VALUES (14, 148, 'BUCATAR', 'Dragan Ion', TO_DATE('2020-01-01', 'YYYY-MM-DD'));
INSERT INTO BUCATAR (id_angajat, data_antrenament_de_siguranta) VALUES (154, NULL);
INSERT INTO ANGAJAT (id_restaurant, id_angajator, job_cod, nume, data_angajare) VALUES (14, 148, 'BUCATAR', 'Covaci Vasile', TO_DATE('2020-01-01', 'YYYY-MM-DD'));
INSERT INTO BUCATAR (id_angajat, data_antrenament_de_siguranta) VALUES (155, NULL);
INSERT INTO ANGAJAT (id_restaurant, id_angajator, job_cod, nume, data_angajare) VALUES (14, 148, 'BUCATAR', 'Pirvu Mihaela', TO_DATE('2020-01-01', 'YYYY-MM-DD'));
INSERT INTO BUCATAR (id_angajat, data_antrenament_de_siguranta) VALUES (156, TO_DATE('2020-01-01', 'YYYY-MM-DD'));
INSERT INTO ANGAJAT (id_restaurant, id_angajator, job_cod, nume, data_angajare) VALUES (14, 147, 'BUCATAR', 'Constantinescu Alin', TO_DATE('2020-01-01', 'YYYY-MM-DD'));
INSERT INTO BUCATAR (id_angajat, data_antrenament_de_siguranta) VALUES (157, TO_DATE('2020-01-01', 'YYYY-MM-DD'));
INSERT INTO ANGAJAT (id_restaurant, id_angajator, job_cod, nume, data_angajare) VALUES (14, 148, 'BUCATAR', 'Iordache Valentin', TO_DATE('2020-01-01', 'YYYY-MM-DD'));
INSERT INTO BUCATAR (id_angajat, data_antrenament_de_siguranta) VALUES (158, NULL);
INSERT INTO ANGAJAT (id_restaurant, id_angajator, job_cod, nume, data_angajare) VALUES (14, 148, 'BUCATAR', 'Stefanescu Anamaria', TO_DATE('2020-01-01', 'YYYY-MM-DD'));
INSERT INTO BUCATAR (id_angajat, data_antrenament_de_siguranta) VALUES (159, NULL);
INSERT INTO RESTAURANT (id_oras, data_deschidere) VALUES (2, TO_DATE('2020-01-01', 'YYYY-MM-DD'));
INSERT INTO ANGAJAT (id_restaurant, id_angajator, job_cod, nume, data_angajare) VALUES (15, NULL, 'MANAGER', 'Achim Nicolae', TO_DATE('2020-01-01', 'YYYY-MM-DD'));
INSERT INTO MANAGER (id_angajat, autorizat_sa_angajeze) VALUES (160, 1);
INSERT INTO ANGAJAT (id_restaurant, id_angajator, job_cod, nume, data_angajare) VALUES (15, 160, 'MANAGER', 'Zamfir Adriana', TO_DATE('2020-01-01', 'YYYY-MM-DD'));
INSERT INTO MANAGER (id_angajat, autorizat_sa_angajeze) VALUES (161, 1);
INSERT INTO ANGAJAT (id_restaurant, id_angajator, job_cod, nume, data_angajare) VALUES (15, 160, 'CASIER', 'Ardeleanu Ionela', TO_DATE('2020-01-01', 'YYYY-MM-DD'));
INSERT INTO CASIER (id_angajat, nr_casa_de_marcat) VALUES (162, NULL);
INSERT INTO ANGAJAT (id_restaurant, id_angajator, job_cod, nume, data_angajare) VALUES (15, 160, 'CASIER', 'Olteanu Elena Cristina', TO_DATE('2020-01-01', 'YYYY-MM-DD'));
INSERT INTO CASIER (id_angajat, nr_casa_de_marcat) VALUES (163, 1);
INSERT INTO ANGAJAT (id_restaurant, id_angajator, job_cod, nume, data_angajare) VALUES (15, 160, 'CASIER', 'Albu Carmen', TO_DATE('2020-01-01', 'YYYY-MM-DD'));
INSERT INTO CASIER (id_angajat, nr_casa_de_marcat) VALUES (164, NULL);
INSERT INTO ANGAJAT (id_restaurant, id_angajator, job_cod, nume, data_angajare) VALUES (15, 161, 'BUCATAR', 'Simion Ionela', TO_DATE('2020-01-01', 'YYYY-MM-DD'));
INSERT INTO BUCATAR (id_angajat, data_antrenament_de_siguranta) VALUES (165, TO_DATE('2020-01-01', 'YYYY-MM-DD'));
INSERT INTO ANGAJAT (id_restaurant, id_angajator, job_cod, nume, data_angajare) VALUES (15, 161, 'BUCATAR', 'Dumitriu Nicolae', TO_DATE('2020-01-01', 'YYYY-MM-DD'));
INSERT INTO BUCATAR (id_angajat, data_antrenament_de_siguranta) VALUES (166, TO_DATE('2020-01-01', 'YYYY-MM-DD'));
INSERT INTO ANGAJAT (id_restaurant, id_angajator, job_cod, nume, data_angajare) VALUES (15, 160, 'BUCATAR', 'Georgescu Robert', TO_DATE('2020-01-01', 'YYYY-MM-DD'));
INSERT INTO BUCATAR (id_angajat, data_antrenament_de_siguranta) VALUES (167, TO_DATE('2020-01-01', 'YYYY-MM-DD'));
INSERT INTO ANGAJAT (id_restaurant, id_angajator, job_cod, nume, data_angajare) VALUES (15, 161, 'BUCATAR', 'Rus Maria', TO_DATE('2020-01-01', 'YYYY-MM-DD'));
INSERT INTO BUCATAR (id_angajat, data_antrenament_de_siguranta) VALUES (168, NULL);
INSERT INTO RESTAURANT (id_oras, data_deschidere) VALUES (2, TO_DATE('2020-01-01', 'YYYY-MM-DD'));
INSERT INTO ANGAJAT (id_restaurant, id_angajator, job_cod, nume, data_angajare) VALUES (16, NULL, 'MANAGER', 'Apostol Claudia', TO_DATE('2020-01-01', 'YYYY-MM-DD'));
INSERT INTO MANAGER (id_angajat, autorizat_sa_angajeze) VALUES (169, 1);
INSERT INTO ANGAJAT (id_restaurant, id_angajator, job_cod, nume, data_angajare) VALUES (16, 169, 'MANAGER', 'Covaci Andrei', TO_DATE('2020-01-01', 'YYYY-MM-DD'));
INSERT INTO MANAGER (id_angajat, autorizat_sa_angajeze) VALUES (170, 1);
INSERT INTO ANGAJAT (id_restaurant, id_angajator, job_cod, nume, data_angajare) VALUES (16, 170, 'CASIER', 'Jianu Daniela', TO_DATE('2020-01-01', 'YYYY-MM-DD'));
INSERT INTO CASIER (id_angajat, nr_casa_de_marcat) VALUES (171, NULL);
INSERT INTO ANGAJAT (id_restaurant, id_angajator, job_cod, nume, data_angajare) VALUES (16, 169, 'CASIER', 'Balint Oana Maria', TO_DATE('2020-01-01', 'YYYY-MM-DD'));
INSERT INTO CASIER (id_angajat, nr_casa_de_marcat) VALUES (172, 1);
INSERT INTO ANGAJAT (id_restaurant, id_angajator, job_cod, nume, data_angajare) VALUES (16, 170, 'CASIER', 'Dragan Dumitru', TO_DATE('2020-01-01', 'YYYY-MM-DD'));
INSERT INTO CASIER (id_angajat, nr_casa_de_marcat) VALUES (173, NULL);
INSERT INTO ANGAJAT (id_restaurant, id_angajator, job_cod, nume, data_angajare) VALUES (16, 170, 'CASIER', 'Grigore Daniel', TO_DATE('2020-01-01', 'YYYY-MM-DD'));
INSERT INTO CASIER (id_angajat, nr_casa_de_marcat) VALUES (174, 2);
INSERT INTO ANGAJAT (id_restaurant, id_angajator, job_cod, nume, data_angajare) VALUES (16, 170, 'BUCATAR', 'Nicoara Nicoleta', TO_DATE('2020-01-01', 'YYYY-MM-DD'));
INSERT INTO BUCATAR (id_angajat, data_antrenament_de_siguranta) VALUES (175, TO_DATE('2020-01-01', 'YYYY-MM-DD'));
INSERT INTO ANGAJAT (id_restaurant, id_angajator, job_cod, nume, data_angajare) VALUES (16, 169, 'BUCATAR', 'Petrescu George', TO_DATE('2020-01-01', 'YYYY-MM-DD'));
INSERT INTO BUCATAR (id_angajat, data_antrenament_de_siguranta) VALUES (176, TO_DATE('2020-01-01', 'YYYY-MM-DD'));
INSERT INTO RESTAURANT (id_oras, data_deschidere) VALUES (1, TO_DATE('2020-01-01', 'YYYY-MM-DD'));
INSERT INTO ANGAJAT (id_restaurant, id_angajator, job_cod, nume, data_angajare) VALUES (17, NULL, 'MANAGER', 'Vasilache Ion', TO_DATE('2020-01-01', 'YYYY-MM-DD'));
INSERT INTO MANAGER (id_angajat, autorizat_sa_angajeze) VALUES (177, 1);
INSERT INTO ANGAJAT (id_restaurant, id_angajator, job_cod, nume, data_angajare) VALUES (17, 177, 'MANAGER', 'Marton Dragos', TO_DATE('2020-01-01', 'YYYY-MM-DD'));
INSERT INTO MANAGER (id_angajat, autorizat_sa_angajeze) VALUES (178, 1);
INSERT INTO ANGAJAT (id_restaurant, id_angajator, job_cod, nume, data_angajare) VALUES (17, 177, 'MANAGER', 'Mitu Cristian', TO_DATE('2020-01-01', 'YYYY-MM-DD'));
INSERT INTO MANAGER (id_angajat, autorizat_sa_angajeze) VALUES (179, 1);
INSERT INTO ANGAJAT (id_restaurant, id_angajator, job_cod, nume, data_angajare) VALUES (17, 179, 'CASIER', 'Feraru Alina Elena', TO_DATE('2020-01-01', 'YYYY-MM-DD'));
INSERT INTO CASIER (id_angajat, nr_casa_de_marcat) VALUES (180, NULL);
INSERT INTO ANGAJAT (id_restaurant, id_angajator, job_cod, nume, data_angajare) VALUES (17, 177, 'CASIER', 'Olteanu Lucian', TO_DATE('2020-01-01', 'YYYY-MM-DD'));
INSERT INTO CASIER (id_angajat, nr_casa_de_marcat) VALUES (181, NULL);
INSERT INTO ANGAJAT (id_restaurant, id_angajator, job_cod, nume, data_angajare) VALUES (17, 177, 'CASIER', 'Pal Stefan', TO_DATE('2020-01-01', 'YYYY-MM-DD'));
INSERT INTO CASIER (id_angajat, nr_casa_de_marcat) VALUES (182, NULL);
INSERT INTO ANGAJAT (id_restaurant, id_angajator, job_cod, nume, data_angajare) VALUES (17, 179, 'BUCATAR', 'Gavrila Laurentiu', TO_DATE('2020-01-01', 'YYYY-MM-DD'));
INSERT INTO BUCATAR (id_angajat, data_antrenament_de_siguranta) VALUES (183, TO_DATE('2020-01-01', 'YYYY-MM-DD'));
INSERT INTO ANGAJAT (id_restaurant, id_angajator, job_cod, nume, data_angajare) VALUES (17, 177, 'BUCATAR', 'Leonte Simona', TO_DATE('2020-01-01', 'YYYY-MM-DD'));
INSERT INTO BUCATAR (id_angajat, data_antrenament_de_siguranta) VALUES (184, NULL);
INSERT INTO ANGAJAT (id_restaurant, id_angajator, job_cod, nume, data_angajare) VALUES (17, 179, 'BUCATAR', 'Stefan Diana', TO_DATE('2020-01-01', 'YYYY-MM-DD'));
INSERT INTO BUCATAR (id_angajat, data_antrenament_de_siguranta) VALUES (185, TO_DATE('2020-01-01', 'YYYY-MM-DD'));
INSERT INTO ANGAJAT (id_restaurant, id_angajator, job_cod, nume, data_angajare) VALUES (17, 177, 'BUCATAR', 'Irimia Radu', TO_DATE('2020-01-01', 'YYYY-MM-DD'));
INSERT INTO BUCATAR (id_angajat, data_antrenament_de_siguranta) VALUES (186, NULL);
INSERT INTO ANGAJAT (id_restaurant, id_angajator, job_cod, nume, data_angajare) VALUES (17, 179, 'BUCATAR', 'Moldoveanu Raluca', TO_DATE('2020-01-01', 'YYYY-MM-DD'));
INSERT INTO BUCATAR (id_angajat, data_antrenament_de_siguranta) VALUES (187, TO_DATE('2020-01-01', 'YYYY-MM-DD'));
INSERT INTO ANGAJAT (id_restaurant, id_angajator, job_cod, nume, data_angajare) VALUES (17, 177, 'BUCATAR', 'Maftei Ionut', TO_DATE('2020-01-01', 'YYYY-MM-DD'));
INSERT INTO BUCATAR (id_angajat, data_antrenament_de_siguranta) VALUES (188, NULL);
INSERT INTO RESTAURANT (id_oras, data_deschidere) VALUES (1, TO_DATE('2020-01-01', 'YYYY-MM-DD'));
INSERT INTO ANGAJAT (id_restaurant, id_angajator, job_cod, nume, data_angajare) VALUES (18, NULL, 'MANAGER', 'Cojocariu Alina Elena', TO_DATE('2020-01-01', 'YYYY-MM-DD'));
INSERT INTO MANAGER (id_angajat, autorizat_sa_angajeze) VALUES (189, 0);
INSERT INTO ANGAJAT (id_restaurant, id_angajator, job_cod, nume, data_angajare) VALUES (18, NULL, 'MANAGER', 'Moise Alexandru', TO_DATE('2020-01-01', 'YYYY-MM-DD'));
INSERT INTO MANAGER (id_angajat, autorizat_sa_angajeze) VALUES (190, 1);
INSERT INTO ANGAJAT (id_restaurant, id_angajator, job_cod, nume, data_angajare) VALUES (18, 190, 'CASIER', 'Farkas Ioana', TO_DATE('2020-01-01', 'YYYY-MM-DD'));
INSERT INTO CASIER (id_angajat, nr_casa_de_marcat) VALUES (191, NULL);
INSERT INTO ANGAJAT (id_restaurant, id_angajator, job_cod, nume, data_angajare) VALUES (18, 190, 'CASIER', 'Roman Catalin', TO_DATE('2020-01-01', 'YYYY-MM-DD'));
INSERT INTO CASIER (id_angajat, nr_casa_de_marcat) VALUES (192, NULL);
INSERT INTO ANGAJAT (id_restaurant, id_angajator, job_cod, nume, data_angajare) VALUES (18, 190, 'BUCATAR', 'Veres Adriana', TO_DATE('2020-01-01', 'YYYY-MM-DD'));
INSERT INTO BUCATAR (id_angajat, data_antrenament_de_siguranta) VALUES (193, NULL);
INSERT INTO ANGAJAT (id_restaurant, id_angajator, job_cod, nume, data_angajare) VALUES (18, 190, 'BUCATAR', 'Stefan Maria', TO_DATE('2020-01-01', 'YYYY-MM-DD'));
INSERT INTO BUCATAR (id_angajat, data_antrenament_de_siguranta) VALUES (194, NULL);
INSERT INTO ANGAJAT (id_restaurant, id_angajator, job_cod, nume, data_angajare) VALUES (18, 190, 'BUCATAR', 'Toth Iulian', TO_DATE('2020-01-01', 'YYYY-MM-DD'));
INSERT INTO BUCATAR (id_angajat, data_antrenament_de_siguranta) VALUES (195, NULL);
INSERT INTO ANGAJAT (id_restaurant, id_angajator, job_cod, nume, data_angajare) VALUES (18, 190, 'BUCATAR', 'Mircea Mihaela', TO_DATE('2020-01-01', 'YYYY-MM-DD'));
INSERT INTO BUCATAR (id_angajat, data_antrenament_de_siguranta) VALUES (196, NULL);
INSERT INTO RESTAURANT (id_oras, data_deschidere) VALUES (4, TO_DATE('2020-01-01', 'YYYY-MM-DD'));
INSERT INTO ANGAJAT (id_restaurant, id_angajator, job_cod, nume, data_angajare) VALUES (19, NULL, 'MANAGER', 'Cristian Florina', TO_DATE('2020-01-01', 'YYYY-MM-DD'));
INSERT INTO MANAGER (id_angajat, autorizat_sa_angajeze) VALUES (197, 0);
INSERT INTO ANGAJAT (id_restaurant, id_angajator, job_cod, nume, data_angajare) VALUES (19, NULL, 'MANAGER', 'Pricop Bogdan', TO_DATE('2020-01-01', 'YYYY-MM-DD'));
INSERT INTO MANAGER (id_angajat, autorizat_sa_angajeze) VALUES (198, 1);
INSERT INTO ANGAJAT (id_restaurant, id_angajator, job_cod, nume, data_angajare) VALUES (19, 198, 'MANAGER', 'Micu Marian', TO_DATE('2020-01-01', 'YYYY-MM-DD'));
INSERT INTO MANAGER (id_angajat, autorizat_sa_angajeze) VALUES (199, 1);
INSERT INTO ANGAJAT (id_restaurant, id_angajator, job_cod, nume, data_angajare) VALUES (19, 199, 'CASIER', 'Albu Corina', TO_DATE('2020-01-01', 'YYYY-MM-DD'));
INSERT INTO CASIER (id_angajat, nr_casa_de_marcat) VALUES (200, 1);
INSERT INTO ANGAJAT (id_restaurant, id_angajator, job_cod, nume, data_angajare) VALUES (19, 199, 'CASIER', 'Fodor Ionel', TO_DATE('2020-01-01', 'YYYY-MM-DD'));
INSERT INTO CASIER (id_angajat, nr_casa_de_marcat) VALUES (201, NULL);
INSERT INTO ANGAJAT (id_restaurant, id_angajator, job_cod, nume, data_angajare) VALUES (19, 199, 'CASIER', 'Stroe Georgiana', TO_DATE('2020-01-01', 'YYYY-MM-DD'));
INSERT INTO CASIER (id_angajat, nr_casa_de_marcat) VALUES (202, NULL);
INSERT INTO ANGAJAT (id_restaurant, id_angajator, job_cod, nume, data_angajare) VALUES (19, 198, 'CASIER', 'Stanescu Adriana', TO_DATE('2020-01-01', 'YYYY-MM-DD'));
INSERT INTO CASIER (id_angajat, nr_casa_de_marcat) VALUES (203, NULL);
INSERT INTO ANGAJAT (id_restaurant, id_angajator, job_cod, nume, data_angajare) VALUES (19, 198, 'CASIER', 'Bota Anca', TO_DATE('2020-01-01', 'YYYY-MM-DD'));
INSERT INTO CASIER (id_angajat, nr_casa_de_marcat) VALUES (204, 2);
INSERT INTO ANGAJAT (id_restaurant, id_angajator, job_cod, nume, data_angajare) VALUES (19, 198, 'CASIER', 'Teodorescu Lucian', TO_DATE('2020-01-01', 'YYYY-MM-DD'));
INSERT INTO CASIER (id_angajat, nr_casa_de_marcat) VALUES (205, NULL);
INSERT INTO ANGAJAT (id_restaurant, id_angajator, job_cod, nume, data_angajare) VALUES (19, 198, 'BUCATAR', 'Morar Silviu', TO_DATE('2020-01-01', 'YYYY-MM-DD'));
INSERT INTO BUCATAR (id_angajat, data_antrenament_de_siguranta) VALUES (206, NULL);
INSERT INTO ANGAJAT (id_restaurant, id_angajator, job_cod, nume, data_angajare) VALUES (19, 199, 'BUCATAR', 'Dan Georgeta', TO_DATE('2020-01-01', 'YYYY-MM-DD'));
INSERT INTO BUCATAR (id_angajat, data_antrenament_de_siguranta) VALUES (207, NULL);
INSERT INTO RESTAURANT (id_oras, data_deschidere) VALUES (4, TO_DATE('2020-01-01', 'YYYY-MM-DD'));
INSERT INTO ANGAJAT (id_restaurant, id_angajator, job_cod, nume, data_angajare) VALUES (20, NULL, 'MANAGER', 'Moise Mirela', TO_DATE('2020-01-01', 'YYYY-MM-DD'));
INSERT INTO MANAGER (id_angajat, autorizat_sa_angajeze) VALUES (208, 0);
INSERT INTO ANGAJAT (id_restaurant, id_angajator, job_cod, nume, data_angajare) VALUES (20, NULL, 'MANAGER', 'Radoi Dumitru', TO_DATE('2020-01-01', 'YYYY-MM-DD'));
INSERT INTO MANAGER (id_angajat, autorizat_sa_angajeze) VALUES (209, 1);
INSERT INTO ANGAJAT (id_restaurant, id_angajator, job_cod, nume, data_angajare) VALUES (20, 209, 'CASIER', 'Antal Ionel', TO_DATE('2020-01-01', 'YYYY-MM-DD'));
INSERT INTO CASIER (id_angajat, nr_casa_de_marcat) VALUES (210, NULL);
INSERT INTO ANGAJAT (id_restaurant, id_angajator, job_cod, nume, data_angajare) VALUES (20, 209, 'CASIER', 'Pop Marian', TO_DATE('2020-01-01', 'YYYY-MM-DD'));
INSERT INTO CASIER (id_angajat, nr_casa_de_marcat) VALUES (211, 1);
INSERT INTO ANGAJAT (id_restaurant, id_angajator, job_cod, nume, data_angajare) VALUES (20, 209, 'CASIER', 'Nastase Viorel', TO_DATE('2020-01-01', 'YYYY-MM-DD'));
INSERT INTO CASIER (id_angajat, nr_casa_de_marcat) VALUES (212, NULL);
INSERT INTO ANGAJAT (id_restaurant, id_angajator, job_cod, nume, data_angajare) VALUES (20, 209, 'CASIER', 'Petre Marian', TO_DATE('2020-01-01', 'YYYY-MM-DD'));
INSERT INTO CASIER (id_angajat, nr_casa_de_marcat) VALUES (213, 2);
INSERT INTO ANGAJAT (id_restaurant, id_angajator, job_cod, nume, data_angajare) VALUES (20, 209, 'CASIER', 'Bratu Marius', TO_DATE('2020-01-01', 'YYYY-MM-DD'));
INSERT INTO CASIER (id_angajat, nr_casa_de_marcat) VALUES (214, NULL);
INSERT INTO ANGAJAT (id_restaurant, id_angajator, job_cod, nume, data_angajare) VALUES (20, 209, 'BUCATAR', 'Zaharia Dumitru', TO_DATE('2020-01-01', 'YYYY-MM-DD'));
INSERT INTO BUCATAR (id_angajat, data_antrenament_de_siguranta) VALUES (215, NULL);
INSERT INTO ANGAJAT (id_restaurant, id_angajator, job_cod, nume, data_angajare) VALUES (20, 209, 'BUCATAR', 'Maftei Alina Maria', TO_DATE('2020-01-01', 'YYYY-MM-DD'));
INSERT INTO BUCATAR (id_angajat, data_antrenament_de_siguranta) VALUES (216, TO_DATE('2020-01-01', 'YYYY-MM-DD'));
INSERT INTO ANGAJAT (id_restaurant, id_angajator, job_cod, nume, data_angajare) VALUES (20, 209, 'BUCATAR', 'Matei Cristian', TO_DATE('2020-01-01', 'YYYY-MM-DD'));
INSERT INTO BUCATAR (id_angajat, data_antrenament_de_siguranta) VALUES (217, TO_DATE('2020-01-01', 'YYYY-MM-DD'));
INSERT INTO ANGAJAT (id_restaurant, id_angajator, job_cod, nume, data_angajare) VALUES (20, 209, 'BUCATAR', 'Coman Andreea Elena', TO_DATE('2020-01-01', 'YYYY-MM-DD'));
INSERT INTO BUCATAR (id_angajat, data_antrenament_de_siguranta) VALUES (218, NULL);
INSERT INTO ANGAJAT (id_restaurant, id_angajator, job_cod, nume, data_angajare) VALUES (20, 209, 'BUCATAR', 'Pascu Silviu', TO_DATE('2020-01-01', 'YYYY-MM-DD'));
INSERT INTO BUCATAR (id_angajat, data_antrenament_de_siguranta) VALUES (219, NULL);
INSERT INTO RESTAURANT (id_oras, data_deschidere) VALUES (4, TO_DATE('2020-01-01', 'YYYY-MM-DD'));
INSERT INTO ANGAJAT (id_restaurant, id_angajator, job_cod, nume, data_angajare) VALUES (21, NULL, 'MANAGER', 'Dragoi Alina', TO_DATE('2020-01-01', 'YYYY-MM-DD'));
INSERT INTO MANAGER (id_angajat, autorizat_sa_angajeze) VALUES (220, 1);
INSERT INTO ANGAJAT (id_restaurant, id_angajator, job_cod, nume, data_angajare) VALUES (21, 220, 'MANAGER', 'Musat Dumitru', TO_DATE('2020-01-01', 'YYYY-MM-DD'));
INSERT INTO MANAGER (id_angajat, autorizat_sa_angajeze) VALUES (221, 1);
INSERT INTO ANGAJAT (id_restaurant, id_angajator, job_cod, nume, data_angajare) VALUES (21, 221, 'MANAGER', 'Stoica Vasile', TO_DATE('2020-01-01', 'YYYY-MM-DD'));
INSERT INTO MANAGER (id_angajat, autorizat_sa_angajeze) VALUES (222, 0);
INSERT INTO ANGAJAT (id_restaurant, id_angajator, job_cod, nume, data_angajare) VALUES (21, 220, 'CASIER', 'Man Daniela', TO_DATE('2020-01-01', 'YYYY-MM-DD'));
INSERT INTO CASIER (id_angajat, nr_casa_de_marcat) VALUES (223, NULL);
INSERT INTO ANGAJAT (id_restaurant, id_angajator, job_cod, nume, data_angajare) VALUES (21, 221, 'CASIER', 'Mitu Catalin', TO_DATE('2020-01-01', 'YYYY-MM-DD'));
INSERT INTO CASIER (id_angajat, nr_casa_de_marcat) VALUES (224, NULL);
INSERT INTO ANGAJAT (id_restaurant, id_angajator, job_cod, nume, data_angajare) VALUES (21, 221, 'BUCATAR', 'Ciobanu Viorel', TO_DATE('2020-01-01', 'YYYY-MM-DD'));
INSERT INTO BUCATAR (id_angajat, data_antrenament_de_siguranta) VALUES (225, NULL);
INSERT INTO ANGAJAT (id_restaurant, id_angajator, job_cod, nume, data_angajare) VALUES (21, 221, 'BUCATAR', 'Popescu Vasile', TO_DATE('2020-01-01', 'YYYY-MM-DD'));
INSERT INTO BUCATAR (id_angajat, data_antrenament_de_siguranta) VALUES (226, NULL);
INSERT INTO RESTAURANT (id_oras, data_deschidere) VALUES (4, TO_DATE('2020-01-01', 'YYYY-MM-DD'));
INSERT INTO ANGAJAT (id_restaurant, id_angajator, job_cod, nume, data_angajare) VALUES (22, NULL, 'MANAGER', 'Anghel Georgeta', TO_DATE('2020-01-01', 'YYYY-MM-DD'));
INSERT INTO MANAGER (id_angajat, autorizat_sa_angajeze) VALUES (227, 1);
INSERT INTO ANGAJAT (id_restaurant, id_angajator, job_cod, nume, data_angajare) VALUES (22, 227, 'MANAGER', 'Marinescu Iuliana', TO_DATE('2020-01-01', 'YYYY-MM-DD'));
INSERT INTO MANAGER (id_angajat, autorizat_sa_angajeze) VALUES (228, 1);
INSERT INTO ANGAJAT (id_restaurant, id_angajator, job_cod, nume, data_angajare) VALUES (22, 228, 'MANAGER', 'Diaconu Mariana', TO_DATE('2020-01-01', 'YYYY-MM-DD'));
INSERT INTO MANAGER (id_angajat, autorizat_sa_angajeze) VALUES (229, 1);
INSERT INTO ANGAJAT (id_restaurant, id_angajator, job_cod, nume, data_angajare) VALUES (22, 227, 'CASIER', 'Bogdan Alin', TO_DATE('2020-01-01', 'YYYY-MM-DD'));
INSERT INTO CASIER (id_angajat, nr_casa_de_marcat) VALUES (230, NULL);
INSERT INTO ANGAJAT (id_restaurant, id_angajator, job_cod, nume, data_angajare) VALUES (22, 229, 'BUCATAR', 'Rosu Alexandru', TO_DATE('2020-01-01', 'YYYY-MM-DD'));
INSERT INTO BUCATAR (id_angajat, data_antrenament_de_siguranta) VALUES (231, NULL);
INSERT INTO ANGAJAT (id_restaurant, id_angajator, job_cod, nume, data_angajare) VALUES (22, 229, 'BUCATAR', 'Trifan Georgiana', TO_DATE('2020-01-01', 'YYYY-MM-DD'));
INSERT INTO BUCATAR (id_angajat, data_antrenament_de_siguranta) VALUES (232, NULL);
INSERT INTO ANGAJAT (id_restaurant, id_angajator, job_cod, nume, data_angajare) VALUES (22, 228, 'BUCATAR', 'Maftei Anca', TO_DATE('2020-01-01', 'YYYY-MM-DD'));
INSERT INTO BUCATAR (id_angajat, data_antrenament_de_siguranta) VALUES (233, TO_DATE('2020-01-01', 'YYYY-MM-DD'));
INSERT INTO RESTAURANT (id_oras, data_deschidere) VALUES (5, TO_DATE('2020-01-01', 'YYYY-MM-DD'));
INSERT INTO ANGAJAT (id_restaurant, id_angajator, job_cod, nume, data_angajare) VALUES (23, NULL, 'MANAGER', 'Burcea Alina Elena', TO_DATE('2020-01-01', 'YYYY-MM-DD'));
INSERT INTO MANAGER (id_angajat, autorizat_sa_angajeze) VALUES (234, 1);
INSERT INTO ANGAJAT (id_restaurant, id_angajator, job_cod, nume, data_angajare) VALUES (23, 234, 'MANAGER', 'Mihai Ovidiu', TO_DATE('2020-01-01', 'YYYY-MM-DD'));
INSERT INTO MANAGER (id_angajat, autorizat_sa_angajeze) VALUES (235, 1);
INSERT INTO ANGAJAT (id_restaurant, id_angajator, job_cod, nume, data_angajare) VALUES (23, 234, 'CASIER', 'Anghel Alin', TO_DATE('2020-01-01', 'YYYY-MM-DD'));
INSERT INTO CASIER (id_angajat, nr_casa_de_marcat) VALUES (236, NULL);
INSERT INTO ANGAJAT (id_restaurant, id_angajator, job_cod, nume, data_angajare) VALUES (23, 234, 'BUCATAR', 'Alexa Loredana', TO_DATE('2020-01-01', 'YYYY-MM-DD'));
INSERT INTO BUCATAR (id_angajat, data_antrenament_de_siguranta) VALUES (237, TO_DATE('2020-01-01', 'YYYY-MM-DD'));
INSERT INTO ANGAJAT (id_restaurant, id_angajator, job_cod, nume, data_angajare) VALUES (23, 234, 'BUCATAR', 'Botezatu Dragos', TO_DATE('2020-01-01', 'YYYY-MM-DD'));
INSERT INTO BUCATAR (id_angajat, data_antrenament_de_siguranta) VALUES (238, NULL);
INSERT INTO ANGAJAT (id_restaurant, id_angajator, job_cod, nume, data_angajare) VALUES (23, 234, 'BUCATAR', 'Codreanu Marian', TO_DATE('2020-01-01', 'YYYY-MM-DD'));
INSERT INTO BUCATAR (id_angajat, data_antrenament_de_siguranta) VALUES (239, TO_DATE('2020-01-01', 'YYYY-MM-DD'));
INSERT INTO RESTAURANT (id_oras, data_deschidere) VALUES (4, TO_DATE('2020-01-01', 'YYYY-MM-DD'));
INSERT INTO ANGAJAT (id_restaurant, id_angajator, job_cod, nume, data_angajare) VALUES (24, NULL, 'MANAGER', 'Tudorache Adriana', TO_DATE('2020-01-01', 'YYYY-MM-DD'));
INSERT INTO MANAGER (id_angajat, autorizat_sa_angajeze) VALUES (240, 1);
INSERT INTO ANGAJAT (id_restaurant, id_angajator, job_cod, nume, data_angajare) VALUES (24, 240, 'MANAGER', 'Dan Elena Cristina', TO_DATE('2020-01-01', 'YYYY-MM-DD'));
INSERT INTO MANAGER (id_angajat, autorizat_sa_angajeze) VALUES (241, 1);
INSERT INTO ANGAJAT (id_restaurant, id_angajator, job_cod, nume, data_angajare) VALUES (24, 241, 'CASIER', 'Cretu Andreea Elena', TO_DATE('2020-01-01', 'YYYY-MM-DD'));
INSERT INTO CASIER (id_angajat, nr_casa_de_marcat) VALUES (242, NULL);
INSERT INTO ANGAJAT (id_restaurant, id_angajator, job_cod, nume, data_angajare) VALUES (24, 241, 'CASIER', 'David Andreea Elena', TO_DATE('2020-01-01', 'YYYY-MM-DD'));
INSERT INTO CASIER (id_angajat, nr_casa_de_marcat) VALUES (243, 1);
INSERT INTO ANGAJAT (id_restaurant, id_angajator, job_cod, nume, data_angajare) VALUES (24, 241, 'CASIER', 'Kovacs Dan', TO_DATE('2020-01-01', 'YYYY-MM-DD'));
INSERT INTO CASIER (id_angajat, nr_casa_de_marcat) VALUES (244, NULL);
INSERT INTO ANGAJAT (id_restaurant, id_angajator, job_cod, nume, data_angajare) VALUES (24, 240, 'CASIER', 'Dumitrascu Ionel', TO_DATE('2020-01-01', 'YYYY-MM-DD'));
INSERT INTO CASIER (id_angajat, nr_casa_de_marcat) VALUES (245, NULL);
INSERT INTO ANGAJAT (id_restaurant, id_angajator, job_cod, nume, data_angajare) VALUES (24, 241, 'CASIER', 'Trif Ovidiu', TO_DATE('2020-01-01', 'YYYY-MM-DD'));
INSERT INTO CASIER (id_angajat, nr_casa_de_marcat) VALUES (246, 2);
INSERT INTO ANGAJAT (id_restaurant, id_angajator, job_cod, nume, data_angajare) VALUES (24, 240, 'CASIER', 'Farkas Iulian', TO_DATE('2020-01-01', 'YYYY-MM-DD'));
INSERT INTO CASIER (id_angajat, nr_casa_de_marcat) VALUES (247, NULL);
INSERT INTO ANGAJAT (id_restaurant, id_angajator, job_cod, nume, data_angajare) VALUES (24, 240, 'BUCATAR', 'Olariu Valentina', TO_DATE('2020-01-01', 'YYYY-MM-DD'));
INSERT INTO BUCATAR (id_angajat, data_antrenament_de_siguranta) VALUES (248, NULL);
INSERT INTO ANGAJAT (id_restaurant, id_angajator, job_cod, nume, data_angajare) VALUES (24, 240, 'BUCATAR', 'Dinca Adrian', TO_DATE('2020-01-01', 'YYYY-MM-DD'));
INSERT INTO BUCATAR (id_angajat, data_antrenament_de_siguranta) VALUES (249, NULL);
INSERT INTO ANGAJAT (id_restaurant, id_angajator, job_cod, nume, data_angajare) VALUES (24, 240, 'BUCATAR', 'Militaru Alina Elena', TO_DATE('2020-01-01', 'YYYY-MM-DD'));
INSERT INTO BUCATAR (id_angajat, data_antrenament_de_siguranta) VALUES (250, NULL);
INSERT INTO ANGAJAT (id_restaurant, id_angajator, job_cod, nume, data_angajare) VALUES (24, 240, 'BUCATAR', 'Micu Gheorghe', TO_DATE('2020-01-01', 'YYYY-MM-DD'));
INSERT INTO BUCATAR (id_angajat, data_antrenament_de_siguranta) VALUES (251, TO_DATE('2020-01-01', 'YYYY-MM-DD'));
INSERT INTO ANGAJAT (id_restaurant, id_angajator, job_cod, nume, data_angajare) VALUES (24, 241, 'BUCATAR', 'Gavrila Liliana', TO_DATE('2020-01-01', 'YYYY-MM-DD'));
INSERT INTO BUCATAR (id_angajat, data_antrenament_de_siguranta) VALUES (252, TO_DATE('2020-01-01', 'YYYY-MM-DD'));
INSERT INTO RESTAURANT (id_oras, data_deschidere) VALUES (4, TO_DATE('2020-01-01', 'YYYY-MM-DD'));
INSERT INTO ANGAJAT (id_restaurant, id_angajator, job_cod, nume, data_angajare) VALUES (25, NULL, 'MANAGER', 'Deaconu Bogdan', TO_DATE('2020-01-01', 'YYYY-MM-DD'));
INSERT INTO MANAGER (id_angajat, autorizat_sa_angajeze) VALUES (253, 0);
INSERT INTO ANGAJAT (id_restaurant, id_angajator, job_cod, nume, data_angajare) VALUES (25, NULL, 'MANAGER', 'Aldea Lucian', TO_DATE('2020-01-01', 'YYYY-MM-DD'));
INSERT INTO MANAGER (id_angajat, autorizat_sa_angajeze) VALUES (254, 1);
INSERT INTO ANGAJAT (id_restaurant, id_angajator, job_cod, nume, data_angajare) VALUES (25, 254, 'CASIER', 'Danila Iuliana', TO_DATE('2020-01-01', 'YYYY-MM-DD'));
INSERT INTO CASIER (id_angajat, nr_casa_de_marcat) VALUES (255, 1);
INSERT INTO ANGAJAT (id_restaurant, id_angajator, job_cod, nume, data_angajare) VALUES (25, 254, 'CASIER', 'Istrate Mihai', TO_DATE('2020-01-01', 'YYYY-MM-DD'));
INSERT INTO CASIER (id_angajat, nr_casa_de_marcat) VALUES (256, NULL);
INSERT INTO ANGAJAT (id_restaurant, id_angajator, job_cod, nume, data_angajare) VALUES (25, 254, 'BUCATAR', 'Ciocan Mariana', TO_DATE('2020-01-01', 'YYYY-MM-DD'));
INSERT INTO BUCATAR (id_angajat, data_antrenament_de_siguranta) VALUES (257, TO_DATE('2020-01-01', 'YYYY-MM-DD'));
INSERT INTO ANGAJAT (id_restaurant, id_angajator, job_cod, nume, data_angajare) VALUES (25, 254, 'BUCATAR', 'Croitoru Georgiana', TO_DATE('2020-01-01', 'YYYY-MM-DD'));
INSERT INTO BUCATAR (id_angajat, data_antrenament_de_siguranta) VALUES (258, NULL);
INSERT INTO ANGAJAT (id_restaurant, id_angajator, job_cod, nume, data_angajare) VALUES (25, 254, 'BUCATAR', 'Bodea Costel', TO_DATE('2020-01-01', 'YYYY-MM-DD'));
INSERT INTO BUCATAR (id_angajat, data_antrenament_de_siguranta) VALUES (259, NULL);
INSERT INTO ANGAJAT (id_restaurant, id_angajator, job_cod, nume, data_angajare) VALUES (25, 254, 'BUCATAR', 'Moga Sorin', TO_DATE('2020-01-01', 'YYYY-MM-DD'));
INSERT INTO BUCATAR (id_angajat, data_antrenament_de_siguranta) VALUES (260, NULL);
INSERT INTO ANGAJAT (id_restaurant, id_angajator, job_cod, nume, data_angajare) VALUES (25, 254, 'BUCATAR', 'Stoian Valentin', TO_DATE('2020-01-01', 'YYYY-MM-DD'));
INSERT INTO BUCATAR (id_angajat, data_antrenament_de_siguranta) VALUES (261, NULL);
INSERT INTO ANGAJAT (id_restaurant, id_angajator, job_cod, nume, data_angajare) VALUES (25, 254, 'BUCATAR', 'Istrate Silviu', TO_DATE('2020-01-01', 'YYYY-MM-DD'));
INSERT INTO BUCATAR (id_angajat, data_antrenament_de_siguranta) VALUES (262, NULL);
INSERT INTO RESTAURANT (id_oras, data_deschidere) VALUES (4, TO_DATE('2020-01-01', 'YYYY-MM-DD'));
INSERT INTO ANGAJAT (id_restaurant, id_angajator, job_cod, nume, data_angajare) VALUES (26, NULL, 'MANAGER', 'Cojocariu Anamaria', TO_DATE('2020-01-01', 'YYYY-MM-DD'));
INSERT INTO MANAGER (id_angajat, autorizat_sa_angajeze) VALUES (263, 1);
INSERT INTO ANGAJAT (id_restaurant, id_angajator, job_cod, nume, data_angajare) VALUES (26, 263, 'MANAGER', 'Cirstea Valentin', TO_DATE('2020-01-01', 'YYYY-MM-DD'));
INSERT INTO MANAGER (id_angajat, autorizat_sa_angajeze) VALUES (264, 1);
INSERT INTO ANGAJAT (id_restaurant, id_angajator, job_cod, nume, data_angajare) VALUES (26, 263, 'CASIER', 'Tudor Diana', TO_DATE('2020-01-01', 'YYYY-MM-DD'));
INSERT INTO CASIER (id_angajat, nr_casa_de_marcat) VALUES (265, 1);
INSERT INTO ANGAJAT (id_restaurant, id_angajator, job_cod, nume, data_angajare) VALUES (26, 264, 'CASIER', 'Petrache Alina Elena', TO_DATE('2020-01-01', 'YYYY-MM-DD'));
INSERT INTO CASIER (id_angajat, nr_casa_de_marcat) VALUES (266, NULL);
INSERT INTO ANGAJAT (id_restaurant, id_angajator, job_cod, nume, data_angajare) VALUES (26, 264, 'CASIER', 'Iacob Vlad', TO_DATE('2020-01-01', 'YYYY-MM-DD'));
INSERT INTO CASIER (id_angajat, nr_casa_de_marcat) VALUES (267, NULL);
INSERT INTO ANGAJAT (id_restaurant, id_angajator, job_cod, nume, data_angajare) VALUES (26, 263, 'BUCATAR', 'Negru Bogdan', TO_DATE('2020-01-01', 'YYYY-MM-DD'));
INSERT INTO BUCATAR (id_angajat, data_antrenament_de_siguranta) VALUES (268, TO_DATE('2020-01-01', 'YYYY-MM-DD'));
INSERT INTO ANGAJAT (id_restaurant, id_angajator, job_cod, nume, data_angajare) VALUES (26, 263, 'BUCATAR', 'Cirstea Ana', TO_DATE('2020-01-01', 'YYYY-MM-DD'));
INSERT INTO BUCATAR (id_angajat, data_antrenament_de_siguranta) VALUES (269, TO_DATE('2020-01-01', 'YYYY-MM-DD'));
INSERT INTO ANGAJAT (id_restaurant, id_angajator, job_cod, nume, data_angajare) VALUES (26, 263, 'BUCATAR', 'Tanase Andreea Elena', TO_DATE('2020-01-01', 'YYYY-MM-DD'));
INSERT INTO BUCATAR (id_angajat, data_antrenament_de_siguranta) VALUES (270, NULL);
INSERT INTO RESTAURANT (id_oras, data_deschidere) VALUES (2, TO_DATE('2020-01-01', 'YYYY-MM-DD'));
INSERT INTO ANGAJAT (id_restaurant, id_angajator, job_cod, nume, data_angajare) VALUES (27, NULL, 'MANAGER', 'Giurgiu Bogdan', TO_DATE('2020-01-01', 'YYYY-MM-DD'));
INSERT INTO MANAGER (id_angajat, autorizat_sa_angajeze) VALUES (271, 1);
INSERT INTO ANGAJAT (id_restaurant, id_angajator, job_cod, nume, data_angajare) VALUES (27, 271, 'MANAGER', 'Filip Dumitru', TO_DATE('2020-01-01', 'YYYY-MM-DD'));
INSERT INTO MANAGER (id_angajat, autorizat_sa_angajeze) VALUES (272, 1);
INSERT INTO ANGAJAT (id_restaurant, id_angajator, job_cod, nume, data_angajare) VALUES (27, 272, 'MANAGER', 'Mihaila Monica', TO_DATE('2020-01-01', 'YYYY-MM-DD'));
INSERT INTO MANAGER (id_angajat, autorizat_sa_angajeze) VALUES (273, 1);
INSERT INTO ANGAJAT (id_restaurant, id_angajator, job_cod, nume, data_angajare) VALUES (27, 271, 'CASIER', 'Chivu Daniela', TO_DATE('2020-01-01', 'YYYY-MM-DD'));
INSERT INTO CASIER (id_angajat, nr_casa_de_marcat) VALUES (274, 1);
INSERT INTO ANGAJAT (id_restaurant, id_angajator, job_cod, nume, data_angajare) VALUES (27, 271, 'CASIER', 'Cojocariu Ioana', TO_DATE('2020-01-01', 'YYYY-MM-DD'));
INSERT INTO CASIER (id_angajat, nr_casa_de_marcat) VALUES (275, NULL);
INSERT INTO ANGAJAT (id_restaurant, id_angajator, job_cod, nume, data_angajare) VALUES (27, 273, 'BUCATAR', 'Bunea Claudia', TO_DATE('2020-01-01', 'YYYY-MM-DD'));
INSERT INTO BUCATAR (id_angajat, data_antrenament_de_siguranta) VALUES (276, NULL);
INSERT INTO ANGAJAT (id_restaurant, id_angajator, job_cod, nume, data_angajare) VALUES (27, 271, 'BUCATAR', 'Grigore Elena Cristina', TO_DATE('2020-01-01', 'YYYY-MM-DD'));
INSERT INTO BUCATAR (id_angajat, data_antrenament_de_siguranta) VALUES (277, NULL);
INSERT INTO ANGAJAT (id_restaurant, id_angajator, job_cod, nume, data_angajare) VALUES (27, 271, 'BUCATAR', 'Draghici Irina', TO_DATE('2020-01-01', 'YYYY-MM-DD'));
INSERT INTO BUCATAR (id_angajat, data_antrenament_de_siguranta) VALUES (278, TO_DATE('2020-01-01', 'YYYY-MM-DD'));
INSERT INTO ANGAJAT (id_restaurant, id_angajator, job_cod, nume, data_angajare) VALUES (27, 271, 'BUCATAR', 'Moldoveanu Simona', TO_DATE('2020-01-01', 'YYYY-MM-DD'));
INSERT INTO BUCATAR (id_angajat, data_antrenament_de_siguranta) VALUES (279, NULL);
INSERT INTO ANGAJAT (id_restaurant, id_angajator, job_cod, nume, data_angajare) VALUES (27, 272, 'BUCATAR', 'Trandafir Ana Maria', TO_DATE('2020-01-01', 'YYYY-MM-DD'));
INSERT INTO BUCATAR (id_angajat, data_antrenament_de_siguranta) VALUES (280, TO_DATE('2020-01-01', 'YYYY-MM-DD'));
INSERT INTO ANGAJAT (id_restaurant, id_angajator, job_cod, nume, data_angajare) VALUES (27, 273, 'BUCATAR', 'Vasilache Florentina', TO_DATE('2020-01-01', 'YYYY-MM-DD'));
INSERT INTO BUCATAR (id_angajat, data_antrenament_de_siguranta) VALUES (281, TO_DATE('2020-01-01', 'YYYY-MM-DD'));
INSERT INTO RESTAURANT (id_oras, data_deschidere) VALUES (2, TO_DATE('2020-01-01', 'YYYY-MM-DD'));
INSERT INTO ANGAJAT (id_restaurant, id_angajator, job_cod, nume, data_angajare) VALUES (28, NULL, 'MANAGER', 'Manole Georgiana', TO_DATE('2020-01-01', 'YYYY-MM-DD'));
INSERT INTO MANAGER (id_angajat, autorizat_sa_angajeze) VALUES (282, 1);
INSERT INTO ANGAJAT (id_restaurant, id_angajator, job_cod, nume, data_angajare) VALUES (28, 282, 'MANAGER', 'Popovici Dan', TO_DATE('2020-01-01', 'YYYY-MM-DD'));
INSERT INTO MANAGER (id_angajat, autorizat_sa_angajeze) VALUES (283, 0);
INSERT INTO ANGAJAT (id_restaurant, id_angajator, job_cod, nume, data_angajare) VALUES (28, 282, 'MANAGER', 'Cornea Elena Cristina', TO_DATE('2020-01-01', 'YYYY-MM-DD'));
INSERT INTO MANAGER (id_angajat, autorizat_sa_angajeze) VALUES (284, 1);
INSERT INTO ANGAJAT (id_restaurant, id_angajator, job_cod, nume, data_angajare) VALUES (28, 284, 'CASIER', 'Ciocan Ramona', TO_DATE('2020-01-01', 'YYYY-MM-DD'));
INSERT INTO CASIER (id_angajat, nr_casa_de_marcat) VALUES (285, NULL);
INSERT INTO ANGAJAT (id_restaurant, id_angajator, job_cod, nume, data_angajare) VALUES (28, 282, 'CASIER', 'Gabor Georgiana', TO_DATE('2020-01-01', 'YYYY-MM-DD'));
INSERT INTO CASIER (id_angajat, nr_casa_de_marcat) VALUES (286, 1);
INSERT INTO ANGAJAT (id_restaurant, id_angajator, job_cod, nume, data_angajare) VALUES (28, 282, 'CASIER', 'Marinescu Mihai', TO_DATE('2020-01-01', 'YYYY-MM-DD'));
INSERT INTO CASIER (id_angajat, nr_casa_de_marcat) VALUES (287, NULL);
INSERT INTO ANGAJAT (id_restaurant, id_angajator, job_cod, nume, data_angajare) VALUES (28, 284, 'BUCATAR', 'Lungu Diana', TO_DATE('2020-01-01', 'YYYY-MM-DD'));
INSERT INTO BUCATAR (id_angajat, data_antrenament_de_siguranta) VALUES (288, TO_DATE('2020-01-01', 'YYYY-MM-DD'));
INSERT INTO ANGAJAT (id_restaurant, id_angajator, job_cod, nume, data_angajare) VALUES (28, 282, 'BUCATAR', 'Marian Alina', TO_DATE('2020-01-01', 'YYYY-MM-DD'));
INSERT INTO BUCATAR (id_angajat, data_antrenament_de_siguranta) VALUES (289, TO_DATE('2020-01-01', 'YYYY-MM-DD'));
INSERT INTO ANGAJAT (id_restaurant, id_angajator, job_cod, nume, data_angajare) VALUES (28, 282, 'BUCATAR', 'Ardeleanu Iulia', TO_DATE('2020-01-01', 'YYYY-MM-DD'));
INSERT INTO BUCATAR (id_angajat, data_antrenament_de_siguranta) VALUES (290, NULL);
INSERT INTO ANGAJAT (id_restaurant, id_angajator, job_cod, nume, data_angajare) VALUES (28, 284, 'BUCATAR', 'Farcas Carmen', TO_DATE('2020-01-01', 'YYYY-MM-DD'));
INSERT INTO BUCATAR (id_angajat, data_antrenament_de_siguranta) VALUES (291, NULL);
INSERT INTO ANGAJAT (id_restaurant, id_angajator, job_cod, nume, data_angajare) VALUES (28, 284, 'BUCATAR', 'Irimia Mihaela', TO_DATE('2020-01-01', 'YYYY-MM-DD'));
INSERT INTO BUCATAR (id_angajat, data_antrenament_de_siguranta) VALUES (292, TO_DATE('2020-01-01', 'YYYY-MM-DD'));
INSERT INTO RESTAURANT (id_oras, data_deschidere) VALUES (1, TO_DATE('2020-01-01', 'YYYY-MM-DD'));
INSERT INTO ANGAJAT (id_restaurant, id_angajator, job_cod, nume, data_angajare) VALUES (29, NULL, 'MANAGER', 'Bogdan Diana', TO_DATE('2020-01-01', 'YYYY-MM-DD'));
INSERT INTO MANAGER (id_angajat, autorizat_sa_angajeze) VALUES (293, 1);
INSERT INTO ANGAJAT (id_restaurant, id_angajator, job_cod, nume, data_angajare) VALUES (29, 293, 'MANAGER', 'Stefanescu Gabriel', TO_DATE('2020-01-01', 'YYYY-MM-DD'));
INSERT INTO MANAGER (id_angajat, autorizat_sa_angajeze) VALUES (294, 1);
INSERT INTO ANGAJAT (id_restaurant, id_angajator, job_cod, nume, data_angajare) VALUES (29, 293, 'CASIER', 'Mitroi Nicolae', TO_DATE('2020-01-01', 'YYYY-MM-DD'));
INSERT INTO CASIER (id_angajat, nr_casa_de_marcat) VALUES (295, NULL);
INSERT INTO ANGAJAT (id_restaurant, id_angajator, job_cod, nume, data_angajare) VALUES (29, 294, 'CASIER', 'Stan Cosmin', TO_DATE('2020-01-01', 'YYYY-MM-DD'));
INSERT INTO CASIER (id_angajat, nr_casa_de_marcat) VALUES (296, NULL);
INSERT INTO ANGAJAT (id_restaurant, id_angajator, job_cod, nume, data_angajare) VALUES (29, 293, 'CASIER', 'Cristea Catalina', TO_DATE('2020-01-01', 'YYYY-MM-DD'));
INSERT INTO CASIER (id_angajat, nr_casa_de_marcat) VALUES (297, NULL);
INSERT INTO ANGAJAT (id_restaurant, id_angajator, job_cod, nume, data_angajare) VALUES (29, 294, 'CASIER', 'Grosu Ion', TO_DATE('2020-01-01', 'YYYY-MM-DD'));
INSERT INTO CASIER (id_angajat, nr_casa_de_marcat) VALUES (298, 1);
INSERT INTO ANGAJAT (id_restaurant, id_angajator, job_cod, nume, data_angajare) VALUES (29, 294, 'CASIER', 'Milea Lucian', TO_DATE('2020-01-01', 'YYYY-MM-DD'));
INSERT INTO CASIER (id_angajat, nr_casa_de_marcat) VALUES (299, 2);
INSERT INTO ANGAJAT (id_restaurant, id_angajator, job_cod, nume, data_angajare) VALUES (29, 294, 'CASIER', 'Micu Radu', TO_DATE('2020-01-01', 'YYYY-MM-DD'));
INSERT INTO CASIER (id_angajat, nr_casa_de_marcat) VALUES (300, 3);
INSERT INTO ANGAJAT (id_restaurant, id_angajator, job_cod, nume, data_angajare) VALUES (29, 294, 'BUCATAR', 'Bejan Mircea', TO_DATE('2020-01-01', 'YYYY-MM-DD'));
INSERT INTO BUCATAR (id_angajat, data_antrenament_de_siguranta) VALUES (301, NULL);
INSERT INTO ANGAJAT (id_restaurant, id_angajator, job_cod, nume, data_angajare) VALUES (29, 294, 'BUCATAR', 'Grosu Paul', TO_DATE('2020-01-01', 'YYYY-MM-DD'));
INSERT INTO BUCATAR (id_angajat, data_antrenament_de_siguranta) VALUES (302, TO_DATE('2020-01-01', 'YYYY-MM-DD'));
INSERT INTO ANGAJAT (id_restaurant, id_angajator, job_cod, nume, data_angajare) VALUES (29, 293, 'BUCATAR', 'Niculescu Florentina', TO_DATE('2020-01-01', 'YYYY-MM-DD'));
INSERT INTO BUCATAR (id_angajat, data_antrenament_de_siguranta) VALUES (303, NULL);
INSERT INTO ANGAJAT (id_restaurant, id_angajator, job_cod, nume, data_angajare) VALUES (29, 294, 'BUCATAR', 'Iacob Georgiana', TO_DATE('2020-01-01', 'YYYY-MM-DD'));
INSERT INTO BUCATAR (id_angajat, data_antrenament_de_siguranta) VALUES (304, NULL);
INSERT INTO ANGAJAT (id_restaurant, id_angajator, job_cod, nume, data_angajare) VALUES (29, 293, 'BUCATAR', 'Suciu Camelia', TO_DATE('2020-01-01', 'YYYY-MM-DD'));
INSERT INTO BUCATAR (id_angajat, data_antrenament_de_siguranta) VALUES (305, TO_DATE('2020-01-01', 'YYYY-MM-DD'));
INSERT INTO RESTAURANT (id_oras, data_deschidere) VALUES (2, TO_DATE('2020-01-01', 'YYYY-MM-DD'));
INSERT INTO ANGAJAT (id_restaurant, id_angajator, job_cod, nume, data_angajare) VALUES (30, NULL, 'MANAGER', 'Rosu Maria Cristina', TO_DATE('2020-01-01', 'YYYY-MM-DD'));
INSERT INTO MANAGER (id_angajat, autorizat_sa_angajeze) VALUES (306, 1);
INSERT INTO ANGAJAT (id_restaurant, id_angajator, job_cod, nume, data_angajare) VALUES (30, 306, 'MANAGER', 'Chirila Nicoleta', TO_DATE('2020-01-01', 'YYYY-MM-DD'));
INSERT INTO MANAGER (id_angajat, autorizat_sa_angajeze) VALUES (307, 1);
INSERT INTO ANGAJAT (id_restaurant, id_angajator, job_cod, nume, data_angajare) VALUES (30, 307, 'CASIER', 'Chis Daniel', TO_DATE('2020-01-01', 'YYYY-MM-DD'));
INSERT INTO CASIER (id_angajat, nr_casa_de_marcat) VALUES (308, NULL);
INSERT INTO ANGAJAT (id_restaurant, id_angajator, job_cod, nume, data_angajare) VALUES (30, 307, 'CASIER', 'Stan Alexandra', TO_DATE('2020-01-01', 'YYYY-MM-DD'));
INSERT INTO CASIER (id_angajat, nr_casa_de_marcat) VALUES (309, NULL);
INSERT INTO ANGAJAT (id_restaurant, id_angajator, job_cod, nume, data_angajare) VALUES (30, 307, 'CASIER', 'Groza Ioan', TO_DATE('2020-01-01', 'YYYY-MM-DD'));
INSERT INTO CASIER (id_angajat, nr_casa_de_marcat) VALUES (310, 1);
INSERT INTO ANGAJAT (id_restaurant, id_angajator, job_cod, nume, data_angajare) VALUES (30, 307, 'CASIER', 'Duma Cristian', TO_DATE('2020-01-01', 'YYYY-MM-DD'));
INSERT INTO CASIER (id_angajat, nr_casa_de_marcat) VALUES (311, 2);
INSERT INTO ANGAJAT (id_restaurant, id_angajator, job_cod, nume, data_angajare) VALUES (30, 306, 'CASIER', 'Nicola Alin', TO_DATE('2020-01-01', 'YYYY-MM-DD'));
INSERT INTO CASIER (id_angajat, nr_casa_de_marcat) VALUES (312, 3);
INSERT INTO ANGAJAT (id_restaurant, id_angajator, job_cod, nume, data_angajare) VALUES (30, 307, 'CASIER', 'Bratu Madalina', TO_DATE('2020-01-01', 'YYYY-MM-DD'));
INSERT INTO CASIER (id_angajat, nr_casa_de_marcat) VALUES (313, NULL);
INSERT INTO ANGAJAT (id_restaurant, id_angajator, job_cod, nume, data_angajare) VALUES (30, 307, 'BUCATAR', 'Alexandru Florin', TO_DATE('2020-01-01', 'YYYY-MM-DD'));
INSERT INTO BUCATAR (id_angajat, data_antrenament_de_siguranta) VALUES (314, NULL);
INSERT INTO ANGAJAT (id_restaurant, id_angajator, job_cod, nume, data_angajare) VALUES (30, 307, 'BUCATAR', 'Radu Camelia', TO_DATE('2020-01-01', 'YYYY-MM-DD'));
INSERT INTO BUCATAR (id_angajat, data_antrenament_de_siguranta) VALUES (315, TO_DATE('2020-01-01', 'YYYY-MM-DD'));
INSERT INTO ANGAJAT (id_restaurant, id_angajator, job_cod, nume, data_angajare) VALUES (30, 306, 'BUCATAR', 'Alecu Florina', TO_DATE('2020-01-01', 'YYYY-MM-DD'));
INSERT INTO BUCATAR (id_angajat, data_antrenament_de_siguranta) VALUES (316, NULL);
INSERT INTO ANGAJAT (id_restaurant, id_angajator, job_cod, nume, data_angajare) VALUES (30, 307, 'BUCATAR', 'Lazar Madalina', TO_DATE('2020-01-01', 'YYYY-MM-DD'));
INSERT INTO BUCATAR (id_angajat, data_antrenament_de_siguranta) VALUES (317, NULL);
INSERT INTO COMANDA (id_restaurant, id_casier, id_cont) VALUES (23, NULL, '1');
INSERT INTO COMANDA_include_RETETA (id_comanda, id_reteta) VALUES (1, 2);
INSERT INTO COMANDA_include_RETETA (id_comanda, id_reteta) VALUES (1, 5);
INSERT INTO COMANDA (id_restaurant, id_casier, id_cont) VALUES (23, NULL, '1');
INSERT INTO COMANDA_include_RETETA (id_comanda, id_reteta) VALUES (2, 1);
INSERT INTO COMANDA_include_RETETA (id_comanda, id_reteta) VALUES (2, 2);
INSERT INTO COMANDA_include_RETETA (id_comanda, id_reteta) VALUES (2, 4);
INSERT INTO COMANDA (id_restaurant, id_casier, id_cont) VALUES (23, NULL, '1');
INSERT INTO COMANDA_include_RETETA (id_comanda, id_reteta) VALUES (3, 2);
INSERT INTO COMANDA_include_RETETA (id_comanda, id_reteta) VALUES (3, 5);
INSERT INTO COMANDA (id_restaurant, id_casier, id_cont) VALUES (23, 236, NULL);
INSERT INTO COMANDA_include_RETETA (id_comanda, id_reteta) VALUES (4, 2);
INSERT INTO COMANDA_include_RETETA (id_comanda, id_reteta) VALUES (4, 3);
INSERT INTO COMANDA (id_restaurant, id_casier, id_cont) VALUES (23, NULL, '1');
INSERT INTO COMANDA_include_RETETA (id_comanda, id_reteta) VALUES (5, 4);
INSERT INTO COMANDA_include_RETETA (id_comanda, id_reteta) VALUES (5, 5);
INSERT INTO COMANDA (id_restaurant, id_casier, id_cont) VALUES (23, NULL, '1');
INSERT INTO COMANDA_include_RETETA (id_comanda, id_reteta) VALUES (6, 3);
INSERT INTO COMANDA_include_RETETA (id_comanda, id_reteta) VALUES (6, 5);
INSERT INTO COMANDA (id_restaurant, id_casier, id_cont) VALUES (23, 236, NULL);
INSERT INTO COMANDA_include_RETETA (id_comanda, id_reteta) VALUES (7, 2);
INSERT INTO COMANDA_include_RETETA (id_comanda, id_reteta) VALUES (7, 3);
INSERT INTO COMANDA_include_RETETA (id_comanda, id_reteta) VALUES (7, 5);
INSERT INTO COMANDA (id_restaurant, id_casier, id_cont) VALUES (23, NULL, '1');
INSERT INTO COMANDA_include_RETETA (id_comanda, id_reteta) VALUES (8, 2);
INSERT INTO COMANDA_include_RETETA (id_comanda, id_reteta) VALUES (8, 4);
INSERT INTO COMANDA (id_restaurant, id_casier, id_cont) VALUES (23, NULL, '1');
INSERT INTO COMANDA (id_restaurant, id_casier, id_cont) VALUES (23, NULL, '1');
INSERT INTO COMANDA_include_RETETA (id_comanda, id_reteta) VALUES (10, 1);
INSERT INTO COMANDA_include_RETETA (id_comanda, id_reteta) VALUES (10, 2);
INSERT INTO COMANDA_include_RETETA (id_comanda, id_reteta) VALUES (10, 3);
INSERT INTO COMANDA_include_RETETA (id_comanda, id_reteta) VALUES (10, 5);
INSERT INTO COMANDA (id_restaurant, id_casier, id_cont) VALUES (23, NULL, '1');
INSERT INTO COMANDA_include_RETETA (id_comanda, id_reteta) VALUES (11, 2);
INSERT INTO COMANDA_include_RETETA (id_comanda, id_reteta) VALUES (11, 3);
INSERT INTO COMANDA (id_restaurant, id_casier, id_cont) VALUES (23, NULL, '1');
INSERT INTO COMANDA_include_RETETA (id_comanda, id_reteta) VALUES (12, 2);
INSERT INTO COMANDA_include_RETETA (id_comanda, id_reteta) VALUES (12, 3);
INSERT INTO COMANDA_include_RETETA (id_comanda, id_reteta) VALUES (12, 4);
INSERT INTO COMANDA_include_RETETA (id_comanda, id_reteta) VALUES (12, 5);
INSERT INTO COMANDA (id_restaurant, id_casier, id_cont) VALUES (23, 236, NULL);
INSERT INTO COMANDA_include_RETETA (id_comanda, id_reteta) VALUES (13, 2);
INSERT INTO COMANDA_include_RETETA (id_comanda, id_reteta) VALUES (13, 4);
INSERT INTO COMANDA_include_RETETA (id_comanda, id_reteta) VALUES (13, 5);
INSERT INTO COMANDA (id_restaurant, id_casier, id_cont) VALUES (23, NULL, '1');
INSERT INTO COMANDA_include_RETETA (id_comanda, id_reteta) VALUES (14, 1);
INSERT INTO COMANDA_include_RETETA (id_comanda, id_reteta) VALUES (14, 2);
INSERT INTO COMANDA (id_restaurant, id_casier, id_cont) VALUES (23, 236, NULL);
INSERT INTO COMANDA_include_RETETA (id_comanda, id_reteta) VALUES (15, 1);
INSERT INTO COMANDA_include_RETETA (id_comanda, id_reteta) VALUES (15, 2);
INSERT INTO COMANDA_include_RETETA (id_comanda, id_reteta) VALUES (15, 4);
INSERT INTO COMANDA (id_restaurant, id_casier, id_cont) VALUES (23, NULL, '1');
INSERT INTO COMANDA_include_RETETA (id_comanda, id_reteta) VALUES (16, 2);
INSERT INTO COMANDA_include_RETETA (id_comanda, id_reteta) VALUES (16, 4);
INSERT INTO COMANDA (id_restaurant, id_casier, id_cont) VALUES (23, NULL, '1');
INSERT INTO COMANDA_include_RETETA (id_comanda, id_reteta) VALUES (17, 1);
INSERT INTO COMANDA_include_RETETA (id_comanda, id_reteta) VALUES (17, 2);
INSERT INTO COMANDA_include_RETETA (id_comanda, id_reteta) VALUES (17, 4);
INSERT INTO COMANDA (id_restaurant, id_casier, id_cont) VALUES (23, 236, NULL);
INSERT INTO COMANDA_include_RETETA (id_comanda, id_reteta) VALUES (18, 1);
INSERT INTO COMANDA_include_RETETA (id_comanda, id_reteta) VALUES (18, 4);
INSERT INTO COMANDA (id_restaurant, id_casier, id_cont) VALUES (23, NULL, '1');
INSERT INTO COMANDA_include_RETETA (id_comanda, id_reteta) VALUES (19, 1);
INSERT INTO COMANDA_include_RETETA (id_comanda, id_reteta) VALUES (19, 5);
INSERT INTO COMANDA (id_restaurant, id_casier, id_cont) VALUES (23, 236, NULL);
INSERT INTO COMANDA_include_RETETA (id_comanda, id_reteta) VALUES (20, 2);
INSERT INTO COMANDA_include_RETETA (id_comanda, id_reteta) VALUES (20, 3);
INSERT INTO COMANDA_include_RETETA (id_comanda, id_reteta) VALUES (20, 4);
INSERT INTO COMANDA_include_RETETA (id_comanda, id_reteta) VALUES (20, 5);
INSERT INTO COMANDA (id_restaurant, id_casier, id_cont) VALUES (23, 236, NULL);
INSERT INTO COMANDA_include_RETETA (id_comanda, id_reteta) VALUES (21, 1);
INSERT INTO COMANDA_include_RETETA (id_comanda, id_reteta) VALUES (21, 2);
INSERT INTO COMANDA_include_RETETA (id_comanda, id_reteta) VALUES (21, 3);
INSERT INTO COMANDA_include_RETETA (id_comanda, id_reteta) VALUES (21, 4);
INSERT INTO COMANDA (id_restaurant, id_casier, id_cont) VALUES (23, 236, NULL);
INSERT INTO COMANDA_include_RETETA (id_comanda, id_reteta) VALUES (22, 1);
INSERT INTO COMANDA_include_RETETA (id_comanda, id_reteta) VALUES (22, 3);
INSERT INTO COMANDA_include_RETETA (id_comanda, id_reteta) VALUES (22, 5);
INSERT INTO COMANDA (id_restaurant, id_casier, id_cont) VALUES (23, NULL, '1');
INSERT INTO COMANDA (id_restaurant, id_casier, id_cont) VALUES (23, NULL, '1');
INSERT INTO COMANDA_include_RETETA (id_comanda, id_reteta) VALUES (24, 2);
INSERT INTO COMANDA_include_RETETA (id_comanda, id_reteta) VALUES (24, 5);
INSERT INTO COMANDA (id_restaurant, id_casier, id_cont) VALUES (23, 236, NULL);
INSERT INTO COMANDA_include_RETETA (id_comanda, id_reteta) VALUES (25, 1);
INSERT INTO COMANDA_include_RETETA (id_comanda, id_reteta) VALUES (25, 2);
INSERT INTO COMANDA (id_restaurant, id_casier, id_cont) VALUES (23, NULL, '1');
INSERT INTO COMANDA_include_RETETA (id_comanda, id_reteta) VALUES (26, 1);
INSERT INTO COMANDA_include_RETETA (id_comanda, id_reteta) VALUES (26, 5);
INSERT INTO COMANDA (id_restaurant, id_casier, id_cont) VALUES (23, NULL, '1');
INSERT INTO COMANDA_include_RETETA (id_comanda, id_reteta) VALUES (27, 2);
INSERT INTO COMANDA_include_RETETA (id_comanda, id_reteta) VALUES (27, 3);
INSERT INTO COMANDA_include_RETETA (id_comanda, id_reteta) VALUES (27, 4);
INSERT INTO COMANDA_include_RETETA (id_comanda, id_reteta) VALUES (27, 5);
INSERT INTO COMANDA (id_restaurant, id_casier, id_cont) VALUES (23, 236, NULL);
INSERT INTO COMANDA_include_RETETA (id_comanda, id_reteta) VALUES (28, 2);
INSERT INTO COMANDA (id_restaurant, id_casier, id_cont) VALUES (23, NULL, '1');
INSERT INTO COMANDA_include_RETETA (id_comanda, id_reteta) VALUES (29, 2);
INSERT INTO COMANDA_include_RETETA (id_comanda, id_reteta) VALUES (29, 3);
INSERT INTO COMANDA_include_RETETA (id_comanda, id_reteta) VALUES (29, 4);
INSERT INTO COMANDA (id_restaurant, id_casier, id_cont) VALUES (23, NULL, '1');
INSERT INTO COMANDA (id_restaurant, id_casier, id_cont) VALUES (23, NULL, '1');
INSERT INTO COMANDA_include_RETETA (id_comanda, id_reteta) VALUES (31, 1);
INSERT INTO COMANDA_include_RETETA (id_comanda, id_reteta) VALUES (31, 2);
INSERT INTO COMANDA_include_RETETA (id_comanda, id_reteta) VALUES (31, 3);
INSERT INTO COMANDA_include_RETETA (id_comanda, id_reteta) VALUES (31, 4);
INSERT INTO COMANDA (id_restaurant, id_casier, id_cont) VALUES (23, 236, NULL);
INSERT INTO COMANDA_include_RETETA (id_comanda, id_reteta) VALUES (32, 2);
INSERT INTO COMANDA_include_RETETA (id_comanda, id_reteta) VALUES (32, 3);
INSERT INTO COMANDA_include_RETETA (id_comanda, id_reteta) VALUES (32, 4);
INSERT INTO COMANDA_include_RETETA (id_comanda, id_reteta) VALUES (32, 5);
INSERT INTO COMANDA (id_restaurant, id_casier, id_cont) VALUES (23, NULL, '1');
INSERT INTO COMANDA_include_RETETA (id_comanda, id_reteta) VALUES (33, 1);
INSERT INTO COMANDA_include_RETETA (id_comanda, id_reteta) VALUES (33, 3);
INSERT INTO COMANDA_include_RETETA (id_comanda, id_reteta) VALUES (33, 5);
INSERT INTO COMANDA (id_restaurant, id_casier, id_cont) VALUES (23, NULL, '1');
INSERT INTO COMANDA_include_RETETA (id_comanda, id_reteta) VALUES (34, 1);
INSERT INTO COMANDA_include_RETETA (id_comanda, id_reteta) VALUES (34, 2);
INSERT INTO COMANDA_include_RETETA (id_comanda, id_reteta) VALUES (34, 4);
INSERT INTO COMANDA_include_RETETA (id_comanda, id_reteta) VALUES (34, 5);
INSERT INTO COMANDA (id_restaurant, id_casier, id_cont) VALUES (23, NULL, '1');
INSERT INTO COMANDA (id_restaurant, id_casier, id_cont) VALUES (23, NULL, '1');
INSERT INTO COMANDA_include_RETETA (id_comanda, id_reteta) VALUES (36, 1);
INSERT INTO COMANDA_include_RETETA (id_comanda, id_reteta) VALUES (36, 2);
INSERT INTO COMANDA_include_RETETA (id_comanda, id_reteta) VALUES (36, 3);
INSERT INTO COMANDA_include_RETETA (id_comanda, id_reteta) VALUES (36, 5);
INSERT INTO COMANDA (id_restaurant, id_casier, id_cont) VALUES (23, NULL, '1');
INSERT INTO COMANDA_include_RETETA (id_comanda, id_reteta) VALUES (37, 1);
INSERT INTO COMANDA_include_RETETA (id_comanda, id_reteta) VALUES (37, 4);
INSERT INTO COMANDA_include_RETETA (id_comanda, id_reteta) VALUES (37, 5);
INSERT INTO COMANDA (id_restaurant, id_casier, id_cont) VALUES (23, NULL, '1');
INSERT INTO COMANDA_include_RETETA (id_comanda, id_reteta) VALUES (38, 1);
INSERT INTO COMANDA_include_RETETA (id_comanda, id_reteta) VALUES (38, 2);
INSERT INTO COMANDA (id_restaurant, id_casier, id_cont) VALUES (23, NULL, '1');
INSERT INTO COMANDA_include_RETETA (id_comanda, id_reteta) VALUES (39, 1);
INSERT INTO COMANDA_include_RETETA (id_comanda, id_reteta) VALUES (39, 3);
INSERT INTO COMANDA_include_RETETA (id_comanda, id_reteta) VALUES (39, 4);
INSERT INTO COMANDA (id_restaurant, id_casier, id_cont) VALUES (23, NULL, '1');
INSERT INTO COMANDA_include_RETETA (id_comanda, id_reteta) VALUES (40, 1);
INSERT INTO COMANDA_include_RETETA (id_comanda, id_reteta) VALUES (40, 3);
INSERT INTO COMANDA_include_RETETA (id_comanda, id_reteta) VALUES (40, 4);
INSERT INTO COMANDA_include_RETETA (id_comanda, id_reteta) VALUES (40, 5);
INSERT INTO COMANDA (id_restaurant, id_casier, id_cont) VALUES (23, 236, NULL);
INSERT INTO COMANDA_include_RETETA (id_comanda, id_reteta) VALUES (41, 2);
INSERT INTO COMANDA_include_RETETA (id_comanda, id_reteta) VALUES (41, 3);
INSERT INTO COMANDA_include_RETETA (id_comanda, id_reteta) VALUES (41, 4);
INSERT INTO COMANDA (id_restaurant, id_casier, id_cont) VALUES (23, 236, NULL);
INSERT INTO COMANDA_include_RETETA (id_comanda, id_reteta) VALUES (42, 2);
INSERT INTO COMANDA_include_RETETA (id_comanda, id_reteta) VALUES (42, 4);
INSERT INTO COMANDA (id_restaurant, id_casier, id_cont) VALUES (23, 236, NULL);
INSERT INTO COMANDA_include_RETETA (id_comanda, id_reteta) VALUES (43, 1);
INSERT INTO COMANDA_include_RETETA (id_comanda, id_reteta) VALUES (43, 2);
INSERT INTO COMANDA_include_RETETA (id_comanda, id_reteta) VALUES (43, 3);
INSERT INTO COMANDA_include_RETETA (id_comanda, id_reteta) VALUES (43, 4);
INSERT INTO COMANDA (id_restaurant, id_casier, id_cont) VALUES (23, NULL, '1');
INSERT INTO COMANDA (id_restaurant, id_casier, id_cont) VALUES (23, 236, NULL);
INSERT INTO COMANDA_include_RETETA (id_comanda, id_reteta) VALUES (45, 1);
INSERT INTO COMANDA_include_RETETA (id_comanda, id_reteta) VALUES (45, 4);
INSERT INTO COMANDA_include_RETETA (id_comanda, id_reteta) VALUES (45, 5);
INSERT INTO COMANDA (id_restaurant, id_casier, id_cont) VALUES (23, NULL, '1');
INSERT INTO COMANDA_include_RETETA (id_comanda, id_reteta) VALUES (46, 3);
INSERT INTO COMANDA (id_restaurant, id_casier, id_cont) VALUES (23, NULL, '1');
INSERT INTO COMANDA_include_RETETA (id_comanda, id_reteta) VALUES (47, 2);
INSERT INTO COMANDA_include_RETETA (id_comanda, id_reteta) VALUES (47, 3);
INSERT INTO COMANDA_include_RETETA (id_comanda, id_reteta) VALUES (47, 5);
INSERT INTO COMANDA (id_restaurant, id_casier, id_cont) VALUES (23, NULL, '1');
INSERT INTO COMANDA_include_RETETA (id_comanda, id_reteta) VALUES (48, 1);
INSERT INTO COMANDA_include_RETETA (id_comanda, id_reteta) VALUES (48, 3);
INSERT INTO COMANDA_include_RETETA (id_comanda, id_reteta) VALUES (48, 4);
INSERT INTO COMANDA (id_restaurant, id_casier, id_cont) VALUES (23, 236, NULL);
INSERT INTO COMANDA_include_RETETA (id_comanda, id_reteta) VALUES (49, 2);
INSERT INTO COMANDA_include_RETETA (id_comanda, id_reteta) VALUES (49, 5);
INSERT INTO COMANDA (id_restaurant, id_casier, id_cont) VALUES (23, NULL, '1');
INSERT INTO COMANDA_include_RETETA (id_comanda, id_reteta) VALUES (50, 1);
INSERT INTO COMANDA_include_RETETA (id_comanda, id_reteta) VALUES (50, 3);
INSERT INTO COMANDA_include_RETETA (id_comanda, id_reteta) VALUES (50, 5);
INSERT INTO COMANDA (id_restaurant, id_casier, id_cont) VALUES (17, NULL, '2');
INSERT INTO COMANDA_include_RETETA (id_comanda, id_reteta) VALUES (51, 1);
INSERT INTO COMANDA_include_RETETA (id_comanda, id_reteta) VALUES (51, 3);
INSERT INTO COMANDA (id_restaurant, id_casier, id_cont) VALUES (17, NULL, '2');
INSERT INTO COMANDA_include_RETETA (id_comanda, id_reteta) VALUES (52, 3);
INSERT INTO COMANDA_include_RETETA (id_comanda, id_reteta) VALUES (52, 4);
INSERT INTO COMANDA (id_restaurant, id_casier, id_cont) VALUES (7, NULL, '2');
INSERT INTO COMANDA_include_RETETA (id_comanda, id_reteta) VALUES (53, 1);
INSERT INTO COMANDA_include_RETETA (id_comanda, id_reteta) VALUES (53, 2);
INSERT INTO COMANDA_include_RETETA (id_comanda, id_reteta) VALUES (53, 3);
INSERT INTO COMANDA_include_RETETA (id_comanda, id_reteta) VALUES (53, 4);
INSERT INTO COMANDA_include_RETETA (id_comanda, id_reteta) VALUES (53, 5);
INSERT INTO COMANDA (id_restaurant, id_casier, id_cont) VALUES (29, 297, NULL);
INSERT INTO COMANDA_include_RETETA (id_comanda, id_reteta) VALUES (54, 2);
INSERT INTO COMANDA_include_RETETA (id_comanda, id_reteta) VALUES (54, 5);
INSERT INTO COMANDA (id_restaurant, id_casier, id_cont) VALUES (7, NULL, '2');
INSERT INTO COMANDA_include_RETETA (id_comanda, id_reteta) VALUES (55, 2);
INSERT INTO COMANDA_include_RETETA (id_comanda, id_reteta) VALUES (55, 4);
INSERT INTO COMANDA (id_restaurant, id_casier, id_cont) VALUES (18, 192, NULL);
INSERT INTO COMANDA_include_RETETA (id_comanda, id_reteta) VALUES (56, 2);
INSERT INTO COMANDA_include_RETETA (id_comanda, id_reteta) VALUES (56, 5);
INSERT INTO COMANDA (id_restaurant, id_casier, id_cont) VALUES (29, NULL, '2');
INSERT INTO COMANDA_include_RETETA (id_comanda, id_reteta) VALUES (57, 1);
INSERT INTO COMANDA_include_RETETA (id_comanda, id_reteta) VALUES (57, 2);
INSERT INTO COMANDA_include_RETETA (id_comanda, id_reteta) VALUES (57, 4);
INSERT INTO COMANDA_include_RETETA (id_comanda, id_reteta) VALUES (57, 5);
INSERT INTO COMANDA (id_restaurant, id_casier, id_cont) VALUES (18, NULL, '2');
INSERT INTO COMANDA_include_RETETA (id_comanda, id_reteta) VALUES (58, 1);
INSERT INTO COMANDA_include_RETETA (id_comanda, id_reteta) VALUES (58, 3);
INSERT INTO COMANDA_include_RETETA (id_comanda, id_reteta) VALUES (58, 5);
INSERT INTO COMANDA (id_restaurant, id_casier, id_cont) VALUES (29, 297, NULL);
INSERT INTO COMANDA_include_RETETA (id_comanda, id_reteta) VALUES (59, 3);
INSERT INTO COMANDA (id_restaurant, id_casier, id_cont) VALUES (7, 71, NULL);
INSERT INTO COMANDA_include_RETETA (id_comanda, id_reteta) VALUES (60, 1);
INSERT INTO COMANDA_include_RETETA (id_comanda, id_reteta) VALUES (60, 2);
INSERT INTO COMANDA_include_RETETA (id_comanda, id_reteta) VALUES (60, 4);
INSERT INTO COMANDA_include_RETETA (id_comanda, id_reteta) VALUES (60, 5);
INSERT INTO COMANDA (id_restaurant, id_casier, id_cont) VALUES (18, NULL, '2');
INSERT INTO COMANDA_include_RETETA (id_comanda, id_reteta) VALUES (61, 1);
INSERT INTO COMANDA_include_RETETA (id_comanda, id_reteta) VALUES (61, 2);
INSERT INTO COMANDA_include_RETETA (id_comanda, id_reteta) VALUES (61, 3);
INSERT INTO COMANDA (id_restaurant, id_casier, id_cont) VALUES (29, NULL, '2');
INSERT INTO COMANDA_include_RETETA (id_comanda, id_reteta) VALUES (62, 3);
INSERT INTO COMANDA_include_RETETA (id_comanda, id_reteta) VALUES (62, 4);
INSERT INTO COMANDA (id_restaurant, id_casier, id_cont) VALUES (18, NULL, '2');
INSERT INTO COMANDA_include_RETETA (id_comanda, id_reteta) VALUES (63, 1);
INSERT INTO COMANDA_include_RETETA (id_comanda, id_reteta) VALUES (63, 2);
INSERT INTO COMANDA (id_restaurant, id_casier, id_cont) VALUES (7, NULL, '2');
INSERT INTO COMANDA_include_RETETA (id_comanda, id_reteta) VALUES (64, 2);
INSERT INTO COMANDA (id_restaurant, id_casier, id_cont) VALUES (18, 191, NULL);
INSERT INTO COMANDA_include_RETETA (id_comanda, id_reteta) VALUES (65, 2);
INSERT INTO COMANDA_include_RETETA (id_comanda, id_reteta) VALUES (65, 3);
INSERT INTO COMANDA (id_restaurant, id_casier, id_cont) VALUES (18, NULL, '2');
INSERT INTO COMANDA_include_RETETA (id_comanda, id_reteta) VALUES (66, 3);
INSERT INTO COMANDA_include_RETETA (id_comanda, id_reteta) VALUES (66, 4);
INSERT INTO COMANDA (id_restaurant, id_casier, id_cont) VALUES (7, 71, NULL);
INSERT INTO COMANDA_include_RETETA (id_comanda, id_reteta) VALUES (67, 1);
INSERT INTO COMANDA_include_RETETA (id_comanda, id_reteta) VALUES (67, 4);
INSERT INTO COMANDA_include_RETETA (id_comanda, id_reteta) VALUES (67, 5);
INSERT INTO COMANDA (id_restaurant, id_casier, id_cont) VALUES (17, NULL, '2');
INSERT INTO COMANDA_include_RETETA (id_comanda, id_reteta) VALUES (68, 2);
INSERT INTO COMANDA_include_RETETA (id_comanda, id_reteta) VALUES (68, 3);
INSERT INTO COMANDA_include_RETETA (id_comanda, id_reteta) VALUES (68, 5);
INSERT INTO COMANDA (id_restaurant, id_casier, id_cont) VALUES (17, 182, NULL);
INSERT INTO COMANDA_include_RETETA (id_comanda, id_reteta) VALUES (69, 1);
INSERT INTO COMANDA_include_RETETA (id_comanda, id_reteta) VALUES (69, 2);
INSERT INTO COMANDA_include_RETETA (id_comanda, id_reteta) VALUES (69, 4);
INSERT INTO COMANDA_include_RETETA (id_comanda, id_reteta) VALUES (69, 5);
INSERT INTO COMANDA (id_restaurant, id_casier, id_cont) VALUES (29, 298, NULL);
INSERT INTO COMANDA_include_RETETA (id_comanda, id_reteta) VALUES (70, 1);
INSERT INTO COMANDA_include_RETETA (id_comanda, id_reteta) VALUES (70, 2);
INSERT INTO COMANDA_include_RETETA (id_comanda, id_reteta) VALUES (70, 5);
INSERT INTO COMANDA (id_restaurant, id_casier, id_cont) VALUES (7, 71, NULL);
INSERT INTO COMANDA_include_RETETA (id_comanda, id_reteta) VALUES (71, 1);
INSERT INTO COMANDA_include_RETETA (id_comanda, id_reteta) VALUES (71, 3);
INSERT INTO COMANDA_include_RETETA (id_comanda, id_reteta) VALUES (71, 4);
INSERT INTO COMANDA (id_restaurant, id_casier, id_cont) VALUES (18, 192, NULL);
INSERT INTO COMANDA_include_RETETA (id_comanda, id_reteta) VALUES (72, 1);
INSERT INTO COMANDA_include_RETETA (id_comanda, id_reteta) VALUES (72, 2);
INSERT INTO COMANDA_include_RETETA (id_comanda, id_reteta) VALUES (72, 3);
INSERT INTO COMANDA_include_RETETA (id_comanda, id_reteta) VALUES (72, 5);
INSERT INTO COMANDA (id_restaurant, id_casier, id_cont) VALUES (7, NULL, '2');
INSERT INTO COMANDA_include_RETETA (id_comanda, id_reteta) VALUES (73, 1);
INSERT INTO COMANDA (id_restaurant, id_casier, id_cont) VALUES (17, NULL, '2');
INSERT INTO COMANDA_include_RETETA (id_comanda, id_reteta) VALUES (74, 5);
INSERT INTO COMANDA (id_restaurant, id_casier, id_cont) VALUES (18, NULL, '2');
INSERT INTO COMANDA_include_RETETA (id_comanda, id_reteta) VALUES (75, 2);
INSERT INTO COMANDA_include_RETETA (id_comanda, id_reteta) VALUES (75, 3);
INSERT INTO COMANDA (id_restaurant, id_casier, id_cont) VALUES (17, 180, NULL);
INSERT INTO COMANDA_include_RETETA (id_comanda, id_reteta) VALUES (76, 2);
INSERT INTO COMANDA_include_RETETA (id_comanda, id_reteta) VALUES (76, 4);
INSERT INTO COMANDA (id_restaurant, id_casier, id_cont) VALUES (7, NULL, '2');
INSERT INTO COMANDA_include_RETETA (id_comanda, id_reteta) VALUES (77, 3);
INSERT INTO COMANDA_include_RETETA (id_comanda, id_reteta) VALUES (77, 5);
INSERT INTO COMANDA (id_restaurant, id_casier, id_cont) VALUES (18, 192, NULL);
INSERT INTO COMANDA_include_RETETA (id_comanda, id_reteta) VALUES (78, 3);
INSERT INTO COMANDA_include_RETETA (id_comanda, id_reteta) VALUES (78, 4);
INSERT INTO COMANDA (id_restaurant, id_casier, id_cont) VALUES (7, 71, NULL);
INSERT INTO COMANDA_include_RETETA (id_comanda, id_reteta) VALUES (79, 2);
INSERT INTO COMANDA_include_RETETA (id_comanda, id_reteta) VALUES (79, 3);
INSERT INTO COMANDA_include_RETETA (id_comanda, id_reteta) VALUES (79, 4);
INSERT INTO COMANDA (id_restaurant, id_casier, id_cont) VALUES (29, NULL, '2');
INSERT INTO COMANDA_include_RETETA (id_comanda, id_reteta) VALUES (80, 2);
INSERT INTO COMANDA_include_RETETA (id_comanda, id_reteta) VALUES (80, 3);
INSERT INTO COMANDA (id_restaurant, id_casier, id_cont) VALUES (17, 181, NULL);
INSERT INTO COMANDA_include_RETETA (id_comanda, id_reteta) VALUES (81, 1);
INSERT INTO COMANDA_include_RETETA (id_comanda, id_reteta) VALUES (81, 2);
INSERT INTO COMANDA (id_restaurant, id_casier, id_cont) VALUES (17, NULL, '2');
INSERT INTO COMANDA_include_RETETA (id_comanda, id_reteta) VALUES (82, 1);
INSERT INTO COMANDA_include_RETETA (id_comanda, id_reteta) VALUES (82, 2);
INSERT INTO COMANDA_include_RETETA (id_comanda, id_reteta) VALUES (82, 5);
INSERT INTO COMANDA (id_restaurant, id_casier, id_cont) VALUES (17, NULL, '2');
INSERT INTO COMANDA_include_RETETA (id_comanda, id_reteta) VALUES (83, 1);
INSERT INTO COMANDA_include_RETETA (id_comanda, id_reteta) VALUES (83, 2);
INSERT INTO COMANDA_include_RETETA (id_comanda, id_reteta) VALUES (83, 3);
INSERT INTO COMANDA_include_RETETA (id_comanda, id_reteta) VALUES (83, 5);
INSERT INTO COMANDA (id_restaurant, id_casier, id_cont) VALUES (29, NULL, '2');
INSERT INTO COMANDA_include_RETETA (id_comanda, id_reteta) VALUES (84, 1);
INSERT INTO COMANDA_include_RETETA (id_comanda, id_reteta) VALUES (84, 3);
INSERT INTO COMANDA_include_RETETA (id_comanda, id_reteta) VALUES (84, 5);
INSERT INTO COMANDA (id_restaurant, id_casier, id_cont) VALUES (17, NULL, '2');
INSERT INTO COMANDA (id_restaurant, id_casier, id_cont) VALUES (29, NULL, '2');
INSERT INTO COMANDA_include_RETETA (id_comanda, id_reteta) VALUES (86, 4);
INSERT INTO COMANDA (id_restaurant, id_casier, id_cont) VALUES (29, NULL, '2');
INSERT INTO COMANDA_include_RETETA (id_comanda, id_reteta) VALUES (87, 2);
INSERT INTO COMANDA_include_RETETA (id_comanda, id_reteta) VALUES (87, 4);
INSERT INTO COMANDA (id_restaurant, id_casier, id_cont) VALUES (7, 71, NULL);
INSERT INTO COMANDA_include_RETETA (id_comanda, id_reteta) VALUES (88, 1);
INSERT INTO COMANDA_include_RETETA (id_comanda, id_reteta) VALUES (88, 2);
INSERT INTO COMANDA_include_RETETA (id_comanda, id_reteta) VALUES (88, 5);
INSERT INTO COMANDA (id_restaurant, id_casier, id_cont) VALUES (7, NULL, '2');
INSERT INTO COMANDA_include_RETETA (id_comanda, id_reteta) VALUES (89, 2);
INSERT INTO COMANDA_include_RETETA (id_comanda, id_reteta) VALUES (89, 3);
INSERT INTO COMANDA_include_RETETA (id_comanda, id_reteta) VALUES (89, 4);
INSERT INTO COMANDA_include_RETETA (id_comanda, id_reteta) VALUES (89, 5);
INSERT INTO COMANDA (id_restaurant, id_casier, id_cont) VALUES (7, NULL, '2');
INSERT INTO COMANDA_include_RETETA (id_comanda, id_reteta) VALUES (90, 3);
INSERT INTO COMANDA_include_RETETA (id_comanda, id_reteta) VALUES (90, 5);
INSERT INTO COMANDA (id_restaurant, id_casier, id_cont) VALUES (17, NULL, '2');
INSERT INTO COMANDA_include_RETETA (id_comanda, id_reteta) VALUES (91, 3);
INSERT INTO COMANDA_include_RETETA (id_comanda, id_reteta) VALUES (91, 4);
INSERT INTO COMANDA (id_restaurant, id_casier, id_cont) VALUES (7, 71, NULL);
INSERT INTO COMANDA_include_RETETA (id_comanda, id_reteta) VALUES (92, 2);
INSERT INTO COMANDA_include_RETETA (id_comanda, id_reteta) VALUES (92, 4);
INSERT INTO COMANDA_include_RETETA (id_comanda, id_reteta) VALUES (92, 5);
INSERT INTO COMANDA (id_restaurant, id_casier, id_cont) VALUES (29, 295, NULL);
INSERT INTO COMANDA_include_RETETA (id_comanda, id_reteta) VALUES (93, 3);
INSERT INTO COMANDA_include_RETETA (id_comanda, id_reteta) VALUES (93, 4);
INSERT INTO COMANDA (id_restaurant, id_casier, id_cont) VALUES (17, NULL, '2');
INSERT INTO COMANDA_include_RETETA (id_comanda, id_reteta) VALUES (94, 1);
INSERT INTO COMANDA_include_RETETA (id_comanda, id_reteta) VALUES (94, 2);
INSERT INTO COMANDA_include_RETETA (id_comanda, id_reteta) VALUES (94, 5);
INSERT INTO COMANDA (id_restaurant, id_casier, id_cont) VALUES (17, NULL, '2');
INSERT INTO COMANDA_include_RETETA (id_comanda, id_reteta) VALUES (95, 4);
INSERT INTO COMANDA (id_restaurant, id_casier, id_cont) VALUES (17, NULL, '2');
INSERT INTO COMANDA_include_RETETA (id_comanda, id_reteta) VALUES (96, 3);
INSERT INTO COMANDA_include_RETETA (id_comanda, id_reteta) VALUES (96, 4);
INSERT INTO COMANDA_include_RETETA (id_comanda, id_reteta) VALUES (96, 5);
INSERT INTO COMANDA (id_restaurant, id_casier, id_cont) VALUES (7, 71, NULL);
INSERT INTO COMANDA_include_RETETA (id_comanda, id_reteta) VALUES (97, 1);
INSERT INTO COMANDA_include_RETETA (id_comanda, id_reteta) VALUES (97, 3);
INSERT INTO COMANDA_include_RETETA (id_comanda, id_reteta) VALUES (97, 5);
INSERT INTO COMANDA (id_restaurant, id_casier, id_cont) VALUES (18, 191, NULL);
INSERT INTO COMANDA_include_RETETA (id_comanda, id_reteta) VALUES (98, 1);
INSERT INTO COMANDA_include_RETETA (id_comanda, id_reteta) VALUES (98, 5);
INSERT INTO COMANDA (id_restaurant, id_casier, id_cont) VALUES (17, NULL, '2');
INSERT INTO COMANDA_include_RETETA (id_comanda, id_reteta) VALUES (99, 3);
INSERT INTO COMANDA_include_RETETA (id_comanda, id_reteta) VALUES (99, 5);
INSERT INTO COMANDA (id_restaurant, id_casier, id_cont) VALUES (18, NULL, '2');
INSERT INTO COMANDA_include_RETETA (id_comanda, id_reteta) VALUES (100, 1);
INSERT INTO COMANDA_include_RETETA (id_comanda, id_reteta) VALUES (100, 2);
INSERT INTO COMANDA_include_RETETA (id_comanda, id_reteta) VALUES (100, 5);
INSERT INTO COMANDA (id_restaurant, id_casier, id_cont) VALUES (16, NULL, '3');
INSERT INTO COMANDA_include_RETETA (id_comanda, id_reteta) VALUES (101, 1);
INSERT INTO COMANDA_include_RETETA (id_comanda, id_reteta) VALUES (101, 2);
INSERT INTO COMANDA_include_RETETA (id_comanda, id_reteta) VALUES (101, 3);
INSERT INTO COMANDA_include_RETETA (id_comanda, id_reteta) VALUES (101, 4);
INSERT INTO COMANDA_include_RETETA (id_comanda, id_reteta) VALUES (101, 5);
INSERT INTO COMANDA (id_restaurant, id_casier, id_cont) VALUES (3, NULL, '3');
INSERT INTO COMANDA_include_RETETA (id_comanda, id_reteta) VALUES (102, 1);
INSERT INTO COMANDA_include_RETETA (id_comanda, id_reteta) VALUES (102, 3);
INSERT INTO COMANDA_include_RETETA (id_comanda, id_reteta) VALUES (102, 4);
INSERT INTO COMANDA (id_restaurant, id_casier, id_cont) VALUES (16, NULL, '3');
INSERT INTO COMANDA_include_RETETA (id_comanda, id_reteta) VALUES (103, 2);
INSERT INTO COMANDA_include_RETETA (id_comanda, id_reteta) VALUES (103, 3);
INSERT INTO COMANDA_include_RETETA (id_comanda, id_reteta) VALUES (103, 4);
INSERT INTO COMANDA (id_restaurant, id_casier, id_cont) VALUES (1, NULL, '3');
INSERT INTO COMANDA_include_RETETA (id_comanda, id_reteta) VALUES (104, 4);
INSERT INTO COMANDA (id_restaurant, id_casier, id_cont) VALUES (1, NULL, '3');
INSERT INTO COMANDA_include_RETETA (id_comanda, id_reteta) VALUES (105, 2);
INSERT INTO COMANDA (id_restaurant, id_casier, id_cont) VALUES (16, 174, NULL);
INSERT INTO COMANDA_include_RETETA (id_comanda, id_reteta) VALUES (106, 2);
INSERT INTO COMANDA_include_RETETA (id_comanda, id_reteta) VALUES (106, 3);
INSERT INTO COMANDA_include_RETETA (id_comanda, id_reteta) VALUES (106, 4);
INSERT INTO COMANDA (id_restaurant, id_casier, id_cont) VALUES (3, 28, NULL);
INSERT INTO COMANDA_include_RETETA (id_comanda, id_reteta) VALUES (107, 2);
INSERT INTO COMANDA_include_RETETA (id_comanda, id_reteta) VALUES (107, 3);
INSERT INTO COMANDA (id_restaurant, id_casier, id_cont) VALUES (3, NULL, '3');
INSERT INTO COMANDA_include_RETETA (id_comanda, id_reteta) VALUES (108, 3);
INSERT INTO COMANDA (id_restaurant, id_casier, id_cont) VALUES (16, NULL, '3');
INSERT INTO COMANDA_include_RETETA (id_comanda, id_reteta) VALUES (109, 1);
INSERT INTO COMANDA_include_RETETA (id_comanda, id_reteta) VALUES (109, 5);
INSERT INTO COMANDA (id_restaurant, id_casier, id_cont) VALUES (1, NULL, '3');
INSERT INTO COMANDA_include_RETETA (id_comanda, id_reteta) VALUES (110, 4);
INSERT INTO COMANDA (id_restaurant, id_casier, id_cont) VALUES (3, NULL, '3');
INSERT INTO COMANDA_include_RETETA (id_comanda, id_reteta) VALUES (111, 2);
INSERT INTO COMANDA_include_RETETA (id_comanda, id_reteta) VALUES (111, 3);
INSERT INTO COMANDA (id_restaurant, id_casier, id_cont) VALUES (3, NULL, '3');
INSERT INTO COMANDA_include_RETETA (id_comanda, id_reteta) VALUES (112, 1);
INSERT INTO COMANDA_include_RETETA (id_comanda, id_reteta) VALUES (112, 2);
INSERT INTO COMANDA_include_RETETA (id_comanda, id_reteta) VALUES (112, 3);
INSERT INTO COMANDA_include_RETETA (id_comanda, id_reteta) VALUES (112, 4);
INSERT INTO COMANDA (id_restaurant, id_casier, id_cont) VALUES (10, NULL, '3');
INSERT INTO COMANDA_include_RETETA (id_comanda, id_reteta) VALUES (113, 1);
INSERT INTO COMANDA (id_restaurant, id_casier, id_cont) VALUES (3, NULL, '3');
INSERT INTO COMANDA_include_RETETA (id_comanda, id_reteta) VALUES (114, 2);
INSERT INTO COMANDA_include_RETETA (id_comanda, id_reteta) VALUES (114, 4);
INSERT INTO COMANDA (id_restaurant, id_casier, id_cont) VALUES (27, NULL, '3');
INSERT INTO COMANDA_include_RETETA (id_comanda, id_reteta) VALUES (115, 1);
INSERT INTO COMANDA_include_RETETA (id_comanda, id_reteta) VALUES (115, 2);
INSERT INTO COMANDA_include_RETETA (id_comanda, id_reteta) VALUES (115, 3);
INSERT INTO COMANDA_include_RETETA (id_comanda, id_reteta) VALUES (115, 4);
INSERT INTO COMANDA (id_restaurant, id_casier, id_cont) VALUES (10, NULL, '3');
INSERT INTO COMANDA_include_RETETA (id_comanda, id_reteta) VALUES (116, 2);
INSERT INTO COMANDA (id_restaurant, id_casier, id_cont) VALUES (1, NULL, '3');
INSERT INTO COMANDA_include_RETETA (id_comanda, id_reteta) VALUES (117, 3);
INSERT INTO COMANDA_include_RETETA (id_comanda, id_reteta) VALUES (117, 4);
INSERT INTO COMANDA_include_RETETA (id_comanda, id_reteta) VALUES (117, 5);
INSERT INTO COMANDA (id_restaurant, id_casier, id_cont) VALUES (27, NULL, '3');
INSERT INTO COMANDA_include_RETETA (id_comanda, id_reteta) VALUES (118, 2);
INSERT INTO COMANDA_include_RETETA (id_comanda, id_reteta) VALUES (118, 4);
INSERT INTO COMANDA_include_RETETA (id_comanda, id_reteta) VALUES (118, 5);
INSERT INTO COMANDA (id_restaurant, id_casier, id_cont) VALUES (27, 274, NULL);
INSERT INTO COMANDA_include_RETETA (id_comanda, id_reteta) VALUES (119, 1);
INSERT INTO COMANDA_include_RETETA (id_comanda, id_reteta) VALUES (119, 2);
INSERT INTO COMANDA_include_RETETA (id_comanda, id_reteta) VALUES (119, 5);
INSERT INTO COMANDA (id_restaurant, id_casier, id_cont) VALUES (15, 163, NULL);
INSERT INTO COMANDA_include_RETETA (id_comanda, id_reteta) VALUES (120, 3);
INSERT INTO COMANDA_include_RETETA (id_comanda, id_reteta) VALUES (120, 4);
INSERT INTO COMANDA (id_restaurant, id_casier, id_cont) VALUES (16, NULL, '3');
INSERT INTO COMANDA_include_RETETA (id_comanda, id_reteta) VALUES (121, 2);
INSERT INTO COMANDA_include_RETETA (id_comanda, id_reteta) VALUES (121, 4);
INSERT INTO COMANDA (id_restaurant, id_casier, id_cont) VALUES (30, NULL, '3');
INSERT INTO COMANDA_include_RETETA (id_comanda, id_reteta) VALUES (122, 1);
INSERT INTO COMANDA_include_RETETA (id_comanda, id_reteta) VALUES (122, 2);
INSERT INTO COMANDA (id_restaurant, id_casier, id_cont) VALUES (3, NULL, '3');
INSERT INTO COMANDA_include_RETETA (id_comanda, id_reteta) VALUES (123, 1);
INSERT INTO COMANDA (id_restaurant, id_casier, id_cont) VALUES (10, NULL, '3');
INSERT INTO COMANDA_include_RETETA (id_comanda, id_reteta) VALUES (124, 1);
INSERT INTO COMANDA_include_RETETA (id_comanda, id_reteta) VALUES (124, 2);
INSERT INTO COMANDA_include_RETETA (id_comanda, id_reteta) VALUES (124, 3);
INSERT INTO COMANDA_include_RETETA (id_comanda, id_reteta) VALUES (124, 4);
INSERT INTO COMANDA_include_RETETA (id_comanda, id_reteta) VALUES (124, 5);
INSERT INTO COMANDA (id_restaurant, id_casier, id_cont) VALUES (27, NULL, '3');
INSERT INTO COMANDA_include_RETETA (id_comanda, id_reteta) VALUES (125, 1);
INSERT INTO COMANDA_include_RETETA (id_comanda, id_reteta) VALUES (125, 2);
INSERT INTO COMANDA_include_RETETA (id_comanda, id_reteta) VALUES (125, 3);
INSERT INTO COMANDA (id_restaurant, id_casier, id_cont) VALUES (1, NULL, '3');
INSERT INTO COMANDA_include_RETETA (id_comanda, id_reteta) VALUES (126, 2);
INSERT INTO COMANDA_include_RETETA (id_comanda, id_reteta) VALUES (126, 5);
INSERT INTO COMANDA (id_restaurant, id_casier, id_cont) VALUES (10, NULL, '3');
INSERT INTO COMANDA_include_RETETA (id_comanda, id_reteta) VALUES (127, 1);
INSERT INTO COMANDA_include_RETETA (id_comanda, id_reteta) VALUES (127, 2);
INSERT INTO COMANDA_include_RETETA (id_comanda, id_reteta) VALUES (127, 4);
INSERT INTO COMANDA_include_RETETA (id_comanda, id_reteta) VALUES (127, 5);
INSERT INTO COMANDA (id_restaurant, id_casier, id_cont) VALUES (3, NULL, '3');
INSERT INTO COMANDA_include_RETETA (id_comanda, id_reteta) VALUES (128, 1);
INSERT INTO COMANDA_include_RETETA (id_comanda, id_reteta) VALUES (128, 2);
INSERT INTO COMANDA_include_RETETA (id_comanda, id_reteta) VALUES (128, 5);
INSERT INTO COMANDA (id_restaurant, id_casier, id_cont) VALUES (27, 274, NULL);
INSERT INTO COMANDA_include_RETETA (id_comanda, id_reteta) VALUES (129, 1);
INSERT INTO COMANDA_include_RETETA (id_comanda, id_reteta) VALUES (129, 3);
INSERT INTO COMANDA_include_RETETA (id_comanda, id_reteta) VALUES (129, 4);
INSERT INTO COMANDA (id_restaurant, id_casier, id_cont) VALUES (1, 6, NULL);
INSERT INTO COMANDA_include_RETETA (id_comanda, id_reteta) VALUES (130, 3);
INSERT INTO COMANDA_include_RETETA (id_comanda, id_reteta) VALUES (130, 4);
INSERT INTO COMANDA_include_RETETA (id_comanda, id_reteta) VALUES (130, 5);
INSERT INTO COMANDA (id_restaurant, id_casier, id_cont) VALUES (10, 106, NULL);
INSERT INTO COMANDA_include_RETETA (id_comanda, id_reteta) VALUES (131, 2);
INSERT INTO COMANDA_include_RETETA (id_comanda, id_reteta) VALUES (131, 3);
INSERT INTO COMANDA_include_RETETA (id_comanda, id_reteta) VALUES (131, 4);
INSERT INTO COMANDA (id_restaurant, id_casier, id_cont) VALUES (10, NULL, '3');
INSERT INTO COMANDA_include_RETETA (id_comanda, id_reteta) VALUES (132, 1);
INSERT INTO COMANDA_include_RETETA (id_comanda, id_reteta) VALUES (132, 2);
INSERT INTO COMANDA_include_RETETA (id_comanda, id_reteta) VALUES (132, 3);
INSERT INTO COMANDA_include_RETETA (id_comanda, id_reteta) VALUES (132, 4);
INSERT INTO COMANDA_include_RETETA (id_comanda, id_reteta) VALUES (132, 5);
INSERT INTO COMANDA (id_restaurant, id_casier, id_cont) VALUES (28, 287, NULL);
INSERT INTO COMANDA_include_RETETA (id_comanda, id_reteta) VALUES (133, 1);
INSERT INTO COMANDA_include_RETETA (id_comanda, id_reteta) VALUES (133, 3);
INSERT INTO COMANDA_include_RETETA (id_comanda, id_reteta) VALUES (133, 4);
INSERT INTO COMANDA_include_RETETA (id_comanda, id_reteta) VALUES (133, 5);
INSERT INTO COMANDA (id_restaurant, id_casier, id_cont) VALUES (1, NULL, '3');
INSERT INTO COMANDA_include_RETETA (id_comanda, id_reteta) VALUES (134, 1);
INSERT INTO COMANDA_include_RETETA (id_comanda, id_reteta) VALUES (134, 2);
INSERT INTO COMANDA_include_RETETA (id_comanda, id_reteta) VALUES (134, 3);
INSERT INTO COMANDA_include_RETETA (id_comanda, id_reteta) VALUES (134, 4);
INSERT INTO COMANDA_include_RETETA (id_comanda, id_reteta) VALUES (134, 5);
INSERT INTO COMANDA (id_restaurant, id_casier, id_cont) VALUES (3, NULL, '3');
INSERT INTO COMANDA_include_RETETA (id_comanda, id_reteta) VALUES (135, 2);
INSERT INTO COMANDA_include_RETETA (id_comanda, id_reteta) VALUES (135, 4);
INSERT INTO COMANDA_include_RETETA (id_comanda, id_reteta) VALUES (135, 5);
INSERT INTO COMANDA (id_restaurant, id_casier, id_cont) VALUES (15, NULL, '3');
INSERT INTO COMANDA_include_RETETA (id_comanda, id_reteta) VALUES (136, 1);
INSERT INTO COMANDA_include_RETETA (id_comanda, id_reteta) VALUES (136, 4);
INSERT INTO COMANDA_include_RETETA (id_comanda, id_reteta) VALUES (136, 5);
INSERT INTO COMANDA (id_restaurant, id_casier, id_cont) VALUES (27, 275, NULL);
INSERT INTO COMANDA_include_RETETA (id_comanda, id_reteta) VALUES (137, 1);
INSERT INTO COMANDA_include_RETETA (id_comanda, id_reteta) VALUES (137, 3);
INSERT INTO COMANDA (id_restaurant, id_casier, id_cont) VALUES (15, NULL, '3');
INSERT INTO COMANDA_include_RETETA (id_comanda, id_reteta) VALUES (138, 1);
INSERT INTO COMANDA_include_RETETA (id_comanda, id_reteta) VALUES (138, 4);
INSERT INTO COMANDA (id_restaurant, id_casier, id_cont) VALUES (15, NULL, '3');
INSERT INTO COMANDA_include_RETETA (id_comanda, id_reteta) VALUES (139, 3);
INSERT INTO COMANDA (id_restaurant, id_casier, id_cont) VALUES (1, NULL, '3');
INSERT INTO COMANDA_include_RETETA (id_comanda, id_reteta) VALUES (140, 1);
INSERT INTO COMANDA_include_RETETA (id_comanda, id_reteta) VALUES (140, 2);
INSERT INTO COMANDA_include_RETETA (id_comanda, id_reteta) VALUES (140, 4);
INSERT INTO COMANDA (id_restaurant, id_casier, id_cont) VALUES (27, NULL, '3');
INSERT INTO COMANDA_include_RETETA (id_comanda, id_reteta) VALUES (141, 1);
INSERT INTO COMANDA_include_RETETA (id_comanda, id_reteta) VALUES (141, 2);
INSERT INTO COMANDA (id_restaurant, id_casier, id_cont) VALUES (10, 103, NULL);
INSERT INTO COMANDA_include_RETETA (id_comanda, id_reteta) VALUES (142, 2);
INSERT INTO COMANDA_include_RETETA (id_comanda, id_reteta) VALUES (142, 5);
INSERT INTO COMANDA (id_restaurant, id_casier, id_cont) VALUES (1, NULL, '3');
INSERT INTO COMANDA_include_RETETA (id_comanda, id_reteta) VALUES (143, 1);
INSERT INTO COMANDA_include_RETETA (id_comanda, id_reteta) VALUES (143, 2);
INSERT INTO COMANDA_include_RETETA (id_comanda, id_reteta) VALUES (143, 4);
INSERT INTO COMANDA_include_RETETA (id_comanda, id_reteta) VALUES (143, 5);
INSERT INTO COMANDA (id_restaurant, id_casier, id_cont) VALUES (10, NULL, '3');
INSERT INTO COMANDA_include_RETETA (id_comanda, id_reteta) VALUES (144, 1);
INSERT INTO COMANDA_include_RETETA (id_comanda, id_reteta) VALUES (144, 2);
INSERT INTO COMANDA_include_RETETA (id_comanda, id_reteta) VALUES (144, 3);
INSERT INTO COMANDA_include_RETETA (id_comanda, id_reteta) VALUES (144, 5);
INSERT INTO COMANDA (id_restaurant, id_casier, id_cont) VALUES (1, 7, NULL);
INSERT INTO COMANDA_include_RETETA (id_comanda, id_reteta) VALUES (145, 4);
INSERT INTO COMANDA (id_restaurant, id_casier, id_cont) VALUES (3, NULL, '3');
INSERT INTO COMANDA_include_RETETA (id_comanda, id_reteta) VALUES (146, 2);
INSERT INTO COMANDA_include_RETETA (id_comanda, id_reteta) VALUES (146, 3);
INSERT INTO COMANDA_include_RETETA (id_comanda, id_reteta) VALUES (146, 5);
INSERT INTO COMANDA (id_restaurant, id_casier, id_cont) VALUES (16, 173, NULL);
INSERT INTO COMANDA_include_RETETA (id_comanda, id_reteta) VALUES (147, 3);
INSERT INTO COMANDA_include_RETETA (id_comanda, id_reteta) VALUES (147, 5);
INSERT INTO COMANDA (id_restaurant, id_casier, id_cont) VALUES (30, 311, NULL);
INSERT INTO COMANDA_include_RETETA (id_comanda, id_reteta) VALUES (148, 2);
INSERT INTO COMANDA_include_RETETA (id_comanda, id_reteta) VALUES (148, 3);
INSERT INTO COMANDA_include_RETETA (id_comanda, id_reteta) VALUES (148, 4);
INSERT INTO COMANDA_include_RETETA (id_comanda, id_reteta) VALUES (148, 5);
INSERT INTO COMANDA (id_restaurant, id_casier, id_cont) VALUES (28, NULL, '3');
INSERT INTO COMANDA_include_RETETA (id_comanda, id_reteta) VALUES (149, 2);
INSERT INTO COMANDA (id_restaurant, id_casier, id_cont) VALUES (10, NULL, '3');
INSERT INTO COMANDA_include_RETETA (id_comanda, id_reteta) VALUES (150, 3);
INSERT INTO COMANDA (id_restaurant, id_casier, id_cont) VALUES (29, NULL, '4');
INSERT INTO COMANDA (id_restaurant, id_casier, id_cont) VALUES (7, 71, NULL);
INSERT INTO COMANDA_include_RETETA (id_comanda, id_reteta) VALUES (152, 1);
INSERT INTO COMANDA_include_RETETA (id_comanda, id_reteta) VALUES (152, 2);
INSERT INTO COMANDA_include_RETETA (id_comanda, id_reteta) VALUES (152, 4);
INSERT INTO COMANDA (id_restaurant, id_casier, id_cont) VALUES (18, NULL, '4');
INSERT INTO COMANDA_include_RETETA (id_comanda, id_reteta) VALUES (153, 1);
INSERT INTO COMANDA_include_RETETA (id_comanda, id_reteta) VALUES (153, 5);
INSERT INTO COMANDA (id_restaurant, id_casier, id_cont) VALUES (7, 71, NULL);
INSERT INTO COMANDA_include_RETETA (id_comanda, id_reteta) VALUES (154, 3);
INSERT INTO COMANDA_include_RETETA (id_comanda, id_reteta) VALUES (154, 4);
INSERT INTO COMANDA_include_RETETA (id_comanda, id_reteta) VALUES (154, 5);
INSERT INTO COMANDA (id_restaurant, id_casier, id_cont) VALUES (29, 297, NULL);
INSERT INTO COMANDA_include_RETETA (id_comanda, id_reteta) VALUES (155, 4);
INSERT INTO COMANDA_include_RETETA (id_comanda, id_reteta) VALUES (155, 5);
INSERT INTO COMANDA (id_restaurant, id_casier, id_cont) VALUES (17, NULL, '4');
INSERT INTO COMANDA_include_RETETA (id_comanda, id_reteta) VALUES (156, 2);
INSERT INTO COMANDA_include_RETETA (id_comanda, id_reteta) VALUES (156, 3);
INSERT INTO COMANDA_include_RETETA (id_comanda, id_reteta) VALUES (156, 5);
INSERT INTO COMANDA (id_restaurant, id_casier, id_cont) VALUES (18, NULL, '4');
INSERT INTO COMANDA_include_RETETA (id_comanda, id_reteta) VALUES (157, 5);
INSERT INTO COMANDA (id_restaurant, id_casier, id_cont) VALUES (7, NULL, '4');
INSERT INTO COMANDA_include_RETETA (id_comanda, id_reteta) VALUES (158, 1);
INSERT INTO COMANDA_include_RETETA (id_comanda, id_reteta) VALUES (158, 2);
INSERT INTO COMANDA (id_restaurant, id_casier, id_cont) VALUES (7, NULL, '4');
INSERT INTO COMANDA (id_restaurant, id_casier, id_cont) VALUES (18, NULL, '4');
INSERT INTO COMANDA (id_restaurant, id_casier, id_cont) VALUES (17, 181, NULL);
INSERT INTO COMANDA_include_RETETA (id_comanda, id_reteta) VALUES (161, 1);
INSERT INTO COMANDA_include_RETETA (id_comanda, id_reteta) VALUES (161, 4);
INSERT INTO COMANDA (id_restaurant, id_casier, id_cont) VALUES (17, NULL, '4');
INSERT INTO COMANDA_include_RETETA (id_comanda, id_reteta) VALUES (162, 2);
INSERT INTO COMANDA_include_RETETA (id_comanda, id_reteta) VALUES (162, 4);
INSERT INTO COMANDA_include_RETETA (id_comanda, id_reteta) VALUES (162, 5);
INSERT INTO COMANDA (id_restaurant, id_casier, id_cont) VALUES (7, NULL, '4');
INSERT INTO COMANDA_include_RETETA (id_comanda, id_reteta) VALUES (163, 1);
INSERT INTO COMANDA_include_RETETA (id_comanda, id_reteta) VALUES (163, 2);
INSERT INTO COMANDA_include_RETETA (id_comanda, id_reteta) VALUES (163, 4);
INSERT INTO COMANDA_include_RETETA (id_comanda, id_reteta) VALUES (163, 5);
INSERT INTO COMANDA (id_restaurant, id_casier, id_cont) VALUES (17, 182, NULL);
INSERT INTO COMANDA_include_RETETA (id_comanda, id_reteta) VALUES (164, 1);
INSERT INTO COMANDA_include_RETETA (id_comanda, id_reteta) VALUES (164, 2);
INSERT INTO COMANDA_include_RETETA (id_comanda, id_reteta) VALUES (164, 3);
INSERT INTO COMANDA_include_RETETA (id_comanda, id_reteta) VALUES (164, 5);
INSERT INTO COMANDA (id_restaurant, id_casier, id_cont) VALUES (18, NULL, '4');
INSERT INTO COMANDA_include_RETETA (id_comanda, id_reteta) VALUES (165, 4);
INSERT INTO COMANDA_include_RETETA (id_comanda, id_reteta) VALUES (165, 5);
INSERT INTO COMANDA (id_restaurant, id_casier, id_cont) VALUES (7, 71, NULL);
INSERT INTO COMANDA_include_RETETA (id_comanda, id_reteta) VALUES (166, 2);
INSERT INTO COMANDA_include_RETETA (id_comanda, id_reteta) VALUES (166, 3);
INSERT INTO COMANDA_include_RETETA (id_comanda, id_reteta) VALUES (166, 4);
INSERT INTO COMANDA (id_restaurant, id_casier, id_cont) VALUES (17, NULL, '4');
INSERT INTO COMANDA_include_RETETA (id_comanda, id_reteta) VALUES (167, 1);
INSERT INTO COMANDA_include_RETETA (id_comanda, id_reteta) VALUES (167, 4);
INSERT INTO COMANDA (id_restaurant, id_casier, id_cont) VALUES (18, 191, NULL);
INSERT INTO COMANDA_include_RETETA (id_comanda, id_reteta) VALUES (168, 2);
INSERT INTO COMANDA_include_RETETA (id_comanda, id_reteta) VALUES (168, 5);
INSERT INTO COMANDA (id_restaurant, id_casier, id_cont) VALUES (18, NULL, '4');
INSERT INTO COMANDA_include_RETETA (id_comanda, id_reteta) VALUES (169, 1);
INSERT INTO COMANDA_include_RETETA (id_comanda, id_reteta) VALUES (169, 3);
INSERT INTO COMANDA_include_RETETA (id_comanda, id_reteta) VALUES (169, 4);
INSERT INTO COMANDA_include_RETETA (id_comanda, id_reteta) VALUES (169, 5);
INSERT INTO COMANDA (id_restaurant, id_casier, id_cont) VALUES (17, NULL, '4');
INSERT INTO COMANDA_include_RETETA (id_comanda, id_reteta) VALUES (170, 1);
INSERT INTO COMANDA_include_RETETA (id_comanda, id_reteta) VALUES (170, 4);
INSERT INTO COMANDA (id_restaurant, id_casier, id_cont) VALUES (17, NULL, '4');
INSERT INTO COMANDA_include_RETETA (id_comanda, id_reteta) VALUES (171, 1);
INSERT INTO COMANDA_include_RETETA (id_comanda, id_reteta) VALUES (171, 3);
INSERT INTO COMANDA_include_RETETA (id_comanda, id_reteta) VALUES (171, 4);
INSERT INTO COMANDA (id_restaurant, id_casier, id_cont) VALUES (17, NULL, '4');
INSERT INTO COMANDA_include_RETETA (id_comanda, id_reteta) VALUES (172, 3);
INSERT INTO COMANDA_include_RETETA (id_comanda, id_reteta) VALUES (172, 4);
INSERT INTO COMANDA (id_restaurant, id_casier, id_cont) VALUES (7, NULL, '4');
INSERT INTO COMANDA_include_RETETA (id_comanda, id_reteta) VALUES (173, 1);
INSERT INTO COMANDA_include_RETETA (id_comanda, id_reteta) VALUES (173, 2);
INSERT INTO COMANDA_include_RETETA (id_comanda, id_reteta) VALUES (173, 3);
INSERT INTO COMANDA (id_restaurant, id_casier, id_cont) VALUES (7, NULL, '4');
INSERT INTO COMANDA_include_RETETA (id_comanda, id_reteta) VALUES (174, 2);
INSERT INTO COMANDA_include_RETETA (id_comanda, id_reteta) VALUES (174, 3);
INSERT INTO COMANDA_include_RETETA (id_comanda, id_reteta) VALUES (174, 4);
INSERT INTO COMANDA_include_RETETA (id_comanda, id_reteta) VALUES (174, 5);
INSERT INTO COMANDA (id_restaurant, id_casier, id_cont) VALUES (17, NULL, '4');
INSERT INTO COMANDA_include_RETETA (id_comanda, id_reteta) VALUES (175, 3);
INSERT INTO COMANDA_include_RETETA (id_comanda, id_reteta) VALUES (175, 4);
INSERT INTO COMANDA_include_RETETA (id_comanda, id_reteta) VALUES (175, 5);
INSERT INTO COMANDA (id_restaurant, id_casier, id_cont) VALUES (7, NULL, '4');
INSERT INTO COMANDA_include_RETETA (id_comanda, id_reteta) VALUES (176, 2);
INSERT INTO COMANDA_include_RETETA (id_comanda, id_reteta) VALUES (176, 3);
INSERT INTO COMANDA (id_restaurant, id_casier, id_cont) VALUES (29, 299, NULL);
INSERT INTO COMANDA_include_RETETA (id_comanda, id_reteta) VALUES (177, 4);
INSERT INTO COMANDA (id_restaurant, id_casier, id_cont) VALUES (18, NULL, '4');
INSERT INTO COMANDA_include_RETETA (id_comanda, id_reteta) VALUES (178, 1);
INSERT INTO COMANDA_include_RETETA (id_comanda, id_reteta) VALUES (178, 2);
INSERT INTO COMANDA_include_RETETA (id_comanda, id_reteta) VALUES (178, 3);
INSERT INTO COMANDA_include_RETETA (id_comanda, id_reteta) VALUES (178, 4);
INSERT INTO COMANDA (id_restaurant, id_casier, id_cont) VALUES (7, 71, NULL);
INSERT INTO COMANDA_include_RETETA (id_comanda, id_reteta) VALUES (179, 2);
INSERT INTO COMANDA_include_RETETA (id_comanda, id_reteta) VALUES (179, 4);
INSERT INTO COMANDA_include_RETETA (id_comanda, id_reteta) VALUES (179, 5);
INSERT INTO COMANDA (id_restaurant, id_casier, id_cont) VALUES (17, NULL, '4');
INSERT INTO COMANDA_include_RETETA (id_comanda, id_reteta) VALUES (180, 2);
INSERT INTO COMANDA_include_RETETA (id_comanda, id_reteta) VALUES (180, 3);
INSERT INTO COMANDA_include_RETETA (id_comanda, id_reteta) VALUES (180, 4);
INSERT INTO COMANDA_include_RETETA (id_comanda, id_reteta) VALUES (180, 5);
INSERT INTO COMANDA (id_restaurant, id_casier, id_cont) VALUES (18, 192, NULL);
INSERT INTO COMANDA_include_RETETA (id_comanda, id_reteta) VALUES (181, 2);
INSERT INTO COMANDA_include_RETETA (id_comanda, id_reteta) VALUES (181, 3);
INSERT INTO COMANDA_include_RETETA (id_comanda, id_reteta) VALUES (181, 4);
INSERT INTO COMANDA (id_restaurant, id_casier, id_cont) VALUES (18, NULL, '4');
INSERT INTO COMANDA_include_RETETA (id_comanda, id_reteta) VALUES (182, 1);
INSERT INTO COMANDA_include_RETETA (id_comanda, id_reteta) VALUES (182, 2);
INSERT INTO COMANDA_include_RETETA (id_comanda, id_reteta) VALUES (182, 5);
INSERT INTO COMANDA (id_restaurant, id_casier, id_cont) VALUES (7, NULL, '4');
INSERT INTO COMANDA_include_RETETA (id_comanda, id_reteta) VALUES (183, 2);
INSERT INTO COMANDA (id_restaurant, id_casier, id_cont) VALUES (18, NULL, '4');
INSERT INTO COMANDA_include_RETETA (id_comanda, id_reteta) VALUES (184, 1);
INSERT INTO COMANDA_include_RETETA (id_comanda, id_reteta) VALUES (184, 2);
INSERT INTO COMANDA (id_restaurant, id_casier, id_cont) VALUES (29, NULL, '4');
INSERT INTO COMANDA_include_RETETA (id_comanda, id_reteta) VALUES (185, 1);
INSERT INTO COMANDA_include_RETETA (id_comanda, id_reteta) VALUES (185, 4);
INSERT INTO COMANDA (id_restaurant, id_casier, id_cont) VALUES (18, NULL, '4');
INSERT INTO COMANDA_include_RETETA (id_comanda, id_reteta) VALUES (186, 5);
INSERT INTO COMANDA (id_restaurant, id_casier, id_cont) VALUES (18, 191, NULL);
INSERT INTO COMANDA_include_RETETA (id_comanda, id_reteta) VALUES (187, 3);
INSERT INTO COMANDA_include_RETETA (id_comanda, id_reteta) VALUES (187, 4);
INSERT INTO COMANDA (id_restaurant, id_casier, id_cont) VALUES (29, NULL, '4');
INSERT INTO COMANDA_include_RETETA (id_comanda, id_reteta) VALUES (188, 3);
INSERT INTO COMANDA_include_RETETA (id_comanda, id_reteta) VALUES (188, 4);
INSERT INTO COMANDA_include_RETETA (id_comanda, id_reteta) VALUES (188, 5);
INSERT INTO COMANDA (id_restaurant, id_casier, id_cont) VALUES (18, 191, NULL);
INSERT INTO COMANDA_include_RETETA (id_comanda, id_reteta) VALUES (189, 1);
INSERT INTO COMANDA_include_RETETA (id_comanda, id_reteta) VALUES (189, 3);
INSERT INTO COMANDA (id_restaurant, id_casier, id_cont) VALUES (17, 180, NULL);
INSERT INTO COMANDA_include_RETETA (id_comanda, id_reteta) VALUES (190, 1);
INSERT INTO COMANDA_include_RETETA (id_comanda, id_reteta) VALUES (190, 2);
INSERT INTO COMANDA_include_RETETA (id_comanda, id_reteta) VALUES (190, 3);
INSERT INTO COMANDA_include_RETETA (id_comanda, id_reteta) VALUES (190, 5);
INSERT INTO COMANDA (id_restaurant, id_casier, id_cont) VALUES (29, 300, NULL);
INSERT INTO COMANDA_include_RETETA (id_comanda, id_reteta) VALUES (191, 4);
INSERT INTO COMANDA (id_restaurant, id_casier, id_cont) VALUES (7, 71, NULL);
INSERT INTO COMANDA_include_RETETA (id_comanda, id_reteta) VALUES (192, 1);
INSERT INTO COMANDA_include_RETETA (id_comanda, id_reteta) VALUES (192, 4);
INSERT INTO COMANDA_include_RETETA (id_comanda, id_reteta) VALUES (192, 5);
INSERT INTO COMANDA (id_restaurant, id_casier, id_cont) VALUES (29, NULL, '4');
INSERT INTO COMANDA_include_RETETA (id_comanda, id_reteta) VALUES (193, 3);
INSERT INTO COMANDA_include_RETETA (id_comanda, id_reteta) VALUES (193, 4);
INSERT INTO COMANDA (id_restaurant, id_casier, id_cont) VALUES (18, NULL, '4');
INSERT INTO COMANDA_include_RETETA (id_comanda, id_reteta) VALUES (194, 3);
INSERT INTO COMANDA_include_RETETA (id_comanda, id_reteta) VALUES (194, 4);
INSERT INTO COMANDA_include_RETETA (id_comanda, id_reteta) VALUES (194, 5);
INSERT INTO COMANDA (id_restaurant, id_casier, id_cont) VALUES (18, NULL, '4');
INSERT INTO COMANDA_include_RETETA (id_comanda, id_reteta) VALUES (195, 2);
INSERT INTO COMANDA (id_restaurant, id_casier, id_cont) VALUES (17, NULL, '4');
INSERT INTO COMANDA_include_RETETA (id_comanda, id_reteta) VALUES (196, 1);
INSERT INTO COMANDA_include_RETETA (id_comanda, id_reteta) VALUES (196, 4);
INSERT INTO COMANDA_include_RETETA (id_comanda, id_reteta) VALUES (196, 5);
INSERT INTO COMANDA (id_restaurant, id_casier, id_cont) VALUES (18, NULL, '4');
INSERT INTO COMANDA_include_RETETA (id_comanda, id_reteta) VALUES (197, 4);
INSERT INTO COMANDA (id_restaurant, id_casier, id_cont) VALUES (17, NULL, '4');
INSERT INTO COMANDA (id_restaurant, id_casier, id_cont) VALUES (17, 181, NULL);
INSERT INTO COMANDA_include_RETETA (id_comanda, id_reteta) VALUES (199, 1);
INSERT INTO COMANDA_include_RETETA (id_comanda, id_reteta) VALUES (199, 2);
INSERT INTO COMANDA_include_RETETA (id_comanda, id_reteta) VALUES (199, 4);
INSERT INTO COMANDA (id_restaurant, id_casier, id_cont) VALUES (7, 71, NULL);
INSERT INTO COMANDA_include_RETETA (id_comanda, id_reteta) VALUES (200, 1);
INSERT INTO COMANDA_include_RETETA (id_comanda, id_reteta) VALUES (200, 2);
INSERT INTO COMANDA_include_RETETA (id_comanda, id_reteta) VALUES (200, 4);
INSERT INTO COMANDA_include_RETETA (id_comanda, id_reteta) VALUES (200, 5);
INSERT INTO COMANDA (id_restaurant, id_casier, id_cont) VALUES (15, NULL, '5');
INSERT INTO COMANDA_include_RETETA (id_comanda, id_reteta) VALUES (201, 1);
INSERT INTO COMANDA_include_RETETA (id_comanda, id_reteta) VALUES (201, 2);
INSERT INTO COMANDA (id_restaurant, id_casier, id_cont) VALUES (1, NULL, '5');
INSERT INTO COMANDA_include_RETETA (id_comanda, id_reteta) VALUES (202, 1);
INSERT INTO COMANDA_include_RETETA (id_comanda, id_reteta) VALUES (202, 3);
INSERT INTO COMANDA_include_RETETA (id_comanda, id_reteta) VALUES (202, 4);
INSERT INTO COMANDA_include_RETETA (id_comanda, id_reteta) VALUES (202, 5);
INSERT INTO COMANDA (id_restaurant, id_casier, id_cont) VALUES (3, NULL, '5');
INSERT INTO COMANDA_include_RETETA (id_comanda, id_reteta) VALUES (203, 1);
INSERT INTO COMANDA_include_RETETA (id_comanda, id_reteta) VALUES (203, 2);
INSERT INTO COMANDA_include_RETETA (id_comanda, id_reteta) VALUES (203, 3);
INSERT INTO COMANDA (id_restaurant, id_casier, id_cont) VALUES (30, NULL, '5');
INSERT INTO COMANDA_include_RETETA (id_comanda, id_reteta) VALUES (204, 5);
INSERT INTO COMANDA (id_restaurant, id_casier, id_cont) VALUES (28, NULL, '5');
INSERT INTO COMANDA_include_RETETA (id_comanda, id_reteta) VALUES (205, 3);
INSERT INTO COMANDA_include_RETETA (id_comanda, id_reteta) VALUES (205, 5);
INSERT INTO COMANDA (id_restaurant, id_casier, id_cont) VALUES (15, 164, NULL);
INSERT INTO COMANDA_include_RETETA (id_comanda, id_reteta) VALUES (206, 1);
INSERT INTO COMANDA_include_RETETA (id_comanda, id_reteta) VALUES (206, 5);
INSERT INTO COMANDA (id_restaurant, id_casier, id_cont) VALUES (1, 4, NULL);
INSERT INTO COMANDA_include_RETETA (id_comanda, id_reteta) VALUES (207, 1);
INSERT INTO COMANDA_include_RETETA (id_comanda, id_reteta) VALUES (207, 2);
INSERT INTO COMANDA_include_RETETA (id_comanda, id_reteta) VALUES (207, 4);
INSERT INTO COMANDA (id_restaurant, id_casier, id_cont) VALUES (15, NULL, '5');
INSERT INTO COMANDA_include_RETETA (id_comanda, id_reteta) VALUES (208, 1);
INSERT INTO COMANDA_include_RETETA (id_comanda, id_reteta) VALUES (208, 2);
INSERT INTO COMANDA_include_RETETA (id_comanda, id_reteta) VALUES (208, 4);
INSERT INTO COMANDA_include_RETETA (id_comanda, id_reteta) VALUES (208, 5);
INSERT INTO COMANDA (id_restaurant, id_casier, id_cont) VALUES (3, 24, NULL);
INSERT INTO COMANDA_include_RETETA (id_comanda, id_reteta) VALUES (209, 1);
INSERT INTO COMANDA_include_RETETA (id_comanda, id_reteta) VALUES (209, 4);
INSERT INTO COMANDA_include_RETETA (id_comanda, id_reteta) VALUES (209, 5);
INSERT INTO COMANDA (id_restaurant, id_casier, id_cont) VALUES (30, NULL, '5');
INSERT INTO COMANDA_include_RETETA (id_comanda, id_reteta) VALUES (210, 1);
INSERT INTO COMANDA_include_RETETA (id_comanda, id_reteta) VALUES (210, 3);
INSERT INTO COMANDA_include_RETETA (id_comanda, id_reteta) VALUES (210, 5);
INSERT INTO COMANDA (id_restaurant, id_casier, id_cont) VALUES (28, 285, NULL);
INSERT INTO COMANDA_include_RETETA (id_comanda, id_reteta) VALUES (211, 1);
INSERT INTO COMANDA_include_RETETA (id_comanda, id_reteta) VALUES (211, 2);
INSERT INTO COMANDA_include_RETETA (id_comanda, id_reteta) VALUES (211, 5);
INSERT INTO COMANDA (id_restaurant, id_casier, id_cont) VALUES (28, 285, NULL);
INSERT INTO COMANDA_include_RETETA (id_comanda, id_reteta) VALUES (212, 1);
INSERT INTO COMANDA_include_RETETA (id_comanda, id_reteta) VALUES (212, 2);
INSERT INTO COMANDA (id_restaurant, id_casier, id_cont) VALUES (3, 24, NULL);
INSERT INTO COMANDA_include_RETETA (id_comanda, id_reteta) VALUES (213, 1);
INSERT INTO COMANDA_include_RETETA (id_comanda, id_reteta) VALUES (213, 3);
INSERT INTO COMANDA_include_RETETA (id_comanda, id_reteta) VALUES (213, 4);
INSERT INTO COMANDA_include_RETETA (id_comanda, id_reteta) VALUES (213, 5);
INSERT INTO COMANDA (id_restaurant, id_casier, id_cont) VALUES (28, NULL, '5');
INSERT INTO COMANDA_include_RETETA (id_comanda, id_reteta) VALUES (214, 1);
INSERT INTO COMANDA_include_RETETA (id_comanda, id_reteta) VALUES (214, 2);
INSERT INTO COMANDA_include_RETETA (id_comanda, id_reteta) VALUES (214, 5);
INSERT INTO COMANDA (id_restaurant, id_casier, id_cont) VALUES (28, NULL, '5');
INSERT INTO COMANDA_include_RETETA (id_comanda, id_reteta) VALUES (215, 3);
INSERT INTO COMANDA_include_RETETA (id_comanda, id_reteta) VALUES (215, 5);
INSERT INTO COMANDA (id_restaurant, id_casier, id_cont) VALUES (27, NULL, '5');
INSERT INTO COMANDA_include_RETETA (id_comanda, id_reteta) VALUES (216, 4);
INSERT INTO COMANDA (id_restaurant, id_casier, id_cont) VALUES (28, NULL, '5');
INSERT INTO COMANDA_include_RETETA (id_comanda, id_reteta) VALUES (217, 2);
INSERT INTO COMANDA_include_RETETA (id_comanda, id_reteta) VALUES (217, 3);
INSERT INTO COMANDA_include_RETETA (id_comanda, id_reteta) VALUES (217, 5);
INSERT INTO COMANDA (id_restaurant, id_casier, id_cont) VALUES (27, NULL, '5');
INSERT INTO COMANDA_include_RETETA (id_comanda, id_reteta) VALUES (218, 4);
INSERT INTO COMANDA_include_RETETA (id_comanda, id_reteta) VALUES (218, 5);
INSERT INTO COMANDA (id_restaurant, id_casier, id_cont) VALUES (10, NULL, '5');
INSERT INTO COMANDA_include_RETETA (id_comanda, id_reteta) VALUES (219, 1);
INSERT INTO COMANDA_include_RETETA (id_comanda, id_reteta) VALUES (219, 2);
INSERT INTO COMANDA_include_RETETA (id_comanda, id_reteta) VALUES (219, 4);
INSERT INTO COMANDA (id_restaurant, id_casier, id_cont) VALUES (16, 174, NULL);
INSERT INTO COMANDA_include_RETETA (id_comanda, id_reteta) VALUES (220, 1);
INSERT INTO COMANDA_include_RETETA (id_comanda, id_reteta) VALUES (220, 2);
INSERT INTO COMANDA_include_RETETA (id_comanda, id_reteta) VALUES (220, 3);
INSERT INTO COMANDA_include_RETETA (id_comanda, id_reteta) VALUES (220, 4);
INSERT INTO COMANDA_include_RETETA (id_comanda, id_reteta) VALUES (220, 5);
INSERT INTO COMANDA (id_restaurant, id_casier, id_cont) VALUES (27, NULL, '5');
INSERT INTO COMANDA_include_RETETA (id_comanda, id_reteta) VALUES (221, 1);
INSERT INTO COMANDA_include_RETETA (id_comanda, id_reteta) VALUES (221, 3);
INSERT INTO COMANDA_include_RETETA (id_comanda, id_reteta) VALUES (221, 5);
INSERT INTO COMANDA (id_restaurant, id_casier, id_cont) VALUES (28, 286, NULL);
INSERT INTO COMANDA_include_RETETA (id_comanda, id_reteta) VALUES (222, 3);
INSERT INTO COMANDA_include_RETETA (id_comanda, id_reteta) VALUES (222, 4);
INSERT INTO COMANDA_include_RETETA (id_comanda, id_reteta) VALUES (222, 5);
INSERT INTO COMANDA (id_restaurant, id_casier, id_cont) VALUES (27, NULL, '5');
INSERT INTO COMANDA_include_RETETA (id_comanda, id_reteta) VALUES (223, 2);
INSERT INTO COMANDA_include_RETETA (id_comanda, id_reteta) VALUES (223, 3);
INSERT INTO COMANDA (id_restaurant, id_casier, id_cont) VALUES (1, NULL, '5');
INSERT INTO COMANDA_include_RETETA (id_comanda, id_reteta) VALUES (224, 3);
INSERT INTO COMANDA (id_restaurant, id_casier, id_cont) VALUES (30, NULL, '5');
INSERT INTO COMANDA_include_RETETA (id_comanda, id_reteta) VALUES (225, 1);
INSERT INTO COMANDA_include_RETETA (id_comanda, id_reteta) VALUES (225, 2);
INSERT INTO COMANDA_include_RETETA (id_comanda, id_reteta) VALUES (225, 4);
INSERT INTO COMANDA (id_restaurant, id_casier, id_cont) VALUES (30, NULL, '5');
INSERT INTO COMANDA_include_RETETA (id_comanda, id_reteta) VALUES (226, 1);
INSERT INTO COMANDA_include_RETETA (id_comanda, id_reteta) VALUES (226, 2);
INSERT INTO COMANDA_include_RETETA (id_comanda, id_reteta) VALUES (226, 3);
INSERT INTO COMANDA_include_RETETA (id_comanda, id_reteta) VALUES (226, 4);
INSERT INTO COMANDA (id_restaurant, id_casier, id_cont) VALUES (3, 24, NULL);
INSERT INTO COMANDA_include_RETETA (id_comanda, id_reteta) VALUES (227, 4);
INSERT INTO COMANDA_include_RETETA (id_comanda, id_reteta) VALUES (227, 5);
INSERT INTO COMANDA (id_restaurant, id_casier, id_cont) VALUES (10, NULL, '5');
INSERT INTO COMANDA_include_RETETA (id_comanda, id_reteta) VALUES (228, 3);
INSERT INTO COMANDA_include_RETETA (id_comanda, id_reteta) VALUES (228, 5);
INSERT INTO COMANDA (id_restaurant, id_casier, id_cont) VALUES (3, NULL, '5');
INSERT INTO COMANDA_include_RETETA (id_comanda, id_reteta) VALUES (229, 1);
INSERT INTO COMANDA_include_RETETA (id_comanda, id_reteta) VALUES (229, 2);
INSERT INTO COMANDA_include_RETETA (id_comanda, id_reteta) VALUES (229, 5);
INSERT INTO COMANDA (id_restaurant, id_casier, id_cont) VALUES (30, NULL, '5');
INSERT INTO COMANDA_include_RETETA (id_comanda, id_reteta) VALUES (230, 1);
INSERT INTO COMANDA_include_RETETA (id_comanda, id_reteta) VALUES (230, 2);
INSERT INTO COMANDA_include_RETETA (id_comanda, id_reteta) VALUES (230, 3);
INSERT INTO COMANDA_include_RETETA (id_comanda, id_reteta) VALUES (230, 4);
INSERT INTO COMANDA (id_restaurant, id_casier, id_cont) VALUES (30, NULL, '5');
INSERT INTO COMANDA_include_RETETA (id_comanda, id_reteta) VALUES (231, 4);
INSERT INTO COMANDA_include_RETETA (id_comanda, id_reteta) VALUES (231, 5);
INSERT INTO COMANDA (id_restaurant, id_casier, id_cont) VALUES (10, NULL, '5');
INSERT INTO COMANDA_include_RETETA (id_comanda, id_reteta) VALUES (232, 1);
INSERT INTO COMANDA_include_RETETA (id_comanda, id_reteta) VALUES (232, 3);
INSERT INTO COMANDA_include_RETETA (id_comanda, id_reteta) VALUES (232, 4);
INSERT INTO COMANDA_include_RETETA (id_comanda, id_reteta) VALUES (232, 5);
INSERT INTO COMANDA (id_restaurant, id_casier, id_cont) VALUES (16, NULL, '5');
INSERT INTO COMANDA_include_RETETA (id_comanda, id_reteta) VALUES (233, 2);
INSERT INTO COMANDA_include_RETETA (id_comanda, id_reteta) VALUES (233, 3);
INSERT INTO COMANDA (id_restaurant, id_casier, id_cont) VALUES (10, 103, NULL);
INSERT INTO COMANDA_include_RETETA (id_comanda, id_reteta) VALUES (234, 4);
INSERT INTO COMANDA (id_restaurant, id_casier, id_cont) VALUES (16, NULL, '5');
INSERT INTO COMANDA_include_RETETA (id_comanda, id_reteta) VALUES (235, 3);
INSERT INTO COMANDA (id_restaurant, id_casier, id_cont) VALUES (1, 5, NULL);
INSERT INTO COMANDA_include_RETETA (id_comanda, id_reteta) VALUES (236, 2);
INSERT INTO COMANDA_include_RETETA (id_comanda, id_reteta) VALUES (236, 3);
INSERT INTO COMANDA (id_restaurant, id_casier, id_cont) VALUES (10, NULL, '5');
INSERT INTO COMANDA_include_RETETA (id_comanda, id_reteta) VALUES (237, 2);
INSERT INTO COMANDA (id_restaurant, id_casier, id_cont) VALUES (27, NULL, '5');
INSERT INTO COMANDA_include_RETETA (id_comanda, id_reteta) VALUES (238, 1);
INSERT INTO COMANDA_include_RETETA (id_comanda, id_reteta) VALUES (238, 3);
INSERT INTO COMANDA_include_RETETA (id_comanda, id_reteta) VALUES (238, 4);
INSERT INTO COMANDA_include_RETETA (id_comanda, id_reteta) VALUES (238, 5);
INSERT INTO COMANDA (id_restaurant, id_casier, id_cont) VALUES (15, NULL, '5');
INSERT INTO COMANDA_include_RETETA (id_comanda, id_reteta) VALUES (239, 1);
INSERT INTO COMANDA_include_RETETA (id_comanda, id_reteta) VALUES (239, 2);
INSERT INTO COMANDA_include_RETETA (id_comanda, id_reteta) VALUES (239, 3);
INSERT INTO COMANDA_include_RETETA (id_comanda, id_reteta) VALUES (239, 4);
INSERT INTO COMANDA_include_RETETA (id_comanda, id_reteta) VALUES (239, 5);
INSERT INTO COMANDA (id_restaurant, id_casier, id_cont) VALUES (3, 24, NULL);
INSERT INTO COMANDA_include_RETETA (id_comanda, id_reteta) VALUES (240, 4);
INSERT INTO COMANDA_include_RETETA (id_comanda, id_reteta) VALUES (240, 5);
INSERT INTO COMANDA (id_restaurant, id_casier, id_cont) VALUES (16, 171, NULL);
INSERT INTO COMANDA_include_RETETA (id_comanda, id_reteta) VALUES (241, 2);
INSERT INTO COMANDA (id_restaurant, id_casier, id_cont) VALUES (30, NULL, '5');
INSERT INTO COMANDA_include_RETETA (id_comanda, id_reteta) VALUES (242, 1);
INSERT INTO COMANDA_include_RETETA (id_comanda, id_reteta) VALUES (242, 5);
INSERT INTO COMANDA (id_restaurant, id_casier, id_cont) VALUES (30, NULL, '5');
INSERT INTO COMANDA_include_RETETA (id_comanda, id_reteta) VALUES (243, 2);
INSERT INTO COMANDA (id_restaurant, id_casier, id_cont) VALUES (27, 274, NULL);
INSERT INTO COMANDA_include_RETETA (id_comanda, id_reteta) VALUES (244, 1);
INSERT INTO COMANDA_include_RETETA (id_comanda, id_reteta) VALUES (244, 4);
INSERT INTO COMANDA (id_restaurant, id_casier, id_cont) VALUES (10, NULL, '5');
INSERT INTO COMANDA_include_RETETA (id_comanda, id_reteta) VALUES (245, 2);
INSERT INTO COMANDA_include_RETETA (id_comanda, id_reteta) VALUES (245, 3);
INSERT INTO COMANDA_include_RETETA (id_comanda, id_reteta) VALUES (245, 4);
INSERT INTO COMANDA_include_RETETA (id_comanda, id_reteta) VALUES (245, 5);
INSERT INTO COMANDA (id_restaurant, id_casier, id_cont) VALUES (15, 164, NULL);
INSERT INTO COMANDA_include_RETETA (id_comanda, id_reteta) VALUES (246, 4);
INSERT INTO COMANDA_include_RETETA (id_comanda, id_reteta) VALUES (246, 5);
INSERT INTO COMANDA (id_restaurant, id_casier, id_cont) VALUES (1, NULL, '5');
INSERT INTO COMANDA_include_RETETA (id_comanda, id_reteta) VALUES (247, 2);
INSERT INTO COMANDA_include_RETETA (id_comanda, id_reteta) VALUES (247, 3);
INSERT INTO COMANDA_include_RETETA (id_comanda, id_reteta) VALUES (247, 4);
INSERT INTO COMANDA (id_restaurant, id_casier, id_cont) VALUES (10, 106, NULL);
INSERT INTO COMANDA_include_RETETA (id_comanda, id_reteta) VALUES (248, 4);
INSERT INTO COMANDA (id_restaurant, id_casier, id_cont) VALUES (30, 311, NULL);
INSERT INTO COMANDA_include_RETETA (id_comanda, id_reteta) VALUES (249, 1);
INSERT INTO COMANDA_include_RETETA (id_comanda, id_reteta) VALUES (249, 3);
INSERT INTO COMANDA (id_restaurant, id_casier, id_cont) VALUES (27, NULL, '5');
INSERT INTO COMANDA_include_RETETA (id_comanda, id_reteta) VALUES (250, 2);
INSERT INTO COMANDA_include_RETETA (id_comanda, id_reteta) VALUES (250, 3);
INSERT INTO COMANDA (id_restaurant, id_casier, id_cont) VALUES (23, 236, NULL);
INSERT INTO COMANDA_include_RETETA (id_comanda, id_reteta) VALUES (251, 2);
INSERT INTO COMANDA_include_RETETA (id_comanda, id_reteta) VALUES (251, 3);
INSERT INTO COMANDA_include_RETETA (id_comanda, id_reteta) VALUES (251, 5);
INSERT INTO COMANDA (id_restaurant, id_casier, id_cont) VALUES (23, 236, NULL);
INSERT INTO COMANDA_include_RETETA (id_comanda, id_reteta) VALUES (252, 1);
INSERT INTO COMANDA_include_RETETA (id_comanda, id_reteta) VALUES (252, 2);
INSERT INTO COMANDA (id_restaurant, id_casier, id_cont) VALUES (23, 236, NULL);
INSERT INTO COMANDA_include_RETETA (id_comanda, id_reteta) VALUES (253, 1);
INSERT INTO COMANDA_include_RETETA (id_comanda, id_reteta) VALUES (253, 3);
INSERT INTO COMANDA_include_RETETA (id_comanda, id_reteta) VALUES (253, 4);
INSERT INTO COMANDA (id_restaurant, id_casier, id_cont) VALUES (23, NULL, '6');
INSERT INTO COMANDA_include_RETETA (id_comanda, id_reteta) VALUES (254, 1);
INSERT INTO COMANDA_include_RETETA (id_comanda, id_reteta) VALUES (254, 3);
INSERT INTO COMANDA_include_RETETA (id_comanda, id_reteta) VALUES (254, 4);
INSERT INTO COMANDA (id_restaurant, id_casier, id_cont) VALUES (23, NULL, '6');
INSERT INTO COMANDA_include_RETETA (id_comanda, id_reteta) VALUES (255, 3);
INSERT INTO COMANDA (id_restaurant, id_casier, id_cont) VALUES (23, 236, NULL);
INSERT INTO COMANDA_include_RETETA (id_comanda, id_reteta) VALUES (256, 3);
INSERT INTO COMANDA (id_restaurant, id_casier, id_cont) VALUES (23, NULL, '6');
INSERT INTO COMANDA_include_RETETA (id_comanda, id_reteta) VALUES (257, 2);
INSERT INTO COMANDA_include_RETETA (id_comanda, id_reteta) VALUES (257, 3);
INSERT INTO COMANDA_include_RETETA (id_comanda, id_reteta) VALUES (257, 4);
INSERT INTO COMANDA_include_RETETA (id_comanda, id_reteta) VALUES (257, 5);
INSERT INTO COMANDA (id_restaurant, id_casier, id_cont) VALUES (23, NULL, '6');
INSERT INTO COMANDA_include_RETETA (id_comanda, id_reteta) VALUES (258, 4);
INSERT INTO COMANDA_include_RETETA (id_comanda, id_reteta) VALUES (258, 5);
INSERT INTO COMANDA (id_restaurant, id_casier, id_cont) VALUES (23, NULL, '6');
INSERT INTO COMANDA_include_RETETA (id_comanda, id_reteta) VALUES (259, 2);
INSERT INTO COMANDA_include_RETETA (id_comanda, id_reteta) VALUES (259, 4);
INSERT INTO COMANDA_include_RETETA (id_comanda, id_reteta) VALUES (259, 5);
INSERT INTO COMANDA (id_restaurant, id_casier, id_cont) VALUES (23, 236, NULL);
INSERT INTO COMANDA_include_RETETA (id_comanda, id_reteta) VALUES (260, 2);
INSERT INTO COMANDA_include_RETETA (id_comanda, id_reteta) VALUES (260, 5);
INSERT INTO COMANDA (id_restaurant, id_casier, id_cont) VALUES (23, NULL, '6');
INSERT INTO COMANDA_include_RETETA (id_comanda, id_reteta) VALUES (261, 1);
INSERT INTO COMANDA_include_RETETA (id_comanda, id_reteta) VALUES (261, 2);
INSERT INTO COMANDA_include_RETETA (id_comanda, id_reteta) VALUES (261, 3);
INSERT INTO COMANDA_include_RETETA (id_comanda, id_reteta) VALUES (261, 4);
INSERT INTO COMANDA_include_RETETA (id_comanda, id_reteta) VALUES (261, 5);
INSERT INTO COMANDA (id_restaurant, id_casier, id_cont) VALUES (23, 236, NULL);
INSERT INTO COMANDA_include_RETETA (id_comanda, id_reteta) VALUES (262, 1);
INSERT INTO COMANDA_include_RETETA (id_comanda, id_reteta) VALUES (262, 3);
INSERT INTO COMANDA (id_restaurant, id_casier, id_cont) VALUES (23, NULL, '6');
INSERT INTO COMANDA_include_RETETA (id_comanda, id_reteta) VALUES (263, 1);
INSERT INTO COMANDA_include_RETETA (id_comanda, id_reteta) VALUES (263, 2);
INSERT INTO COMANDA_include_RETETA (id_comanda, id_reteta) VALUES (263, 5);
INSERT INTO COMANDA (id_restaurant, id_casier, id_cont) VALUES (23, NULL, '6');
INSERT INTO COMANDA_include_RETETA (id_comanda, id_reteta) VALUES (264, 3);
INSERT INTO COMANDA_include_RETETA (id_comanda, id_reteta) VALUES (264, 5);
INSERT INTO COMANDA (id_restaurant, id_casier, id_cont) VALUES (23, NULL, '6');
INSERT INTO COMANDA_include_RETETA (id_comanda, id_reteta) VALUES (265, 1);
INSERT INTO COMANDA_include_RETETA (id_comanda, id_reteta) VALUES (265, 4);
INSERT INTO COMANDA (id_restaurant, id_casier, id_cont) VALUES (23, NULL, '6');
INSERT INTO COMANDA_include_RETETA (id_comanda, id_reteta) VALUES (266, 5);
INSERT INTO COMANDA (id_restaurant, id_casier, id_cont) VALUES (23, NULL, '6');
INSERT INTO COMANDA_include_RETETA (id_comanda, id_reteta) VALUES (267, 3);
INSERT INTO COMANDA (id_restaurant, id_casier, id_cont) VALUES (23, 236, NULL);
INSERT INTO COMANDA_include_RETETA (id_comanda, id_reteta) VALUES (268, 2);
INSERT INTO COMANDA_include_RETETA (id_comanda, id_reteta) VALUES (268, 4);
INSERT INTO COMANDA (id_restaurant, id_casier, id_cont) VALUES (23, 236, NULL);
INSERT INTO COMANDA_include_RETETA (id_comanda, id_reteta) VALUES (269, 3);
INSERT INTO COMANDA_include_RETETA (id_comanda, id_reteta) VALUES (269, 4);
INSERT INTO COMANDA (id_restaurant, id_casier, id_cont) VALUES (23, NULL, '6');
INSERT INTO COMANDA_include_RETETA (id_comanda, id_reteta) VALUES (270, 4);
INSERT INTO COMANDA_include_RETETA (id_comanda, id_reteta) VALUES (270, 5);
INSERT INTO COMANDA (id_restaurant, id_casier, id_cont) VALUES (23, NULL, '6');
INSERT INTO COMANDA_include_RETETA (id_comanda, id_reteta) VALUES (271, 1);
INSERT INTO COMANDA_include_RETETA (id_comanda, id_reteta) VALUES (271, 3);
INSERT INTO COMANDA_include_RETETA (id_comanda, id_reteta) VALUES (271, 4);
INSERT INTO COMANDA_include_RETETA (id_comanda, id_reteta) VALUES (271, 5);
INSERT INTO COMANDA (id_restaurant, id_casier, id_cont) VALUES (23, NULL, '6');
INSERT INTO COMANDA_include_RETETA (id_comanda, id_reteta) VALUES (272, 5);
INSERT INTO COMANDA (id_restaurant, id_casier, id_cont) VALUES (23, NULL, '6');
INSERT INTO COMANDA_include_RETETA (id_comanda, id_reteta) VALUES (273, 2);
INSERT INTO COMANDA_include_RETETA (id_comanda, id_reteta) VALUES (273, 4);
INSERT INTO COMANDA (id_restaurant, id_casier, id_cont) VALUES (23, NULL, '6');
INSERT INTO COMANDA_include_RETETA (id_comanda, id_reteta) VALUES (274, 1);
INSERT INTO COMANDA_include_RETETA (id_comanda, id_reteta) VALUES (274, 2);
INSERT INTO COMANDA_include_RETETA (id_comanda, id_reteta) VALUES (274, 3);
INSERT INTO COMANDA_include_RETETA (id_comanda, id_reteta) VALUES (274, 4);
INSERT INTO COMANDA_include_RETETA (id_comanda, id_reteta) VALUES (274, 5);
INSERT INTO COMANDA (id_restaurant, id_casier, id_cont) VALUES (23, NULL, '6');
INSERT INTO COMANDA_include_RETETA (id_comanda, id_reteta) VALUES (275, 2);
INSERT INTO COMANDA_include_RETETA (id_comanda, id_reteta) VALUES (275, 4);
INSERT INTO COMANDA (id_restaurant, id_casier, id_cont) VALUES (23, NULL, '6');
INSERT INTO COMANDA_include_RETETA (id_comanda, id_reteta) VALUES (276, 1);
INSERT INTO COMANDA_include_RETETA (id_comanda, id_reteta) VALUES (276, 2);
INSERT INTO COMANDA_include_RETETA (id_comanda, id_reteta) VALUES (276, 3);
INSERT INTO COMANDA_include_RETETA (id_comanda, id_reteta) VALUES (276, 4);
INSERT INTO COMANDA_include_RETETA (id_comanda, id_reteta) VALUES (276, 5);
INSERT INTO COMANDA (id_restaurant, id_casier, id_cont) VALUES (23, 236, NULL);
INSERT INTO COMANDA_include_RETETA (id_comanda, id_reteta) VALUES (277, 3);
INSERT INTO COMANDA (id_restaurant, id_casier, id_cont) VALUES (23, 236, NULL);
INSERT INTO COMANDA_include_RETETA (id_comanda, id_reteta) VALUES (278, 1);
INSERT INTO COMANDA_include_RETETA (id_comanda, id_reteta) VALUES (278, 4);
INSERT INTO COMANDA_include_RETETA (id_comanda, id_reteta) VALUES (278, 5);
INSERT INTO COMANDA (id_restaurant, id_casier, id_cont) VALUES (23, 236, NULL);
INSERT INTO COMANDA_include_RETETA (id_comanda, id_reteta) VALUES (279, 1);
INSERT INTO COMANDA_include_RETETA (id_comanda, id_reteta) VALUES (279, 2);
INSERT INTO COMANDA_include_RETETA (id_comanda, id_reteta) VALUES (279, 3);
INSERT INTO COMANDA (id_restaurant, id_casier, id_cont) VALUES (23, 236, NULL);
INSERT INTO COMANDA_include_RETETA (id_comanda, id_reteta) VALUES (280, 5);
INSERT INTO COMANDA (id_restaurant, id_casier, id_cont) VALUES (23, 236, NULL);
INSERT INTO COMANDA_include_RETETA (id_comanda, id_reteta) VALUES (281, 2);
INSERT INTO COMANDA_include_RETETA (id_comanda, id_reteta) VALUES (281, 4);
INSERT INTO COMANDA_include_RETETA (id_comanda, id_reteta) VALUES (281, 5);
INSERT INTO COMANDA (id_restaurant, id_casier, id_cont) VALUES (23, NULL, '6');
INSERT INTO COMANDA_include_RETETA (id_comanda, id_reteta) VALUES (282, 2);
INSERT INTO COMANDA_include_RETETA (id_comanda, id_reteta) VALUES (282, 3);
INSERT INTO COMANDA_include_RETETA (id_comanda, id_reteta) VALUES (282, 4);
INSERT INTO COMANDA_include_RETETA (id_comanda, id_reteta) VALUES (282, 5);
INSERT INTO COMANDA (id_restaurant, id_casier, id_cont) VALUES (23, 236, NULL);
INSERT INTO COMANDA_include_RETETA (id_comanda, id_reteta) VALUES (283, 1);
INSERT INTO COMANDA_include_RETETA (id_comanda, id_reteta) VALUES (283, 3);
INSERT INTO COMANDA (id_restaurant, id_casier, id_cont) VALUES (23, NULL, '6');
INSERT INTO COMANDA_include_RETETA (id_comanda, id_reteta) VALUES (284, 1);
INSERT INTO COMANDA_include_RETETA (id_comanda, id_reteta) VALUES (284, 3);
INSERT INTO COMANDA (id_restaurant, id_casier, id_cont) VALUES (23, 236, NULL);
INSERT INTO COMANDA_include_RETETA (id_comanda, id_reteta) VALUES (285, 2);
INSERT INTO COMANDA_include_RETETA (id_comanda, id_reteta) VALUES (285, 3);
INSERT INTO COMANDA_include_RETETA (id_comanda, id_reteta) VALUES (285, 4);
INSERT INTO COMANDA_include_RETETA (id_comanda, id_reteta) VALUES (285, 5);
INSERT INTO COMANDA (id_restaurant, id_casier, id_cont) VALUES (23, NULL, '6');
INSERT INTO COMANDA_include_RETETA (id_comanda, id_reteta) VALUES (286, 1);
INSERT INTO COMANDA_include_RETETA (id_comanda, id_reteta) VALUES (286, 3);
INSERT INTO COMANDA_include_RETETA (id_comanda, id_reteta) VALUES (286, 4);
INSERT INTO COMANDA_include_RETETA (id_comanda, id_reteta) VALUES (286, 5);
INSERT INTO COMANDA (id_restaurant, id_casier, id_cont) VALUES (23, 236, NULL);
INSERT INTO COMANDA_include_RETETA (id_comanda, id_reteta) VALUES (287, 3);
INSERT INTO COMANDA_include_RETETA (id_comanda, id_reteta) VALUES (287, 5);
INSERT INTO COMANDA (id_restaurant, id_casier, id_cont) VALUES (23, NULL, '6');
INSERT INTO COMANDA_include_RETETA (id_comanda, id_reteta) VALUES (288, 2);
INSERT INTO COMANDA_include_RETETA (id_comanda, id_reteta) VALUES (288, 4);
INSERT INTO COMANDA_include_RETETA (id_comanda, id_reteta) VALUES (288, 5);
INSERT INTO COMANDA (id_restaurant, id_casier, id_cont) VALUES (23, NULL, '6');
INSERT INTO COMANDA_include_RETETA (id_comanda, id_reteta) VALUES (289, 2);
INSERT INTO COMANDA_include_RETETA (id_comanda, id_reteta) VALUES (289, 3);
INSERT INTO COMANDA (id_restaurant, id_casier, id_cont) VALUES (23, NULL, '6');
INSERT INTO COMANDA_include_RETETA (id_comanda, id_reteta) VALUES (290, 2);
INSERT INTO COMANDA_include_RETETA (id_comanda, id_reteta) VALUES (290, 3);
INSERT INTO COMANDA_include_RETETA (id_comanda, id_reteta) VALUES (290, 4);
INSERT INTO COMANDA_include_RETETA (id_comanda, id_reteta) VALUES (290, 5);
INSERT INTO COMANDA (id_restaurant, id_casier, id_cont) VALUES (23, NULL, '6');
INSERT INTO COMANDA_include_RETETA (id_comanda, id_reteta) VALUES (291, 1);
INSERT INTO COMANDA_include_RETETA (id_comanda, id_reteta) VALUES (291, 2);
INSERT INTO COMANDA_include_RETETA (id_comanda, id_reteta) VALUES (291, 5);
INSERT INTO COMANDA (id_restaurant, id_casier, id_cont) VALUES (23, 236, NULL);
INSERT INTO COMANDA_include_RETETA (id_comanda, id_reteta) VALUES (292, 2);
INSERT INTO COMANDA_include_RETETA (id_comanda, id_reteta) VALUES (292, 4);
INSERT INTO COMANDA_include_RETETA (id_comanda, id_reteta) VALUES (292, 5);
INSERT INTO COMANDA (id_restaurant, id_casier, id_cont) VALUES (23, NULL, '6');
INSERT INTO COMANDA_include_RETETA (id_comanda, id_reteta) VALUES (293, 2);
INSERT INTO COMANDA_include_RETETA (id_comanda, id_reteta) VALUES (293, 3);
INSERT INTO COMANDA_include_RETETA (id_comanda, id_reteta) VALUES (293, 4);
INSERT INTO COMANDA (id_restaurant, id_casier, id_cont) VALUES (23, NULL, '6');
INSERT INTO COMANDA_include_RETETA (id_comanda, id_reteta) VALUES (294, 1);
INSERT INTO COMANDA_include_RETETA (id_comanda, id_reteta) VALUES (294, 3);
INSERT INTO COMANDA_include_RETETA (id_comanda, id_reteta) VALUES (294, 4);
INSERT INTO COMANDA_include_RETETA (id_comanda, id_reteta) VALUES (294, 5);
INSERT INTO COMANDA (id_restaurant, id_casier, id_cont) VALUES (23, NULL, '6');
INSERT INTO COMANDA_include_RETETA (id_comanda, id_reteta) VALUES (295, 1);
INSERT INTO COMANDA_include_RETETA (id_comanda, id_reteta) VALUES (295, 4);
INSERT INTO COMANDA_include_RETETA (id_comanda, id_reteta) VALUES (295, 5);
INSERT INTO COMANDA (id_restaurant, id_casier, id_cont) VALUES (23, NULL, '6');
INSERT INTO COMANDA_include_RETETA (id_comanda, id_reteta) VALUES (296, 1);
INSERT INTO COMANDA_include_RETETA (id_comanda, id_reteta) VALUES (296, 3);
INSERT INTO COMANDA_include_RETETA (id_comanda, id_reteta) VALUES (296, 4);
INSERT INTO COMANDA (id_restaurant, id_casier, id_cont) VALUES (23, 236, NULL);
INSERT INTO COMANDA_include_RETETA (id_comanda, id_reteta) VALUES (297, 2);
INSERT INTO COMANDA_include_RETETA (id_comanda, id_reteta) VALUES (297, 5);
INSERT INTO COMANDA (id_restaurant, id_casier, id_cont) VALUES (23, NULL, '6');
INSERT INTO COMANDA_include_RETETA (id_comanda, id_reteta) VALUES (298, 1);
INSERT INTO COMANDA_include_RETETA (id_comanda, id_reteta) VALUES (298, 2);
INSERT INTO COMANDA_include_RETETA (id_comanda, id_reteta) VALUES (298, 3);
INSERT INTO COMANDA_include_RETETA (id_comanda, id_reteta) VALUES (298, 4);
INSERT INTO COMANDA (id_restaurant, id_casier, id_cont) VALUES (23, 236, NULL);
INSERT INTO COMANDA_include_RETETA (id_comanda, id_reteta) VALUES (299, 1);
INSERT INTO COMANDA_include_RETETA (id_comanda, id_reteta) VALUES (299, 2);
INSERT INTO COMANDA_include_RETETA (id_comanda, id_reteta) VALUES (299, 3);
INSERT INTO COMANDA (id_restaurant, id_casier, id_cont) VALUES (23, NULL, '6');
INSERT INTO COMANDA_include_RETETA (id_comanda, id_reteta) VALUES (300, 2);
INSERT INTO COMANDA_include_RETETA (id_comanda, id_reteta) VALUES (300, 4);
INSERT INTO COMANDA_include_RETETA (id_comanda, id_reteta) VALUES (300, 5);
INSERT INTO COMANDA (id_restaurant, id_casier, id_cont) VALUES (21, NULL, '7');
INSERT INTO COMANDA_include_RETETA (id_comanda, id_reteta) VALUES (301, 1);
INSERT INTO COMANDA_include_RETETA (id_comanda, id_reteta) VALUES (301, 2);
INSERT INTO COMANDA_include_RETETA (id_comanda, id_reteta) VALUES (301, 5);
INSERT INTO COMANDA (id_restaurant, id_casier, id_cont) VALUES (6, 64, NULL);
INSERT INTO COMANDA_include_RETETA (id_comanda, id_reteta) VALUES (302, 1);
INSERT INTO COMANDA (id_restaurant, id_casier, id_cont) VALUES (14, NULL, '7');
INSERT INTO COMANDA_include_RETETA (id_comanda, id_reteta) VALUES (303, 3);
INSERT INTO COMANDA_include_RETETA (id_comanda, id_reteta) VALUES (303, 5);
INSERT INTO COMANDA (id_restaurant, id_casier, id_cont) VALUES (6, NULL, '7');
INSERT INTO COMANDA_include_RETETA (id_comanda, id_reteta) VALUES (304, 1);
INSERT INTO COMANDA_include_RETETA (id_comanda, id_reteta) VALUES (304, 2);
INSERT INTO COMANDA_include_RETETA (id_comanda, id_reteta) VALUES (304, 3);
INSERT INTO COMANDA_include_RETETA (id_comanda, id_reteta) VALUES (304, 5);
INSERT INTO COMANDA (id_restaurant, id_casier, id_cont) VALUES (22, NULL, '7');
INSERT INTO COMANDA_include_RETETA (id_comanda, id_reteta) VALUES (305, 2);
INSERT INTO COMANDA_include_RETETA (id_comanda, id_reteta) VALUES (305, 3);
INSERT INTO COMANDA_include_RETETA (id_comanda, id_reteta) VALUES (305, 5);
INSERT INTO COMANDA (id_restaurant, id_casier, id_cont) VALUES (22, NULL, '7');
INSERT INTO COMANDA_include_RETETA (id_comanda, id_reteta) VALUES (306, 3);
INSERT INTO COMANDA (id_restaurant, id_casier, id_cont) VALUES (19, 205, NULL);
INSERT INTO COMANDA_include_RETETA (id_comanda, id_reteta) VALUES (307, 5);
INSERT INTO COMANDA (id_restaurant, id_casier, id_cont) VALUES (26, NULL, '7');
INSERT INTO COMANDA_include_RETETA (id_comanda, id_reteta) VALUES (308, 2);
INSERT INTO COMANDA_include_RETETA (id_comanda, id_reteta) VALUES (308, 4);
INSERT INTO COMANDA (id_restaurant, id_casier, id_cont) VALUES (4, 41, NULL);
INSERT INTO COMANDA_include_RETETA (id_comanda, id_reteta) VALUES (309, 2);
INSERT INTO COMANDA_include_RETETA (id_comanda, id_reteta) VALUES (309, 3);
INSERT INTO COMANDA_include_RETETA (id_comanda, id_reteta) VALUES (309, 4);
INSERT INTO COMANDA (id_restaurant, id_casier, id_cont) VALUES (19, NULL, '7');
INSERT INTO COMANDA_include_RETETA (id_comanda, id_reteta) VALUES (310, 2);
INSERT INTO COMANDA_include_RETETA (id_comanda, id_reteta) VALUES (310, 3);
INSERT INTO COMANDA_include_RETETA (id_comanda, id_reteta) VALUES (310, 4);
INSERT INTO COMANDA_include_RETETA (id_comanda, id_reteta) VALUES (310, 5);
INSERT INTO COMANDA (id_restaurant, id_casier, id_cont) VALUES (24, NULL, '7');
INSERT INTO COMANDA_include_RETETA (id_comanda, id_reteta) VALUES (311, 3);
INSERT INTO COMANDA_include_RETETA (id_comanda, id_reteta) VALUES (311, 4);
INSERT INTO COMANDA_include_RETETA (id_comanda, id_reteta) VALUES (311, 5);
INSERT INTO COMANDA (id_restaurant, id_casier, id_cont) VALUES (19, NULL, '7');
INSERT INTO COMANDA_include_RETETA (id_comanda, id_reteta) VALUES (312, 1);
INSERT INTO COMANDA_include_RETETA (id_comanda, id_reteta) VALUES (312, 3);
INSERT INTO COMANDA_include_RETETA (id_comanda, id_reteta) VALUES (312, 4);
INSERT INTO COMANDA (id_restaurant, id_casier, id_cont) VALUES (22, NULL, '7');
INSERT INTO COMANDA_include_RETETA (id_comanda, id_reteta) VALUES (313, 4);
INSERT INTO COMANDA_include_RETETA (id_comanda, id_reteta) VALUES (313, 5);
INSERT INTO COMANDA (id_restaurant, id_casier, id_cont) VALUES (26, 267, NULL);
INSERT INTO COMANDA_include_RETETA (id_comanda, id_reteta) VALUES (314, 2);
INSERT INTO COMANDA_include_RETETA (id_comanda, id_reteta) VALUES (314, 4);
INSERT INTO COMANDA (id_restaurant, id_casier, id_cont) VALUES (12, NULL, '7');
INSERT INTO COMANDA_include_RETETA (id_comanda, id_reteta) VALUES (315, 1);
INSERT INTO COMANDA_include_RETETA (id_comanda, id_reteta) VALUES (315, 5);
INSERT INTO COMANDA (id_restaurant, id_casier, id_cont) VALUES (13, NULL, '7');
INSERT INTO COMANDA_include_RETETA (id_comanda, id_reteta) VALUES (316, 1);
INSERT INTO COMANDA_include_RETETA (id_comanda, id_reteta) VALUES (316, 2);
INSERT INTO COMANDA_include_RETETA (id_comanda, id_reteta) VALUES (316, 3);
INSERT INTO COMANDA_include_RETETA (id_comanda, id_reteta) VALUES (316, 4);
INSERT INTO COMANDA_include_RETETA (id_comanda, id_reteta) VALUES (316, 5);
INSERT INTO COMANDA (id_restaurant, id_casier, id_cont) VALUES (21, NULL, '7');
INSERT INTO COMANDA_include_RETETA (id_comanda, id_reteta) VALUES (317, 2);
INSERT INTO COMANDA_include_RETETA (id_comanda, id_reteta) VALUES (317, 3);
INSERT INTO COMANDA_include_RETETA (id_comanda, id_reteta) VALUES (317, 4);
INSERT INTO COMANDA_include_RETETA (id_comanda, id_reteta) VALUES (317, 5);
INSERT INTO COMANDA (id_restaurant, id_casier, id_cont) VALUES (25, NULL, '7');
INSERT INTO COMANDA_include_RETETA (id_comanda, id_reteta) VALUES (318, 4);
INSERT INTO COMANDA_include_RETETA (id_comanda, id_reteta) VALUES (318, 5);
INSERT INTO COMANDA (id_restaurant, id_casier, id_cont) VALUES (20, NULL, '7');
INSERT INTO COMANDA_include_RETETA (id_comanda, id_reteta) VALUES (319, 2);
INSERT INTO COMANDA_include_RETETA (id_comanda, id_reteta) VALUES (319, 3);
INSERT INTO COMANDA_include_RETETA (id_comanda, id_reteta) VALUES (319, 5);
INSERT INTO COMANDA (id_restaurant, id_casier, id_cont) VALUES (4, NULL, '7');
INSERT INTO COMANDA_include_RETETA (id_comanda, id_reteta) VALUES (320, 2);
INSERT INTO COMANDA_include_RETETA (id_comanda, id_reteta) VALUES (320, 4);
INSERT INTO COMANDA (id_restaurant, id_casier, id_cont) VALUES (20, 212, NULL);
INSERT INTO COMANDA_include_RETETA (id_comanda, id_reteta) VALUES (321, 5);
INSERT INTO COMANDA (id_restaurant, id_casier, id_cont) VALUES (26, 265, NULL);
INSERT INTO COMANDA_include_RETETA (id_comanda, id_reteta) VALUES (322, 1);
INSERT INTO COMANDA_include_RETETA (id_comanda, id_reteta) VALUES (322, 4);
INSERT INTO COMANDA (id_restaurant, id_casier, id_cont) VALUES (22, 230, NULL);
INSERT INTO COMANDA_include_RETETA (id_comanda, id_reteta) VALUES (323, 2);
INSERT INTO COMANDA_include_RETETA (id_comanda, id_reteta) VALUES (323, 5);
INSERT INTO COMANDA (id_restaurant, id_casier, id_cont) VALUES (14, NULL, '7');
INSERT INTO COMANDA_include_RETETA (id_comanda, id_reteta) VALUES (324, 3);
INSERT INTO COMANDA (id_restaurant, id_casier, id_cont) VALUES (12, NULL, '7');
INSERT INTO COMANDA_include_RETETA (id_comanda, id_reteta) VALUES (325, 2);
INSERT INTO COMANDA_include_RETETA (id_comanda, id_reteta) VALUES (325, 4);
INSERT INTO COMANDA_include_RETETA (id_comanda, id_reteta) VALUES (325, 5);
INSERT INTO COMANDA (id_restaurant, id_casier, id_cont) VALUES (24, NULL, '7');
INSERT INTO COMANDA_include_RETETA (id_comanda, id_reteta) VALUES (326, 1);
INSERT INTO COMANDA_include_RETETA (id_comanda, id_reteta) VALUES (326, 2);
INSERT INTO COMANDA_include_RETETA (id_comanda, id_reteta) VALUES (326, 3);
INSERT INTO COMANDA_include_RETETA (id_comanda, id_reteta) VALUES (326, 5);
INSERT INTO COMANDA (id_restaurant, id_casier, id_cont) VALUES (25, NULL, '7');
INSERT INTO COMANDA_include_RETETA (id_comanda, id_reteta) VALUES (327, 1);
INSERT INTO COMANDA_include_RETETA (id_comanda, id_reteta) VALUES (327, 4);
INSERT INTO COMANDA_include_RETETA (id_comanda, id_reteta) VALUES (327, 5);
INSERT INTO COMANDA (id_restaurant, id_casier, id_cont) VALUES (4, NULL, '7');
INSERT INTO COMANDA_include_RETETA (id_comanda, id_reteta) VALUES (328, 1);
INSERT INTO COMANDA_include_RETETA (id_comanda, id_reteta) VALUES (328, 2);
INSERT INTO COMANDA_include_RETETA (id_comanda, id_reteta) VALUES (328, 5);
INSERT INTO COMANDA (id_restaurant, id_casier, id_cont) VALUES (13, NULL, '7');
INSERT INTO COMANDA_include_RETETA (id_comanda, id_reteta) VALUES (329, 1);
INSERT INTO COMANDA_include_RETETA (id_comanda, id_reteta) VALUES (329, 2);
INSERT INTO COMANDA_include_RETETA (id_comanda, id_reteta) VALUES (329, 3);
INSERT INTO COMANDA_include_RETETA (id_comanda, id_reteta) VALUES (329, 4);
INSERT INTO COMANDA_include_RETETA (id_comanda, id_reteta) VALUES (329, 5);
INSERT INTO COMANDA (id_restaurant, id_casier, id_cont) VALUES (20, NULL, '7');
INSERT INTO COMANDA_include_RETETA (id_comanda, id_reteta) VALUES (330, 1);
INSERT INTO COMANDA_include_RETETA (id_comanda, id_reteta) VALUES (330, 3);
INSERT INTO COMANDA_include_RETETA (id_comanda, id_reteta) VALUES (330, 5);
INSERT INTO COMANDA (id_restaurant, id_casier, id_cont) VALUES (25, NULL, '7');
INSERT INTO COMANDA_include_RETETA (id_comanda, id_reteta) VALUES (331, 3);
INSERT INTO COMANDA (id_restaurant, id_casier, id_cont) VALUES (12, 126, NULL);
INSERT INTO COMANDA_include_RETETA (id_comanda, id_reteta) VALUES (332, 1);
INSERT INTO COMANDA_include_RETETA (id_comanda, id_reteta) VALUES (332, 3);
INSERT INTO COMANDA_include_RETETA (id_comanda, id_reteta) VALUES (332, 5);
INSERT INTO COMANDA (id_restaurant, id_casier, id_cont) VALUES (6, NULL, '7');
INSERT INTO COMANDA_include_RETETA (id_comanda, id_reteta) VALUES (333, 3);
INSERT INTO COMANDA_include_RETETA (id_comanda, id_reteta) VALUES (333, 4);
INSERT INTO COMANDA_include_RETETA (id_comanda, id_reteta) VALUES (333, 5);
INSERT INTO COMANDA (id_restaurant, id_casier, id_cont) VALUES (12, 127, NULL);
INSERT INTO COMANDA_include_RETETA (id_comanda, id_reteta) VALUES (334, 1);
INSERT INTO COMANDA_include_RETETA (id_comanda, id_reteta) VALUES (334, 2);
INSERT INTO COMANDA_include_RETETA (id_comanda, id_reteta) VALUES (334, 3);
INSERT INTO COMANDA (id_restaurant, id_casier, id_cont) VALUES (2, NULL, '7');
INSERT INTO COMANDA_include_RETETA (id_comanda, id_reteta) VALUES (335, 2);
INSERT INTO COMANDA_include_RETETA (id_comanda, id_reteta) VALUES (335, 3);
INSERT INTO COMANDA_include_RETETA (id_comanda, id_reteta) VALUES (335, 5);
INSERT INTO COMANDA (id_restaurant, id_casier, id_cont) VALUES (21, NULL, '7');
INSERT INTO COMANDA_include_RETETA (id_comanda, id_reteta) VALUES (336, 1);
INSERT INTO COMANDA_include_RETETA (id_comanda, id_reteta) VALUES (336, 2);
INSERT INTO COMANDA_include_RETETA (id_comanda, id_reteta) VALUES (336, 3);
INSERT INTO COMANDA (id_restaurant, id_casier, id_cont) VALUES (13, 136, NULL);
INSERT INTO COMANDA_include_RETETA (id_comanda, id_reteta) VALUES (337, 1);
INSERT INTO COMANDA_include_RETETA (id_comanda, id_reteta) VALUES (337, 3);
INSERT INTO COMANDA (id_restaurant, id_casier, id_cont) VALUES (6, 64, NULL);
INSERT INTO COMANDA_include_RETETA (id_comanda, id_reteta) VALUES (338, 1);
INSERT INTO COMANDA_include_RETETA (id_comanda, id_reteta) VALUES (338, 4);
INSERT INTO COMANDA_include_RETETA (id_comanda, id_reteta) VALUES (338, 5);
INSERT INTO COMANDA (id_restaurant, id_casier, id_cont) VALUES (24, NULL, '7');
INSERT INTO COMANDA_include_RETETA (id_comanda, id_reteta) VALUES (339, 2);
INSERT INTO COMANDA_include_RETETA (id_comanda, id_reteta) VALUES (339, 3);
INSERT INTO COMANDA_include_RETETA (id_comanda, id_reteta) VALUES (339, 5);
INSERT INTO COMANDA (id_restaurant, id_casier, id_cont) VALUES (14, 153, NULL);
INSERT INTO COMANDA_include_RETETA (id_comanda, id_reteta) VALUES (340, 4);
INSERT INTO COMANDA (id_restaurant, id_casier, id_cont) VALUES (22, NULL, '7');
INSERT INTO COMANDA_include_RETETA (id_comanda, id_reteta) VALUES (341, 2);
INSERT INTO COMANDA_include_RETETA (id_comanda, id_reteta) VALUES (341, 5);
INSERT INTO COMANDA (id_restaurant, id_casier, id_cont) VALUES (4, NULL, '7');
INSERT INTO COMANDA_include_RETETA (id_comanda, id_reteta) VALUES (342, 3);
INSERT INTO COMANDA (id_restaurant, id_casier, id_cont) VALUES (25, NULL, '7');
INSERT INTO COMANDA_include_RETETA (id_comanda, id_reteta) VALUES (343, 2);
INSERT INTO COMANDA_include_RETETA (id_comanda, id_reteta) VALUES (343, 5);
INSERT INTO COMANDA (id_restaurant, id_casier, id_cont) VALUES (26, NULL, '7');
INSERT INTO COMANDA_include_RETETA (id_comanda, id_reteta) VALUES (344, 2);
INSERT INTO COMANDA (id_restaurant, id_casier, id_cont) VALUES (4, NULL, '7');
INSERT INTO COMANDA_include_RETETA (id_comanda, id_reteta) VALUES (345, 3);
INSERT INTO COMANDA (id_restaurant, id_casier, id_cont) VALUES (4, 43, NULL);
INSERT INTO COMANDA_include_RETETA (id_comanda, id_reteta) VALUES (346, 1);
INSERT INTO COMANDA_include_RETETA (id_comanda, id_reteta) VALUES (346, 3);
INSERT INTO COMANDA_include_RETETA (id_comanda, id_reteta) VALUES (346, 4);
INSERT INTO COMANDA_include_RETETA (id_comanda, id_reteta) VALUES (346, 5);
INSERT INTO COMANDA (id_restaurant, id_casier, id_cont) VALUES (24, NULL, '7');
INSERT INTO COMANDA_include_RETETA (id_comanda, id_reteta) VALUES (347, 5);
INSERT INTO COMANDA (id_restaurant, id_casier, id_cont) VALUES (25, NULL, '7');
INSERT INTO COMANDA_include_RETETA (id_comanda, id_reteta) VALUES (348, 1);
INSERT INTO COMANDA_include_RETETA (id_comanda, id_reteta) VALUES (348, 2);
INSERT INTO COMANDA_include_RETETA (id_comanda, id_reteta) VALUES (348, 3);
INSERT INTO COMANDA_include_RETETA (id_comanda, id_reteta) VALUES (348, 5);
INSERT INTO COMANDA (id_restaurant, id_casier, id_cont) VALUES (4, 38, NULL);
INSERT INTO COMANDA_include_RETETA (id_comanda, id_reteta) VALUES (349, 2);
INSERT INTO COMANDA (id_restaurant, id_casier, id_cont) VALUES (19, 201, NULL);
INSERT INTO COMANDA_include_RETETA (id_comanda, id_reteta) VALUES (350, 2);
INSERT INTO COMANDA_include_RETETA (id_comanda, id_reteta) VALUES (350, 3);
INSERT INTO COMANDA_include_RETETA (id_comanda, id_reteta) VALUES (350, 4);
INSERT INTO COMANDA_include_RETETA (id_comanda, id_reteta) VALUES (350, 5);
INSERT INTO COMANDA (id_restaurant, id_casier, id_cont) VALUES (7, NULL, '8');
INSERT INTO COMANDA_include_RETETA (id_comanda, id_reteta) VALUES (351, 5);
INSERT INTO COMANDA (id_restaurant, id_casier, id_cont) VALUES (29, 300, NULL);
INSERT INTO COMANDA_include_RETETA (id_comanda, id_reteta) VALUES (352, 3);
INSERT INTO COMANDA_include_RETETA (id_comanda, id_reteta) VALUES (352, 4);
INSERT INTO COMANDA (id_restaurant, id_casier, id_cont) VALUES (7, NULL, '8');
INSERT INTO COMANDA_include_RETETA (id_comanda, id_reteta) VALUES (353, 4);
INSERT INTO COMANDA (id_restaurant, id_casier, id_cont) VALUES (29, NULL, '8');
INSERT INTO COMANDA_include_RETETA (id_comanda, id_reteta) VALUES (354, 1);
INSERT INTO COMANDA_include_RETETA (id_comanda, id_reteta) VALUES (354, 2);
INSERT INTO COMANDA_include_RETETA (id_comanda, id_reteta) VALUES (354, 3);
INSERT INTO COMANDA_include_RETETA (id_comanda, id_reteta) VALUES (354, 4);
INSERT INTO COMANDA_include_RETETA (id_comanda, id_reteta) VALUES (354, 5);
INSERT INTO COMANDA (id_restaurant, id_casier, id_cont) VALUES (17, NULL, '8');
INSERT INTO COMANDA_include_RETETA (id_comanda, id_reteta) VALUES (355, 2);
INSERT INTO COMANDA_include_RETETA (id_comanda, id_reteta) VALUES (355, 4);
INSERT INTO COMANDA_include_RETETA (id_comanda, id_reteta) VALUES (355, 5);
INSERT INTO COMANDA (id_restaurant, id_casier, id_cont) VALUES (7, 71, NULL);
INSERT INTO COMANDA (id_restaurant, id_casier, id_cont) VALUES (7, 71, NULL);
INSERT INTO COMANDA_include_RETETA (id_comanda, id_reteta) VALUES (357, 2);
INSERT INTO COMANDA_include_RETETA (id_comanda, id_reteta) VALUES (357, 3);
INSERT INTO COMANDA_include_RETETA (id_comanda, id_reteta) VALUES (357, 4);
INSERT INTO COMANDA (id_restaurant, id_casier, id_cont) VALUES (7, NULL, '8');
INSERT INTO COMANDA_include_RETETA (id_comanda, id_reteta) VALUES (358, 1);
INSERT INTO COMANDA_include_RETETA (id_comanda, id_reteta) VALUES (358, 2);
INSERT INTO COMANDA_include_RETETA (id_comanda, id_reteta) VALUES (358, 5);
INSERT INTO COMANDA (id_restaurant, id_casier, id_cont) VALUES (17, NULL, '8');
INSERT INTO COMANDA_include_RETETA (id_comanda, id_reteta) VALUES (359, 3);
INSERT INTO COMANDA_include_RETETA (id_comanda, id_reteta) VALUES (359, 4);
INSERT INTO COMANDA (id_restaurant, id_casier, id_cont) VALUES (17, NULL, '8');
INSERT INTO COMANDA_include_RETETA (id_comanda, id_reteta) VALUES (360, 3);
INSERT INTO COMANDA_include_RETETA (id_comanda, id_reteta) VALUES (360, 4);
INSERT INTO COMANDA_include_RETETA (id_comanda, id_reteta) VALUES (360, 5);
INSERT INTO COMANDA (id_restaurant, id_casier, id_cont) VALUES (29, NULL, '8');
INSERT INTO COMANDA_include_RETETA (id_comanda, id_reteta) VALUES (361, 1);
INSERT INTO COMANDA_include_RETETA (id_comanda, id_reteta) VALUES (361, 2);
INSERT INTO COMANDA_include_RETETA (id_comanda, id_reteta) VALUES (361, 4);
INSERT INTO COMANDA_include_RETETA (id_comanda, id_reteta) VALUES (361, 5);
INSERT INTO COMANDA (id_restaurant, id_casier, id_cont) VALUES (7, NULL, '8');
INSERT INTO COMANDA_include_RETETA (id_comanda, id_reteta) VALUES (362, 1);
INSERT INTO COMANDA_include_RETETA (id_comanda, id_reteta) VALUES (362, 3);
INSERT INTO COMANDA (id_restaurant, id_casier, id_cont) VALUES (17, NULL, '8');
INSERT INTO COMANDA_include_RETETA (id_comanda, id_reteta) VALUES (363, 1);
INSERT INTO COMANDA_include_RETETA (id_comanda, id_reteta) VALUES (363, 2);
INSERT INTO COMANDA_include_RETETA (id_comanda, id_reteta) VALUES (363, 3);
INSERT INTO COMANDA_include_RETETA (id_comanda, id_reteta) VALUES (363, 5);
INSERT INTO COMANDA (id_restaurant, id_casier, id_cont) VALUES (18, NULL, '8');
INSERT INTO COMANDA_include_RETETA (id_comanda, id_reteta) VALUES (364, 5);
INSERT INTO COMANDA (id_restaurant, id_casier, id_cont) VALUES (17, 181, NULL);
INSERT INTO COMANDA_include_RETETA (id_comanda, id_reteta) VALUES (365, 1);
INSERT INTO COMANDA_include_RETETA (id_comanda, id_reteta) VALUES (365, 2);
INSERT INTO COMANDA_include_RETETA (id_comanda, id_reteta) VALUES (365, 4);
INSERT INTO COMANDA (id_restaurant, id_casier, id_cont) VALUES (7, NULL, '8');
INSERT INTO COMANDA_include_RETETA (id_comanda, id_reteta) VALUES (366, 1);
INSERT INTO COMANDA_include_RETETA (id_comanda, id_reteta) VALUES (366, 2);
INSERT INTO COMANDA (id_restaurant, id_casier, id_cont) VALUES (29, 298, NULL);
INSERT INTO COMANDA_include_RETETA (id_comanda, id_reteta) VALUES (367, 2);
INSERT INTO COMANDA_include_RETETA (id_comanda, id_reteta) VALUES (367, 4);
INSERT INTO COMANDA (id_restaurant, id_casier, id_cont) VALUES (29, NULL, '8');
INSERT INTO COMANDA_include_RETETA (id_comanda, id_reteta) VALUES (368, 1);
INSERT INTO COMANDA_include_RETETA (id_comanda, id_reteta) VALUES (368, 2);
INSERT INTO COMANDA_include_RETETA (id_comanda, id_reteta) VALUES (368, 4);
INSERT INTO COMANDA_include_RETETA (id_comanda, id_reteta) VALUES (368, 5);
INSERT INTO COMANDA (id_restaurant, id_casier, id_cont) VALUES (17, 180, NULL);
INSERT INTO COMANDA_include_RETETA (id_comanda, id_reteta) VALUES (369, 1);
INSERT INTO COMANDA_include_RETETA (id_comanda, id_reteta) VALUES (369, 4);
INSERT INTO COMANDA_include_RETETA (id_comanda, id_reteta) VALUES (369, 5);
INSERT INTO COMANDA (id_restaurant, id_casier, id_cont) VALUES (7, NULL, '8');
INSERT INTO COMANDA_include_RETETA (id_comanda, id_reteta) VALUES (370, 2);
INSERT INTO COMANDA_include_RETETA (id_comanda, id_reteta) VALUES (370, 3);
INSERT INTO COMANDA (id_restaurant, id_casier, id_cont) VALUES (18, NULL, '8');
INSERT INTO COMANDA_include_RETETA (id_comanda, id_reteta) VALUES (371, 2);
INSERT INTO COMANDA_include_RETETA (id_comanda, id_reteta) VALUES (371, 5);
INSERT INTO COMANDA (id_restaurant, id_casier, id_cont) VALUES (29, NULL, '8');
INSERT INTO COMANDA_include_RETETA (id_comanda, id_reteta) VALUES (372, 1);
INSERT INTO COMANDA_include_RETETA (id_comanda, id_reteta) VALUES (372, 3);
INSERT INTO COMANDA (id_restaurant, id_casier, id_cont) VALUES (7, NULL, '8');
INSERT INTO COMANDA_include_RETETA (id_comanda, id_reteta) VALUES (373, 1);
INSERT INTO COMANDA_include_RETETA (id_comanda, id_reteta) VALUES (373, 2);
INSERT INTO COMANDA_include_RETETA (id_comanda, id_reteta) VALUES (373, 4);
INSERT INTO COMANDA (id_restaurant, id_casier, id_cont) VALUES (18, NULL, '8');
INSERT INTO COMANDA_include_RETETA (id_comanda, id_reteta) VALUES (374, 1);
INSERT INTO COMANDA_include_RETETA (id_comanda, id_reteta) VALUES (374, 2);
INSERT INTO COMANDA_include_RETETA (id_comanda, id_reteta) VALUES (374, 3);
INSERT INTO COMANDA_include_RETETA (id_comanda, id_reteta) VALUES (374, 4);
INSERT INTO COMANDA (id_restaurant, id_casier, id_cont) VALUES (17, NULL, '8');
INSERT INTO COMANDA_include_RETETA (id_comanda, id_reteta) VALUES (375, 2);
INSERT INTO COMANDA_include_RETETA (id_comanda, id_reteta) VALUES (375, 4);
INSERT INTO COMANDA (id_restaurant, id_casier, id_cont) VALUES (29, NULL, '8');
INSERT INTO COMANDA_include_RETETA (id_comanda, id_reteta) VALUES (376, 2);
INSERT INTO COMANDA (id_restaurant, id_casier, id_cont) VALUES (17, NULL, '8');
INSERT INTO COMANDA_include_RETETA (id_comanda, id_reteta) VALUES (377, 4);
INSERT INTO COMANDA_include_RETETA (id_comanda, id_reteta) VALUES (377, 5);
INSERT INTO COMANDA (id_restaurant, id_casier, id_cont) VALUES (18, NULL, '8');
INSERT INTO COMANDA_include_RETETA (id_comanda, id_reteta) VALUES (378, 1);
INSERT INTO COMANDA_include_RETETA (id_comanda, id_reteta) VALUES (378, 4);
INSERT INTO COMANDA (id_restaurant, id_casier, id_cont) VALUES (18, 191, NULL);
INSERT INTO COMANDA (id_restaurant, id_casier, id_cont) VALUES (29, NULL, '8');
INSERT INTO COMANDA_include_RETETA (id_comanda, id_reteta) VALUES (380, 2);
INSERT INTO COMANDA_include_RETETA (id_comanda, id_reteta) VALUES (380, 4);
INSERT INTO COMANDA (id_restaurant, id_casier, id_cont) VALUES (7, NULL, '8');
INSERT INTO COMANDA_include_RETETA (id_comanda, id_reteta) VALUES (381, 2);
INSERT INTO COMANDA_include_RETETA (id_comanda, id_reteta) VALUES (381, 4);
INSERT INTO COMANDA (id_restaurant, id_casier, id_cont) VALUES (17, NULL, '8');
INSERT INTO COMANDA_include_RETETA (id_comanda, id_reteta) VALUES (382, 2);
INSERT INTO COMANDA_include_RETETA (id_comanda, id_reteta) VALUES (382, 5);
INSERT INTO COMANDA (id_restaurant, id_casier, id_cont) VALUES (17, NULL, '8');
INSERT INTO COMANDA_include_RETETA (id_comanda, id_reteta) VALUES (383, 4);
INSERT INTO COMANDA (id_restaurant, id_casier, id_cont) VALUES (29, NULL, '8');
INSERT INTO COMANDA_include_RETETA (id_comanda, id_reteta) VALUES (384, 4);
INSERT INTO COMANDA (id_restaurant, id_casier, id_cont) VALUES (29, 298, NULL);
INSERT INTO COMANDA_include_RETETA (id_comanda, id_reteta) VALUES (385, 1);
INSERT INTO COMANDA_include_RETETA (id_comanda, id_reteta) VALUES (385, 4);
INSERT INTO COMANDA (id_restaurant, id_casier, id_cont) VALUES (17, NULL, '8');
INSERT INTO COMANDA_include_RETETA (id_comanda, id_reteta) VALUES (386, 1);
INSERT INTO COMANDA_include_RETETA (id_comanda, id_reteta) VALUES (386, 2);
INSERT INTO COMANDA_include_RETETA (id_comanda, id_reteta) VALUES (386, 3);
INSERT INTO COMANDA (id_restaurant, id_casier, id_cont) VALUES (18, 191, NULL);
INSERT INTO COMANDA_include_RETETA (id_comanda, id_reteta) VALUES (387, 2);
INSERT INTO COMANDA_include_RETETA (id_comanda, id_reteta) VALUES (387, 4);
INSERT INTO COMANDA (id_restaurant, id_casier, id_cont) VALUES (7, NULL, '8');
INSERT INTO COMANDA_include_RETETA (id_comanda, id_reteta) VALUES (388, 4);
INSERT INTO COMANDA (id_restaurant, id_casier, id_cont) VALUES (29, NULL, '8');
INSERT INTO COMANDA_include_RETETA (id_comanda, id_reteta) VALUES (389, 1);
INSERT INTO COMANDA_include_RETETA (id_comanda, id_reteta) VALUES (389, 3);
INSERT INTO COMANDA_include_RETETA (id_comanda, id_reteta) VALUES (389, 5);
INSERT INTO COMANDA (id_restaurant, id_casier, id_cont) VALUES (18, 191, NULL);
INSERT INTO COMANDA_include_RETETA (id_comanda, id_reteta) VALUES (390, 1);
INSERT INTO COMANDA_include_RETETA (id_comanda, id_reteta) VALUES (390, 2);
INSERT INTO COMANDA (id_restaurant, id_casier, id_cont) VALUES (17, 180, NULL);
INSERT INTO COMANDA_include_RETETA (id_comanda, id_reteta) VALUES (391, 3);
INSERT INTO COMANDA (id_restaurant, id_casier, id_cont) VALUES (29, NULL, '8');
INSERT INTO COMANDA_include_RETETA (id_comanda, id_reteta) VALUES (392, 1);
INSERT INTO COMANDA_include_RETETA (id_comanda, id_reteta) VALUES (392, 2);
INSERT INTO COMANDA_include_RETETA (id_comanda, id_reteta) VALUES (392, 5);
INSERT INTO COMANDA (id_restaurant, id_casier, id_cont) VALUES (7, 71, NULL);
INSERT INTO COMANDA_include_RETETA (id_comanda, id_reteta) VALUES (393, 2);
INSERT INTO COMANDA_include_RETETA (id_comanda, id_reteta) VALUES (393, 3);
INSERT INTO COMANDA_include_RETETA (id_comanda, id_reteta) VALUES (393, 5);
INSERT INTO COMANDA (id_restaurant, id_casier, id_cont) VALUES (17, NULL, '8');
INSERT INTO COMANDA_include_RETETA (id_comanda, id_reteta) VALUES (394, 1);
INSERT INTO COMANDA_include_RETETA (id_comanda, id_reteta) VALUES (394, 3);
INSERT INTO COMANDA_include_RETETA (id_comanda, id_reteta) VALUES (394, 5);
INSERT INTO COMANDA (id_restaurant, id_casier, id_cont) VALUES (7, NULL, '8');
INSERT INTO COMANDA_include_RETETA (id_comanda, id_reteta) VALUES (395, 1);
INSERT INTO COMANDA_include_RETETA (id_comanda, id_reteta) VALUES (395, 5);
INSERT INTO COMANDA (id_restaurant, id_casier, id_cont) VALUES (18, NULL, '8');
INSERT INTO COMANDA_include_RETETA (id_comanda, id_reteta) VALUES (396, 2);
INSERT INTO COMANDA_include_RETETA (id_comanda, id_reteta) VALUES (396, 4);
INSERT INTO COMANDA (id_restaurant, id_casier, id_cont) VALUES (29, NULL, '8');
INSERT INTO COMANDA_include_RETETA (id_comanda, id_reteta) VALUES (397, 1);
INSERT INTO COMANDA_include_RETETA (id_comanda, id_reteta) VALUES (397, 3);
INSERT INTO COMANDA_include_RETETA (id_comanda, id_reteta) VALUES (397, 4);
INSERT INTO COMANDA (id_restaurant, id_casier, id_cont) VALUES (18, NULL, '8');
INSERT INTO COMANDA_include_RETETA (id_comanda, id_reteta) VALUES (398, 2);
INSERT INTO COMANDA_include_RETETA (id_comanda, id_reteta) VALUES (398, 3);
INSERT INTO COMANDA_include_RETETA (id_comanda, id_reteta) VALUES (398, 4);
INSERT INTO COMANDA_include_RETETA (id_comanda, id_reteta) VALUES (398, 5);
INSERT INTO COMANDA (id_restaurant, id_casier, id_cont) VALUES (29, 295, NULL);
INSERT INTO COMANDA_include_RETETA (id_comanda, id_reteta) VALUES (399, 1);
INSERT INTO COMANDA_include_RETETA (id_comanda, id_reteta) VALUES (399, 5);
INSERT INTO COMANDA (id_restaurant, id_casier, id_cont) VALUES (7, NULL, '8');
INSERT INTO COMANDA_include_RETETA (id_comanda, id_reteta) VALUES (400, 1);
INSERT INTO COMANDA_include_RETETA (id_comanda, id_reteta) VALUES (400, 3);
INSERT INTO COMANDA_include_RETETA (id_comanda, id_reteta) VALUES (400, 4);
INSERT INTO COMANDA_include_RETETA (id_comanda, id_reteta) VALUES (400, 5);
INSERT INTO COMANDA (id_restaurant, id_casier, id_cont) VALUES (18, 191, NULL);
INSERT INTO COMANDA_include_RETETA (id_comanda, id_reteta) VALUES (401, 4);
INSERT INTO COMANDA (id_restaurant, id_casier, id_cont) VALUES (18, 191, NULL);
INSERT INTO COMANDA_include_RETETA (id_comanda, id_reteta) VALUES (402, 3);
INSERT INTO COMANDA (id_restaurant, id_casier, id_cont) VALUES (29, NULL, '9');
INSERT INTO COMANDA_include_RETETA (id_comanda, id_reteta) VALUES (403, 1);
INSERT INTO COMANDA_include_RETETA (id_comanda, id_reteta) VALUES (403, 4);
INSERT INTO COMANDA (id_restaurant, id_casier, id_cont) VALUES (7, 71, NULL);
INSERT INTO COMANDA_include_RETETA (id_comanda, id_reteta) VALUES (404, 1);
INSERT INTO COMANDA_include_RETETA (id_comanda, id_reteta) VALUES (404, 3);
INSERT INTO COMANDA_include_RETETA (id_comanda, id_reteta) VALUES (404, 5);
INSERT INTO COMANDA (id_restaurant, id_casier, id_cont) VALUES (29, 295, NULL);
INSERT INTO COMANDA_include_RETETA (id_comanda, id_reteta) VALUES (405, 2);
INSERT INTO COMANDA (id_restaurant, id_casier, id_cont) VALUES (29, 300, NULL);
INSERT INTO COMANDA_include_RETETA (id_comanda, id_reteta) VALUES (406, 1);
INSERT INTO COMANDA_include_RETETA (id_comanda, id_reteta) VALUES (406, 3);
INSERT INTO COMANDA_include_RETETA (id_comanda, id_reteta) VALUES (406, 4);
INSERT INTO COMANDA_include_RETETA (id_comanda, id_reteta) VALUES (406, 5);
INSERT INTO COMANDA (id_restaurant, id_casier, id_cont) VALUES (7, 71, NULL);
INSERT INTO COMANDA_include_RETETA (id_comanda, id_reteta) VALUES (407, 1);
INSERT INTO COMANDA_include_RETETA (id_comanda, id_reteta) VALUES (407, 5);
INSERT INTO COMANDA (id_restaurant, id_casier, id_cont) VALUES (7, 71, NULL);
INSERT INTO COMANDA_include_RETETA (id_comanda, id_reteta) VALUES (408, 1);
INSERT INTO COMANDA_include_RETETA (id_comanda, id_reteta) VALUES (408, 3);
INSERT INTO COMANDA_include_RETETA (id_comanda, id_reteta) VALUES (408, 5);
INSERT INTO COMANDA (id_restaurant, id_casier, id_cont) VALUES (17, NULL, '9');
INSERT INTO COMANDA_include_RETETA (id_comanda, id_reteta) VALUES (409, 1);
INSERT INTO COMANDA_include_RETETA (id_comanda, id_reteta) VALUES (409, 2);
INSERT INTO COMANDA_include_RETETA (id_comanda, id_reteta) VALUES (409, 5);
INSERT INTO COMANDA (id_restaurant, id_casier, id_cont) VALUES (18, 191, NULL);
INSERT INTO COMANDA_include_RETETA (id_comanda, id_reteta) VALUES (410, 1);
INSERT INTO COMANDA_include_RETETA (id_comanda, id_reteta) VALUES (410, 2);
INSERT INTO COMANDA_include_RETETA (id_comanda, id_reteta) VALUES (410, 3);
INSERT INTO COMANDA_include_RETETA (id_comanda, id_reteta) VALUES (410, 4);
INSERT INTO COMANDA (id_restaurant, id_casier, id_cont) VALUES (29, NULL, '9');
INSERT INTO COMANDA_include_RETETA (id_comanda, id_reteta) VALUES (411, 1);
INSERT INTO COMANDA_include_RETETA (id_comanda, id_reteta) VALUES (411, 2);
INSERT INTO COMANDA_include_RETETA (id_comanda, id_reteta) VALUES (411, 5);
INSERT INTO COMANDA (id_restaurant, id_casier, id_cont) VALUES (17, NULL, '9');
INSERT INTO COMANDA_include_RETETA (id_comanda, id_reteta) VALUES (412, 2);
INSERT INTO COMANDA_include_RETETA (id_comanda, id_reteta) VALUES (412, 4);
INSERT INTO COMANDA (id_restaurant, id_casier, id_cont) VALUES (17, NULL, '9');
INSERT INTO COMANDA_include_RETETA (id_comanda, id_reteta) VALUES (413, 3);
INSERT INTO COMANDA_include_RETETA (id_comanda, id_reteta) VALUES (413, 4);
INSERT INTO COMANDA_include_RETETA (id_comanda, id_reteta) VALUES (413, 5);
INSERT INTO COMANDA (id_restaurant, id_casier, id_cont) VALUES (29, NULL, '9');
INSERT INTO COMANDA_include_RETETA (id_comanda, id_reteta) VALUES (414, 4);
INSERT INTO COMANDA_include_RETETA (id_comanda, id_reteta) VALUES (414, 5);
INSERT INTO COMANDA (id_restaurant, id_casier, id_cont) VALUES (7, NULL, '9');
INSERT INTO COMANDA_include_RETETA (id_comanda, id_reteta) VALUES (415, 3);
INSERT INTO COMANDA (id_restaurant, id_casier, id_cont) VALUES (18, 192, NULL);
INSERT INTO COMANDA_include_RETETA (id_comanda, id_reteta) VALUES (416, 3);
INSERT INTO COMANDA (id_restaurant, id_casier, id_cont) VALUES (18, 191, NULL);
INSERT INTO COMANDA_include_RETETA (id_comanda, id_reteta) VALUES (417, 2);
INSERT INTO COMANDA_include_RETETA (id_comanda, id_reteta) VALUES (417, 5);
INSERT INTO COMANDA (id_restaurant, id_casier, id_cont) VALUES (17, NULL, '9');
INSERT INTO COMANDA_include_RETETA (id_comanda, id_reteta) VALUES (418, 3);
INSERT INTO COMANDA (id_restaurant, id_casier, id_cont) VALUES (18, NULL, '9');
INSERT INTO COMANDA_include_RETETA (id_comanda, id_reteta) VALUES (419, 1);
INSERT INTO COMANDA_include_RETETA (id_comanda, id_reteta) VALUES (419, 4);
INSERT INTO COMANDA (id_restaurant, id_casier, id_cont) VALUES (7, NULL, '9');
INSERT INTO COMANDA_include_RETETA (id_comanda, id_reteta) VALUES (420, 3);
INSERT INTO COMANDA (id_restaurant, id_casier, id_cont) VALUES (17, NULL, '9');
INSERT INTO COMANDA_include_RETETA (id_comanda, id_reteta) VALUES (421, 1);
INSERT INTO COMANDA_include_RETETA (id_comanda, id_reteta) VALUES (421, 2);
INSERT INTO COMANDA (id_restaurant, id_casier, id_cont) VALUES (29, NULL, '9');
INSERT INTO COMANDA_include_RETETA (id_comanda, id_reteta) VALUES (422, 4);
INSERT INTO COMANDA (id_restaurant, id_casier, id_cont) VALUES (18, NULL, '9');
INSERT INTO COMANDA_include_RETETA (id_comanda, id_reteta) VALUES (423, 2);
INSERT INTO COMANDA (id_restaurant, id_casier, id_cont) VALUES (29, NULL, '9');
INSERT INTO COMANDA_include_RETETA (id_comanda, id_reteta) VALUES (424, 1);
INSERT INTO COMANDA_include_RETETA (id_comanda, id_reteta) VALUES (424, 2);
INSERT INTO COMANDA_include_RETETA (id_comanda, id_reteta) VALUES (424, 3);
INSERT INTO COMANDA (id_restaurant, id_casier, id_cont) VALUES (18, NULL, '9');
INSERT INTO COMANDA_include_RETETA (id_comanda, id_reteta) VALUES (425, 4);
INSERT INTO COMANDA (id_restaurant, id_casier, id_cont) VALUES (29, 299, NULL);
INSERT INTO COMANDA_include_RETETA (id_comanda, id_reteta) VALUES (426, 1);
INSERT INTO COMANDA (id_restaurant, id_casier, id_cont) VALUES (17, NULL, '9');
INSERT INTO COMANDA_include_RETETA (id_comanda, id_reteta) VALUES (427, 1);
INSERT INTO COMANDA_include_RETETA (id_comanda, id_reteta) VALUES (427, 3);
INSERT INTO COMANDA_include_RETETA (id_comanda, id_reteta) VALUES (427, 4);
INSERT INTO COMANDA_include_RETETA (id_comanda, id_reteta) VALUES (427, 5);
INSERT INTO COMANDA (id_restaurant, id_casier, id_cont) VALUES (7, NULL, '9');
INSERT INTO COMANDA_include_RETETA (id_comanda, id_reteta) VALUES (428, 1);
INSERT INTO COMANDA_include_RETETA (id_comanda, id_reteta) VALUES (428, 3);
INSERT INTO COMANDA (id_restaurant, id_casier, id_cont) VALUES (29, 299, NULL);
INSERT INTO COMANDA_include_RETETA (id_comanda, id_reteta) VALUES (429, 2);
INSERT INTO COMANDA_include_RETETA (id_comanda, id_reteta) VALUES (429, 3);
INSERT INTO COMANDA_include_RETETA (id_comanda, id_reteta) VALUES (429, 5);
INSERT INTO COMANDA (id_restaurant, id_casier, id_cont) VALUES (17, 182, NULL);
INSERT INTO COMANDA_include_RETETA (id_comanda, id_reteta) VALUES (430, 1);
INSERT INTO COMANDA_include_RETETA (id_comanda, id_reteta) VALUES (430, 4);
INSERT INTO COMANDA (id_restaurant, id_casier, id_cont) VALUES (17, NULL, '9');
INSERT INTO COMANDA_include_RETETA (id_comanda, id_reteta) VALUES (431, 2);
INSERT INTO COMANDA_include_RETETA (id_comanda, id_reteta) VALUES (431, 3);
INSERT INTO COMANDA_include_RETETA (id_comanda, id_reteta) VALUES (431, 4);
INSERT INTO COMANDA (id_restaurant, id_casier, id_cont) VALUES (7, NULL, '9');
INSERT INTO COMANDA_include_RETETA (id_comanda, id_reteta) VALUES (432, 1);
INSERT INTO COMANDA_include_RETETA (id_comanda, id_reteta) VALUES (432, 4);
INSERT INTO COMANDA (id_restaurant, id_casier, id_cont) VALUES (18, 191, NULL);
INSERT INTO COMANDA_include_RETETA (id_comanda, id_reteta) VALUES (433, 2);
INSERT INTO COMANDA_include_RETETA (id_comanda, id_reteta) VALUES (433, 3);
INSERT INTO COMANDA (id_restaurant, id_casier, id_cont) VALUES (7, NULL, '9');
INSERT INTO COMANDA_include_RETETA (id_comanda, id_reteta) VALUES (434, 1);
INSERT INTO COMANDA_include_RETETA (id_comanda, id_reteta) VALUES (434, 2);
INSERT INTO COMANDA_include_RETETA (id_comanda, id_reteta) VALUES (434, 3);
INSERT INTO COMANDA_include_RETETA (id_comanda, id_reteta) VALUES (434, 4);
INSERT INTO COMANDA (id_restaurant, id_casier, id_cont) VALUES (29, NULL, '9');
INSERT INTO COMANDA_include_RETETA (id_comanda, id_reteta) VALUES (435, 1);
INSERT INTO COMANDA_include_RETETA (id_comanda, id_reteta) VALUES (435, 2);
INSERT INTO COMANDA_include_RETETA (id_comanda, id_reteta) VALUES (435, 3);
INSERT INTO COMANDA_include_RETETA (id_comanda, id_reteta) VALUES (435, 4);
INSERT INTO COMANDA_include_RETETA (id_comanda, id_reteta) VALUES (435, 5);
INSERT INTO COMANDA (id_restaurant, id_casier, id_cont) VALUES (18, 192, NULL);
INSERT INTO COMANDA_include_RETETA (id_comanda, id_reteta) VALUES (436, 4);
INSERT INTO COMANDA_include_RETETA (id_comanda, id_reteta) VALUES (436, 5);
INSERT INTO COMANDA (id_restaurant, id_casier, id_cont) VALUES (17, NULL, '9');
INSERT INTO COMANDA_include_RETETA (id_comanda, id_reteta) VALUES (437, 1);
INSERT INTO COMANDA_include_RETETA (id_comanda, id_reteta) VALUES (437, 3);
INSERT INTO COMANDA (id_restaurant, id_casier, id_cont) VALUES (7, 71, NULL);
INSERT INTO COMANDA_include_RETETA (id_comanda, id_reteta) VALUES (438, 1);
INSERT INTO COMANDA_include_RETETA (id_comanda, id_reteta) VALUES (438, 2);
INSERT INTO COMANDA_include_RETETA (id_comanda, id_reteta) VALUES (438, 3);
INSERT INTO COMANDA_include_RETETA (id_comanda, id_reteta) VALUES (438, 4);
INSERT INTO COMANDA (id_restaurant, id_casier, id_cont) VALUES (7, NULL, '9');
INSERT INTO COMANDA_include_RETETA (id_comanda, id_reteta) VALUES (439, 1);
INSERT INTO COMANDA_include_RETETA (id_comanda, id_reteta) VALUES (439, 2);
INSERT INTO COMANDA (id_restaurant, id_casier, id_cont) VALUES (7, 71, NULL);
INSERT INTO COMANDA_include_RETETA (id_comanda, id_reteta) VALUES (440, 1);
INSERT INTO COMANDA_include_RETETA (id_comanda, id_reteta) VALUES (440, 5);
INSERT INTO COMANDA (id_restaurant, id_casier, id_cont) VALUES (29, NULL, '9');
INSERT INTO COMANDA_include_RETETA (id_comanda, id_reteta) VALUES (441, 1);
INSERT INTO COMANDA_include_RETETA (id_comanda, id_reteta) VALUES (441, 2);
INSERT INTO COMANDA_include_RETETA (id_comanda, id_reteta) VALUES (441, 4);
INSERT INTO COMANDA (id_restaurant, id_casier, id_cont) VALUES (18, NULL, '9');
INSERT INTO COMANDA_include_RETETA (id_comanda, id_reteta) VALUES (442, 2);
INSERT INTO COMANDA_include_RETETA (id_comanda, id_reteta) VALUES (442, 4);
INSERT INTO COMANDA_include_RETETA (id_comanda, id_reteta) VALUES (442, 5);
INSERT INTO COMANDA (id_restaurant, id_casier, id_cont) VALUES (17, NULL, '9');
INSERT INTO COMANDA_include_RETETA (id_comanda, id_reteta) VALUES (443, 2);
INSERT INTO COMANDA_include_RETETA (id_comanda, id_reteta) VALUES (443, 3);
INSERT INTO COMANDA_include_RETETA (id_comanda, id_reteta) VALUES (443, 4);
INSERT INTO COMANDA_include_RETETA (id_comanda, id_reteta) VALUES (443, 5);
INSERT INTO COMANDA (id_restaurant, id_casier, id_cont) VALUES (29, NULL, '9');
INSERT INTO COMANDA_include_RETETA (id_comanda, id_reteta) VALUES (444, 4);
INSERT INTO COMANDA_include_RETETA (id_comanda, id_reteta) VALUES (444, 5);
INSERT INTO COMANDA (id_restaurant, id_casier, id_cont) VALUES (29, 300, NULL);
INSERT INTO COMANDA_include_RETETA (id_comanda, id_reteta) VALUES (445, 1);
INSERT INTO COMANDA_include_RETETA (id_comanda, id_reteta) VALUES (445, 3);
INSERT INTO COMANDA_include_RETETA (id_comanda, id_reteta) VALUES (445, 4);
INSERT INTO COMANDA_include_RETETA (id_comanda, id_reteta) VALUES (445, 5);
INSERT INTO COMANDA (id_restaurant, id_casier, id_cont) VALUES (29, 297, NULL);
INSERT INTO COMANDA_include_RETETA (id_comanda, id_reteta) VALUES (446, 5);
INSERT INTO COMANDA (id_restaurant, id_casier, id_cont) VALUES (18, 191, NULL);
INSERT INTO COMANDA_include_RETETA (id_comanda, id_reteta) VALUES (447, 1);
INSERT INTO COMANDA_include_RETETA (id_comanda, id_reteta) VALUES (447, 4);
INSERT INTO COMANDA (id_restaurant, id_casier, id_cont) VALUES (18, NULL, '9');
INSERT INTO COMANDA_include_RETETA (id_comanda, id_reteta) VALUES (448, 2);
INSERT INTO COMANDA (id_restaurant, id_casier, id_cont) VALUES (17, 180, NULL);
INSERT INTO COMANDA_include_RETETA (id_comanda, id_reteta) VALUES (449, 1);
INSERT INTO COMANDA_include_RETETA (id_comanda, id_reteta) VALUES (449, 2);
INSERT INTO COMANDA_include_RETETA (id_comanda, id_reteta) VALUES (449, 5);
INSERT INTO COMANDA (id_restaurant, id_casier, id_cont) VALUES (7, NULL, '9');
INSERT INTO COMANDA_include_RETETA (id_comanda, id_reteta) VALUES (450, 1);
INSERT INTO COMANDA_include_RETETA (id_comanda, id_reteta) VALUES (450, 2);
INSERT INTO COMANDA_include_RETETA (id_comanda, id_reteta) VALUES (450, 3);
INSERT INTO COMANDA_include_RETETA (id_comanda, id_reteta) VALUES (450, 4);
INSERT INTO COMANDA_include_RETETA (id_comanda, id_reteta) VALUES (450, 5);
INSERT INTO COMANDA (id_restaurant, id_casier, id_cont) VALUES (30, 309, NULL);
INSERT INTO COMANDA_include_RETETA (id_comanda, id_reteta) VALUES (451, 1);
INSERT INTO COMANDA_include_RETETA (id_comanda, id_reteta) VALUES (451, 2);
INSERT INTO COMANDA_include_RETETA (id_comanda, id_reteta) VALUES (451, 3);
INSERT INTO COMANDA_include_RETETA (id_comanda, id_reteta) VALUES (451, 5);
INSERT INTO COMANDA (id_restaurant, id_casier, id_cont) VALUES (10, NULL, '10');
INSERT INTO COMANDA_include_RETETA (id_comanda, id_reteta) VALUES (452, 2);
INSERT INTO COMANDA_include_RETETA (id_comanda, id_reteta) VALUES (452, 3);
INSERT INTO COMANDA_include_RETETA (id_comanda, id_reteta) VALUES (452, 4);
INSERT INTO COMANDA_include_RETETA (id_comanda, id_reteta) VALUES (452, 5);
INSERT INTO COMANDA (id_restaurant, id_casier, id_cont) VALUES (30, NULL, '10');
INSERT INTO COMANDA_include_RETETA (id_comanda, id_reteta) VALUES (453, 2);
INSERT INTO COMANDA_include_RETETA (id_comanda, id_reteta) VALUES (453, 3);
INSERT INTO COMANDA_include_RETETA (id_comanda, id_reteta) VALUES (453, 5);
INSERT INTO COMANDA (id_restaurant, id_casier, id_cont) VALUES (30, NULL, '10');
INSERT INTO COMANDA_include_RETETA (id_comanda, id_reteta) VALUES (454, 1);
INSERT INTO COMANDA_include_RETETA (id_comanda, id_reteta) VALUES (454, 2);
INSERT INTO COMANDA_include_RETETA (id_comanda, id_reteta) VALUES (454, 3);
INSERT INTO COMANDA_include_RETETA (id_comanda, id_reteta) VALUES (454, 5);
INSERT INTO COMANDA (id_restaurant, id_casier, id_cont) VALUES (28, 287, NULL);
INSERT INTO COMANDA_include_RETETA (id_comanda, id_reteta) VALUES (455, 2);
INSERT INTO COMANDA_include_RETETA (id_comanda, id_reteta) VALUES (455, 3);
INSERT INTO COMANDA_include_RETETA (id_comanda, id_reteta) VALUES (455, 4);
INSERT INTO COMANDA_include_RETETA (id_comanda, id_reteta) VALUES (455, 5);
INSERT INTO COMANDA (id_restaurant, id_casier, id_cont) VALUES (16, 174, NULL);
INSERT INTO COMANDA_include_RETETA (id_comanda, id_reteta) VALUES (456, 2);
INSERT INTO COMANDA_include_RETETA (id_comanda, id_reteta) VALUES (456, 5);
INSERT INTO COMANDA (id_restaurant, id_casier, id_cont) VALUES (15, 164, NULL);
INSERT INTO COMANDA_include_RETETA (id_comanda, id_reteta) VALUES (457, 3);
INSERT INTO COMANDA_include_RETETA (id_comanda, id_reteta) VALUES (457, 5);
INSERT INTO COMANDA (id_restaurant, id_casier, id_cont) VALUES (1, 7, NULL);
INSERT INTO COMANDA_include_RETETA (id_comanda, id_reteta) VALUES (458, 5);
INSERT INTO COMANDA (id_restaurant, id_casier, id_cont) VALUES (27, 274, NULL);
INSERT INTO COMANDA_include_RETETA (id_comanda, id_reteta) VALUES (459, 1);
INSERT INTO COMANDA (id_restaurant, id_casier, id_cont) VALUES (16, NULL, '10');
INSERT INTO COMANDA_include_RETETA (id_comanda, id_reteta) VALUES (460, 1);
INSERT INTO COMANDA (id_restaurant, id_casier, id_cont) VALUES (10, NULL, '10');
INSERT INTO COMANDA_include_RETETA (id_comanda, id_reteta) VALUES (461, 4);
INSERT INTO COMANDA_include_RETETA (id_comanda, id_reteta) VALUES (461, 5);
INSERT INTO COMANDA (id_restaurant, id_casier, id_cont) VALUES (16, NULL, '10');
INSERT INTO COMANDA_include_RETETA (id_comanda, id_reteta) VALUES (462, 1);
INSERT INTO COMANDA_include_RETETA (id_comanda, id_reteta) VALUES (462, 3);
INSERT INTO COMANDA_include_RETETA (id_comanda, id_reteta) VALUES (462, 5);
INSERT INTO COMANDA (id_restaurant, id_casier, id_cont) VALUES (3, NULL, '10');
INSERT INTO COMANDA_include_RETETA (id_comanda, id_reteta) VALUES (463, 2);
INSERT INTO COMANDA_include_RETETA (id_comanda, id_reteta) VALUES (463, 5);
INSERT INTO COMANDA (id_restaurant, id_casier, id_cont) VALUES (30, NULL, '10');
INSERT INTO COMANDA_include_RETETA (id_comanda, id_reteta) VALUES (464, 2);
INSERT INTO COMANDA_include_RETETA (id_comanda, id_reteta) VALUES (464, 3);
INSERT INTO COMANDA_include_RETETA (id_comanda, id_reteta) VALUES (464, 4);
INSERT INTO COMANDA_include_RETETA (id_comanda, id_reteta) VALUES (464, 5);
INSERT INTO COMANDA (id_restaurant, id_casier, id_cont) VALUES (15, NULL, '10');
INSERT INTO COMANDA_include_RETETA (id_comanda, id_reteta) VALUES (465, 1);
INSERT INTO COMANDA_include_RETETA (id_comanda, id_reteta) VALUES (465, 5);
INSERT INTO COMANDA (id_restaurant, id_casier, id_cont) VALUES (1, 7, NULL);
INSERT INTO COMANDA_include_RETETA (id_comanda, id_reteta) VALUES (466, 5);
INSERT INTO COMANDA (id_restaurant, id_casier, id_cont) VALUES (1, 4, NULL);
INSERT INTO COMANDA_include_RETETA (id_comanda, id_reteta) VALUES (467, 2);
INSERT INTO COMANDA_include_RETETA (id_comanda, id_reteta) VALUES (467, 5);
INSERT INTO COMANDA (id_restaurant, id_casier, id_cont) VALUES (10, NULL, '10');
INSERT INTO COMANDA_include_RETETA (id_comanda, id_reteta) VALUES (468, 3);
INSERT INTO COMANDA_include_RETETA (id_comanda, id_reteta) VALUES (468, 5);
INSERT INTO COMANDA (id_restaurant, id_casier, id_cont) VALUES (30, NULL, '10');
INSERT INTO COMANDA_include_RETETA (id_comanda, id_reteta) VALUES (469, 2);
INSERT INTO COMANDA_include_RETETA (id_comanda, id_reteta) VALUES (469, 4);
INSERT INTO COMANDA_include_RETETA (id_comanda, id_reteta) VALUES (469, 5);
INSERT INTO COMANDA (id_restaurant, id_casier, id_cont) VALUES (16, NULL, '10');
INSERT INTO COMANDA_include_RETETA (id_comanda, id_reteta) VALUES (470, 1);
INSERT INTO COMANDA_include_RETETA (id_comanda, id_reteta) VALUES (470, 2);
INSERT INTO COMANDA_include_RETETA (id_comanda, id_reteta) VALUES (470, 3);
INSERT INTO COMANDA (id_restaurant, id_casier, id_cont) VALUES (30, NULL, '10');
INSERT INTO COMANDA_include_RETETA (id_comanda, id_reteta) VALUES (471, 2);
INSERT INTO COMANDA_include_RETETA (id_comanda, id_reteta) VALUES (471, 3);
INSERT INTO COMANDA (id_restaurant, id_casier, id_cont) VALUES (10, NULL, '10');
INSERT INTO COMANDA_include_RETETA (id_comanda, id_reteta) VALUES (472, 1);
INSERT INTO COMANDA_include_RETETA (id_comanda, id_reteta) VALUES (472, 5);
INSERT INTO COMANDA (id_restaurant, id_casier, id_cont) VALUES (1, NULL, '10');
INSERT INTO COMANDA_include_RETETA (id_comanda, id_reteta) VALUES (473, 1);
INSERT INTO COMANDA (id_restaurant, id_casier, id_cont) VALUES (27, 274, NULL);
INSERT INTO COMANDA_include_RETETA (id_comanda, id_reteta) VALUES (474, 1);
INSERT INTO COMANDA_include_RETETA (id_comanda, id_reteta) VALUES (474, 2);
INSERT INTO COMANDA_include_RETETA (id_comanda, id_reteta) VALUES (474, 3);
INSERT INTO COMANDA_include_RETETA (id_comanda, id_reteta) VALUES (474, 4);
INSERT INTO COMANDA (id_restaurant, id_casier, id_cont) VALUES (28, 286, NULL);
INSERT INTO COMANDA_include_RETETA (id_comanda, id_reteta) VALUES (475, 1);
INSERT INTO COMANDA_include_RETETA (id_comanda, id_reteta) VALUES (475, 2);
INSERT INTO COMANDA_include_RETETA (id_comanda, id_reteta) VALUES (475, 3);
INSERT INTO COMANDA_include_RETETA (id_comanda, id_reteta) VALUES (475, 4);
INSERT INTO COMANDA (id_restaurant, id_casier, id_cont) VALUES (1, 6, NULL);
INSERT INTO COMANDA (id_restaurant, id_casier, id_cont) VALUES (16, NULL, '10');
INSERT INTO COMANDA (id_restaurant, id_casier, id_cont) VALUES (10, NULL, '10');
INSERT INTO COMANDA_include_RETETA (id_comanda, id_reteta) VALUES (478, 1);
INSERT INTO COMANDA_include_RETETA (id_comanda, id_reteta) VALUES (478, 2);
INSERT INTO COMANDA_include_RETETA (id_comanda, id_reteta) VALUES (478, 4);
INSERT INTO COMANDA_include_RETETA (id_comanda, id_reteta) VALUES (478, 5);
INSERT INTO COMANDA (id_restaurant, id_casier, id_cont) VALUES (10, NULL, '10');
INSERT INTO COMANDA_include_RETETA (id_comanda, id_reteta) VALUES (479, 1);
INSERT INTO COMANDA_include_RETETA (id_comanda, id_reteta) VALUES (479, 2);
INSERT INTO COMANDA_include_RETETA (id_comanda, id_reteta) VALUES (479, 3);
INSERT INTO COMANDA (id_restaurant, id_casier, id_cont) VALUES (30, NULL, '10');
INSERT INTO COMANDA_include_RETETA (id_comanda, id_reteta) VALUES (480, 1);
INSERT INTO COMANDA_include_RETETA (id_comanda, id_reteta) VALUES (480, 4);
INSERT INTO COMANDA (id_restaurant, id_casier, id_cont) VALUES (27, 274, NULL);
INSERT INTO COMANDA_include_RETETA (id_comanda, id_reteta) VALUES (481, 2);
INSERT INTO COMANDA_include_RETETA (id_comanda, id_reteta) VALUES (481, 5);
INSERT INTO COMANDA (id_restaurant, id_casier, id_cont) VALUES (27, NULL, '10');
INSERT INTO COMANDA_include_RETETA (id_comanda, id_reteta) VALUES (482, 4);
INSERT INTO COMANDA_include_RETETA (id_comanda, id_reteta) VALUES (482, 5);
INSERT INTO COMANDA (id_restaurant, id_casier, id_cont) VALUES (3, NULL, '10');
INSERT INTO COMANDA_include_RETETA (id_comanda, id_reteta) VALUES (483, 3);
INSERT INTO COMANDA (id_restaurant, id_casier, id_cont) VALUES (15, NULL, '10');
INSERT INTO COMANDA (id_restaurant, id_casier, id_cont) VALUES (30, 313, NULL);
INSERT INTO COMANDA_include_RETETA (id_comanda, id_reteta) VALUES (485, 2);
INSERT INTO COMANDA_include_RETETA (id_comanda, id_reteta) VALUES (485, 3);
INSERT INTO COMANDA_include_RETETA (id_comanda, id_reteta) VALUES (485, 4);
INSERT INTO COMANDA_include_RETETA (id_comanda, id_reteta) VALUES (485, 5);
INSERT INTO COMANDA (id_restaurant, id_casier, id_cont) VALUES (15, 162, NULL);
INSERT INTO COMANDA_include_RETETA (id_comanda, id_reteta) VALUES (486, 3);
INSERT INTO COMANDA_include_RETETA (id_comanda, id_reteta) VALUES (486, 4);
INSERT INTO COMANDA_include_RETETA (id_comanda, id_reteta) VALUES (486, 5);
INSERT INTO COMANDA (id_restaurant, id_casier, id_cont) VALUES (15, 163, NULL);
INSERT INTO COMANDA_include_RETETA (id_comanda, id_reteta) VALUES (487, 1);
INSERT INTO COMANDA_include_RETETA (id_comanda, id_reteta) VALUES (487, 2);
INSERT INTO COMANDA_include_RETETA (id_comanda, id_reteta) VALUES (487, 4);
INSERT INTO COMANDA_include_RETETA (id_comanda, id_reteta) VALUES (487, 5);
INSERT INTO COMANDA (id_restaurant, id_casier, id_cont) VALUES (1, NULL, '10');
INSERT INTO COMANDA_include_RETETA (id_comanda, id_reteta) VALUES (488, 1);
INSERT INTO COMANDA_include_RETETA (id_comanda, id_reteta) VALUES (488, 2);
INSERT INTO COMANDA_include_RETETA (id_comanda, id_reteta) VALUES (488, 5);
INSERT INTO COMANDA (id_restaurant, id_casier, id_cont) VALUES (16, NULL, '10');
INSERT INTO COMANDA_include_RETETA (id_comanda, id_reteta) VALUES (489, 2);
INSERT INTO COMANDA_include_RETETA (id_comanda, id_reteta) VALUES (489, 5);
INSERT INTO COMANDA (id_restaurant, id_casier, id_cont) VALUES (10, 104, NULL);
INSERT INTO COMANDA_include_RETETA (id_comanda, id_reteta) VALUES (490, 5);
INSERT INTO COMANDA (id_restaurant, id_casier, id_cont) VALUES (10, 103, NULL);
INSERT INTO COMANDA_include_RETETA (id_comanda, id_reteta) VALUES (491, 2);
INSERT INTO COMANDA (id_restaurant, id_casier, id_cont) VALUES (15, NULL, '10');
INSERT INTO COMANDA_include_RETETA (id_comanda, id_reteta) VALUES (492, 1);
INSERT INTO COMANDA_include_RETETA (id_comanda, id_reteta) VALUES (492, 2);
INSERT INTO COMANDA_include_RETETA (id_comanda, id_reteta) VALUES (492, 3);
INSERT INTO COMANDA (id_restaurant, id_casier, id_cont) VALUES (1, 7, NULL);
INSERT INTO COMANDA_include_RETETA (id_comanda, id_reteta) VALUES (493, 1);
INSERT INTO COMANDA_include_RETETA (id_comanda, id_reteta) VALUES (493, 2);
INSERT INTO COMANDA_include_RETETA (id_comanda, id_reteta) VALUES (493, 3);
INSERT INTO COMANDA_include_RETETA (id_comanda, id_reteta) VALUES (493, 5);
INSERT INTO COMANDA (id_restaurant, id_casier, id_cont) VALUES (27, 275, NULL);
INSERT INTO COMANDA_include_RETETA (id_comanda, id_reteta) VALUES (494, 3);
INSERT INTO COMANDA_include_RETETA (id_comanda, id_reteta) VALUES (494, 5);
INSERT INTO COMANDA (id_restaurant, id_casier, id_cont) VALUES (1, 5, NULL);
INSERT INTO COMANDA_include_RETETA (id_comanda, id_reteta) VALUES (495, 1);
INSERT INTO COMANDA_include_RETETA (id_comanda, id_reteta) VALUES (495, 4);
INSERT INTO COMANDA (id_restaurant, id_casier, id_cont) VALUES (1, NULL, '10');
INSERT INTO COMANDA_include_RETETA (id_comanda, id_reteta) VALUES (496, 1);
INSERT INTO COMANDA_include_RETETA (id_comanda, id_reteta) VALUES (496, 4);
INSERT INTO COMANDA_include_RETETA (id_comanda, id_reteta) VALUES (496, 5);
INSERT INTO COMANDA (id_restaurant, id_casier, id_cont) VALUES (16, NULL, '10');
INSERT INTO COMANDA_include_RETETA (id_comanda, id_reteta) VALUES (497, 2);
INSERT INTO COMANDA_include_RETETA (id_comanda, id_reteta) VALUES (497, 3);
INSERT INTO COMANDA (id_restaurant, id_casier, id_cont) VALUES (3, NULL, '10');
INSERT INTO COMANDA_include_RETETA (id_comanda, id_reteta) VALUES (498, 5);
INSERT INTO COMANDA (id_restaurant, id_casier, id_cont) VALUES (1, NULL, '10');
INSERT INTO COMANDA_include_RETETA (id_comanda, id_reteta) VALUES (499, 1);
INSERT INTO COMANDA_include_RETETA (id_comanda, id_reteta) VALUES (499, 3);
INSERT INTO COMANDA_include_RETETA (id_comanda, id_reteta) VALUES (499, 4);
INSERT INTO COMANDA_include_RETETA (id_comanda, id_reteta) VALUES (499, 5);
INSERT INTO COMANDA (id_restaurant, id_casier, id_cont) VALUES (10, 101, NULL);
INSERT INTO COMANDA_include_RETETA (id_comanda, id_reteta) VALUES (500, 2);
INSERT INTO COMANDA_include_RETETA (id_comanda, id_reteta) VALUES (500, 3);
INSERT INTO COMANDA (id_restaurant, id_casier, id_cont) VALUES (8, NULL, '11');
INSERT INTO COMANDA_include_RETETA (id_comanda, id_reteta) VALUES (501, 1);
INSERT INTO COMANDA_include_RETETA (id_comanda, id_reteta) VALUES (501, 2);
INSERT INTO COMANDA_include_RETETA (id_comanda, id_reteta) VALUES (501, 3);
INSERT INTO COMANDA (id_restaurant, id_casier, id_cont) VALUES (9, NULL, '11');
INSERT INTO COMANDA (id_restaurant, id_casier, id_cont) VALUES (9, NULL, '11');
INSERT INTO COMANDA_include_RETETA (id_comanda, id_reteta) VALUES (503, 1);
INSERT INTO COMANDA_include_RETETA (id_comanda, id_reteta) VALUES (503, 3);
INSERT INTO COMANDA_include_RETETA (id_comanda, id_reteta) VALUES (503, 4);
INSERT INTO COMANDA_include_RETETA (id_comanda, id_reteta) VALUES (503, 5);
INSERT INTO COMANDA (id_restaurant, id_casier, id_cont) VALUES (8, 78, NULL);
INSERT INTO COMANDA_include_RETETA (id_comanda, id_reteta) VALUES (504, 3);
INSERT INTO COMANDA_include_RETETA (id_comanda, id_reteta) VALUES (504, 5);
INSERT INTO COMANDA (id_restaurant, id_casier, id_cont) VALUES (8, NULL, '11');
INSERT INTO COMANDA_include_RETETA (id_comanda, id_reteta) VALUES (505, 2);
INSERT INTO COMANDA_include_RETETA (id_comanda, id_reteta) VALUES (505, 4);
INSERT INTO COMANDA (id_restaurant, id_casier, id_cont) VALUES (9, NULL, '11');
INSERT INTO COMANDA_include_RETETA (id_comanda, id_reteta) VALUES (506, 3);
INSERT INTO COMANDA_include_RETETA (id_comanda, id_reteta) VALUES (506, 4);
INSERT INTO COMANDA_include_RETETA (id_comanda, id_reteta) VALUES (506, 5);
INSERT INTO COMANDA (id_restaurant, id_casier, id_cont) VALUES (5, 54, NULL);
INSERT INTO COMANDA_include_RETETA (id_comanda, id_reteta) VALUES (507, 2);
INSERT INTO COMANDA_include_RETETA (id_comanda, id_reteta) VALUES (507, 5);
INSERT INTO COMANDA (id_restaurant, id_casier, id_cont) VALUES (9, NULL, '11');
INSERT INTO COMANDA_include_RETETA (id_comanda, id_reteta) VALUES (508, 3);
INSERT INTO COMANDA_include_RETETA (id_comanda, id_reteta) VALUES (508, 4);
INSERT INTO COMANDA (id_restaurant, id_casier, id_cont) VALUES (5, NULL, '11');
INSERT INTO COMANDA_include_RETETA (id_comanda, id_reteta) VALUES (509, 1);
INSERT INTO COMANDA_include_RETETA (id_comanda, id_reteta) VALUES (509, 3);
INSERT INTO COMANDA_include_RETETA (id_comanda, id_reteta) VALUES (509, 4);
INSERT INTO COMANDA_include_RETETA (id_comanda, id_reteta) VALUES (509, 5);
INSERT INTO COMANDA (id_restaurant, id_casier, id_cont) VALUES (8, NULL, '11');
INSERT INTO COMANDA_include_RETETA (id_comanda, id_reteta) VALUES (510, 1);
INSERT INTO COMANDA (id_restaurant, id_casier, id_cont) VALUES (9, NULL, '11');
INSERT INTO COMANDA_include_RETETA (id_comanda, id_reteta) VALUES (511, 1);
INSERT INTO COMANDA_include_RETETA (id_comanda, id_reteta) VALUES (511, 3);
INSERT INTO COMANDA_include_RETETA (id_comanda, id_reteta) VALUES (511, 4);
INSERT INTO COMANDA_include_RETETA (id_comanda, id_reteta) VALUES (511, 5);
INSERT INTO COMANDA (id_restaurant, id_casier, id_cont) VALUES (11, NULL, '11');
INSERT INTO COMANDA_include_RETETA (id_comanda, id_reteta) VALUES (512, 1);
INSERT INTO COMANDA_include_RETETA (id_comanda, id_reteta) VALUES (512, 2);
INSERT INTO COMANDA_include_RETETA (id_comanda, id_reteta) VALUES (512, 4);
INSERT INTO COMANDA_include_RETETA (id_comanda, id_reteta) VALUES (512, 5);
INSERT INTO COMANDA (id_restaurant, id_casier, id_cont) VALUES (11, NULL, '11');
INSERT INTO COMANDA_include_RETETA (id_comanda, id_reteta) VALUES (513, 1);
INSERT INTO COMANDA_include_RETETA (id_comanda, id_reteta) VALUES (513, 2);
INSERT INTO COMANDA_include_RETETA (id_comanda, id_reteta) VALUES (513, 3);
INSERT INTO COMANDA_include_RETETA (id_comanda, id_reteta) VALUES (513, 4);
INSERT INTO COMANDA_include_RETETA (id_comanda, id_reteta) VALUES (513, 5);
INSERT INTO COMANDA (id_restaurant, id_casier, id_cont) VALUES (11, 117, NULL);
INSERT INTO COMANDA_include_RETETA (id_comanda, id_reteta) VALUES (514, 2);
INSERT INTO COMANDA_include_RETETA (id_comanda, id_reteta) VALUES (514, 5);
INSERT INTO COMANDA (id_restaurant, id_casier, id_cont) VALUES (8, 82, NULL);
INSERT INTO COMANDA_include_RETETA (id_comanda, id_reteta) VALUES (515, 1);
INSERT INTO COMANDA_include_RETETA (id_comanda, id_reteta) VALUES (515, 4);
INSERT INTO COMANDA_include_RETETA (id_comanda, id_reteta) VALUES (515, 5);
INSERT INTO COMANDA (id_restaurant, id_casier, id_cont) VALUES (9, 93, NULL);
INSERT INTO COMANDA_include_RETETA (id_comanda, id_reteta) VALUES (516, 2);
INSERT INTO COMANDA_include_RETETA (id_comanda, id_reteta) VALUES (516, 4);
INSERT INTO COMANDA_include_RETETA (id_comanda, id_reteta) VALUES (516, 5);
INSERT INTO COMANDA (id_restaurant, id_casier, id_cont) VALUES (5, NULL, '11');
INSERT INTO COMANDA_include_RETETA (id_comanda, id_reteta) VALUES (517, 1);
INSERT INTO COMANDA_include_RETETA (id_comanda, id_reteta) VALUES (517, 2);
INSERT INTO COMANDA_include_RETETA (id_comanda, id_reteta) VALUES (517, 4);
INSERT INTO COMANDA (id_restaurant, id_casier, id_cont) VALUES (11, NULL, '11');
INSERT INTO COMANDA_include_RETETA (id_comanda, id_reteta) VALUES (518, 1);
INSERT INTO COMANDA_include_RETETA (id_comanda, id_reteta) VALUES (518, 5);
INSERT INTO COMANDA (id_restaurant, id_casier, id_cont) VALUES (5, NULL, '11');
INSERT INTO COMANDA_include_RETETA (id_comanda, id_reteta) VALUES (519, 2);
INSERT INTO COMANDA_include_RETETA (id_comanda, id_reteta) VALUES (519, 3);
INSERT INTO COMANDA_include_RETETA (id_comanda, id_reteta) VALUES (519, 4);
INSERT INTO COMANDA (id_restaurant, id_casier, id_cont) VALUES (8, NULL, '11');
INSERT INTO COMANDA_include_RETETA (id_comanda, id_reteta) VALUES (520, 3);
INSERT INTO COMANDA_include_RETETA (id_comanda, id_reteta) VALUES (520, 4);
INSERT INTO COMANDA (id_restaurant, id_casier, id_cont) VALUES (8, NULL, '11');
INSERT INTO COMANDA_include_RETETA (id_comanda, id_reteta) VALUES (521, 1);
INSERT INTO COMANDA_include_RETETA (id_comanda, id_reteta) VALUES (521, 2);
INSERT INTO COMANDA_include_RETETA (id_comanda, id_reteta) VALUES (521, 3);
INSERT INTO COMANDA (id_restaurant, id_casier, id_cont) VALUES (11, NULL, '11');
INSERT INTO COMANDA_include_RETETA (id_comanda, id_reteta) VALUES (522, 1);
INSERT INTO COMANDA_include_RETETA (id_comanda, id_reteta) VALUES (522, 5);
INSERT INTO COMANDA (id_restaurant, id_casier, id_cont) VALUES (11, NULL, '11');
INSERT INTO COMANDA_include_RETETA (id_comanda, id_reteta) VALUES (523, 3);
INSERT INTO COMANDA_include_RETETA (id_comanda, id_reteta) VALUES (523, 4);
INSERT INTO COMANDA_include_RETETA (id_comanda, id_reteta) VALUES (523, 5);
INSERT INTO COMANDA (id_restaurant, id_casier, id_cont) VALUES (9, NULL, '11');
INSERT INTO COMANDA_include_RETETA (id_comanda, id_reteta) VALUES (524, 1);
INSERT INTO COMANDA_include_RETETA (id_comanda, id_reteta) VALUES (524, 3);
INSERT INTO COMANDA (id_restaurant, id_casier, id_cont) VALUES (11, NULL, '11');
INSERT INTO COMANDA_include_RETETA (id_comanda, id_reteta) VALUES (525, 2);
INSERT INTO COMANDA_include_RETETA (id_comanda, id_reteta) VALUES (525, 3);
INSERT INTO COMANDA_include_RETETA (id_comanda, id_reteta) VALUES (525, 4);
INSERT INTO COMANDA (id_restaurant, id_casier, id_cont) VALUES (8, NULL, '11');
INSERT INTO COMANDA_include_RETETA (id_comanda, id_reteta) VALUES (526, 1);
INSERT INTO COMANDA_include_RETETA (id_comanda, id_reteta) VALUES (526, 2);
INSERT INTO COMANDA_include_RETETA (id_comanda, id_reteta) VALUES (526, 4);
INSERT INTO COMANDA_include_RETETA (id_comanda, id_reteta) VALUES (526, 5);
INSERT INTO COMANDA (id_restaurant, id_casier, id_cont) VALUES (9, NULL, '11');
INSERT INTO COMANDA_include_RETETA (id_comanda, id_reteta) VALUES (527, 1);
INSERT INTO COMANDA_include_RETETA (id_comanda, id_reteta) VALUES (527, 3);
INSERT INTO COMANDA_include_RETETA (id_comanda, id_reteta) VALUES (527, 4);
INSERT INTO COMANDA (id_restaurant, id_casier, id_cont) VALUES (5, 54, NULL);
INSERT INTO COMANDA_include_RETETA (id_comanda, id_reteta) VALUES (528, 1);
INSERT INTO COMANDA_include_RETETA (id_comanda, id_reteta) VALUES (528, 3);
INSERT INTO COMANDA_include_RETETA (id_comanda, id_reteta) VALUES (528, 4);
INSERT INTO COMANDA (id_restaurant, id_casier, id_cont) VALUES (11, 115, NULL);
INSERT INTO COMANDA_include_RETETA (id_comanda, id_reteta) VALUES (529, 2);
INSERT INTO COMANDA_include_RETETA (id_comanda, id_reteta) VALUES (529, 3);
INSERT INTO COMANDA (id_restaurant, id_casier, id_cont) VALUES (9, NULL, '11');
INSERT INTO COMANDA_include_RETETA (id_comanda, id_reteta) VALUES (530, 2);
INSERT INTO COMANDA_include_RETETA (id_comanda, id_reteta) VALUES (530, 3);
INSERT INTO COMANDA (id_restaurant, id_casier, id_cont) VALUES (11, NULL, '11');
INSERT INTO COMANDA_include_RETETA (id_comanda, id_reteta) VALUES (531, 2);
INSERT INTO COMANDA_include_RETETA (id_comanda, id_reteta) VALUES (531, 4);
INSERT INTO COMANDA (id_restaurant, id_casier, id_cont) VALUES (5, NULL, '11');
INSERT INTO COMANDA_include_RETETA (id_comanda, id_reteta) VALUES (532, 1);
INSERT INTO COMANDA_include_RETETA (id_comanda, id_reteta) VALUES (532, 2);
INSERT INTO COMANDA_include_RETETA (id_comanda, id_reteta) VALUES (532, 3);
INSERT INTO COMANDA_include_RETETA (id_comanda, id_reteta) VALUES (532, 4);
INSERT INTO COMANDA (id_restaurant, id_casier, id_cont) VALUES (5, 54, NULL);
INSERT INTO COMANDA_include_RETETA (id_comanda, id_reteta) VALUES (533, 2);
INSERT INTO COMANDA_include_RETETA (id_comanda, id_reteta) VALUES (533, 4);
INSERT INTO COMANDA (id_restaurant, id_casier, id_cont) VALUES (11, 116, NULL);
INSERT INTO COMANDA_include_RETETA (id_comanda, id_reteta) VALUES (534, 1);
INSERT INTO COMANDA_include_RETETA (id_comanda, id_reteta) VALUES (534, 5);
INSERT INTO COMANDA (id_restaurant, id_casier, id_cont) VALUES (5, 53, NULL);
INSERT INTO COMANDA_include_RETETA (id_comanda, id_reteta) VALUES (535, 1);
INSERT INTO COMANDA_include_RETETA (id_comanda, id_reteta) VALUES (535, 2);
INSERT INTO COMANDA (id_restaurant, id_casier, id_cont) VALUES (11, NULL, '11');
INSERT INTO COMANDA_include_RETETA (id_comanda, id_reteta) VALUES (536, 2);
INSERT INTO COMANDA_include_RETETA (id_comanda, id_reteta) VALUES (536, 3);
INSERT INTO COMANDA_include_RETETA (id_comanda, id_reteta) VALUES (536, 4);
INSERT INTO COMANDA_include_RETETA (id_comanda, id_reteta) VALUES (536, 5);
INSERT INTO COMANDA (id_restaurant, id_casier, id_cont) VALUES (9, 93, NULL);
INSERT INTO COMANDA_include_RETETA (id_comanda, id_reteta) VALUES (537, 1);
INSERT INTO COMANDA_include_RETETA (id_comanda, id_reteta) VALUES (537, 2);
INSERT INTO COMANDA_include_RETETA (id_comanda, id_reteta) VALUES (537, 3);
INSERT INTO COMANDA_include_RETETA (id_comanda, id_reteta) VALUES (537, 4);
INSERT INTO COMANDA_include_RETETA (id_comanda, id_reteta) VALUES (537, 5);
INSERT INTO COMANDA (id_restaurant, id_casier, id_cont) VALUES (11, NULL, '11');
INSERT INTO COMANDA_include_RETETA (id_comanda, id_reteta) VALUES (538, 2);
INSERT INTO COMANDA (id_restaurant, id_casier, id_cont) VALUES (8, 81, NULL);
INSERT INTO COMANDA_include_RETETA (id_comanda, id_reteta) VALUES (539, 1);
INSERT INTO COMANDA_include_RETETA (id_comanda, id_reteta) VALUES (539, 2);
INSERT INTO COMANDA_include_RETETA (id_comanda, id_reteta) VALUES (539, 3);
INSERT INTO COMANDA_include_RETETA (id_comanda, id_reteta) VALUES (539, 4);
INSERT INTO COMANDA (id_restaurant, id_casier, id_cont) VALUES (11, 114, NULL);
INSERT INTO COMANDA_include_RETETA (id_comanda, id_reteta) VALUES (540, 2);
INSERT INTO COMANDA_include_RETETA (id_comanda, id_reteta) VALUES (540, 3);
INSERT INTO COMANDA (id_restaurant, id_casier, id_cont) VALUES (8, 82, NULL);
INSERT INTO COMANDA_include_RETETA (id_comanda, id_reteta) VALUES (541, 1);
INSERT INTO COMANDA_include_RETETA (id_comanda, id_reteta) VALUES (541, 2);
INSERT INTO COMANDA_include_RETETA (id_comanda, id_reteta) VALUES (541, 3);
INSERT INTO COMANDA (id_restaurant, id_casier, id_cont) VALUES (8, NULL, '11');
INSERT INTO COMANDA_include_RETETA (id_comanda, id_reteta) VALUES (542, 3);
INSERT INTO COMANDA (id_restaurant, id_casier, id_cont) VALUES (5, 53, NULL);
INSERT INTO COMANDA_include_RETETA (id_comanda, id_reteta) VALUES (543, 1);
INSERT INTO COMANDA_include_RETETA (id_comanda, id_reteta) VALUES (543, 5);
INSERT INTO COMANDA (id_restaurant, id_casier, id_cont) VALUES (5, 54, NULL);
INSERT INTO COMANDA_include_RETETA (id_comanda, id_reteta) VALUES (544, 1);
INSERT INTO COMANDA_include_RETETA (id_comanda, id_reteta) VALUES (544, 5);
INSERT INTO COMANDA (id_restaurant, id_casier, id_cont) VALUES (8, 81, NULL);
INSERT INTO COMANDA_include_RETETA (id_comanda, id_reteta) VALUES (545, 3);
INSERT INTO COMANDA_include_RETETA (id_comanda, id_reteta) VALUES (545, 4);
INSERT INTO COMANDA_include_RETETA (id_comanda, id_reteta) VALUES (545, 5);
INSERT INTO COMANDA (id_restaurant, id_casier, id_cont) VALUES (5, NULL, '11');
INSERT INTO COMANDA (id_restaurant, id_casier, id_cont) VALUES (9, 90, NULL);
INSERT INTO COMANDA_include_RETETA (id_comanda, id_reteta) VALUES (547, 4);
INSERT INTO COMANDA_include_RETETA (id_comanda, id_reteta) VALUES (547, 5);
INSERT INTO COMANDA (id_restaurant, id_casier, id_cont) VALUES (5, NULL, '11');
INSERT INTO COMANDA_include_RETETA (id_comanda, id_reteta) VALUES (548, 2);
INSERT INTO COMANDA_include_RETETA (id_comanda, id_reteta) VALUES (548, 4);
INSERT INTO COMANDA_include_RETETA (id_comanda, id_reteta) VALUES (548, 5);
INSERT INTO COMANDA (id_restaurant, id_casier, id_cont) VALUES (11, 117, NULL);
INSERT INTO COMANDA_include_RETETA (id_comanda, id_reteta) VALUES (549, 1);
INSERT INTO COMANDA_include_RETETA (id_comanda, id_reteta) VALUES (549, 5);
INSERT INTO COMANDA (id_restaurant, id_casier, id_cont) VALUES (8, NULL, '11');
INSERT INTO COMANDA_include_RETETA (id_comanda, id_reteta) VALUES (550, 3);
INSERT INTO COMANDA (id_restaurant, id_casier, id_cont) VALUES (23, NULL, '12');
INSERT INTO COMANDA_include_RETETA (id_comanda, id_reteta) VALUES (551, 4);
INSERT INTO COMANDA (id_restaurant, id_casier, id_cont) VALUES (23, NULL, '12');
INSERT INTO COMANDA_include_RETETA (id_comanda, id_reteta) VALUES (552, 1);
INSERT INTO COMANDA_include_RETETA (id_comanda, id_reteta) VALUES (552, 2);
INSERT INTO COMANDA_include_RETETA (id_comanda, id_reteta) VALUES (552, 5);
INSERT INTO COMANDA (id_restaurant, id_casier, id_cont) VALUES (23, NULL, '12');
INSERT INTO COMANDA_include_RETETA (id_comanda, id_reteta) VALUES (553, 1);
INSERT INTO COMANDA_include_RETETA (id_comanda, id_reteta) VALUES (553, 5);
INSERT INTO COMANDA (id_restaurant, id_casier, id_cont) VALUES (23, 236, NULL);
INSERT INTO COMANDA_include_RETETA (id_comanda, id_reteta) VALUES (554, 1);
INSERT INTO COMANDA_include_RETETA (id_comanda, id_reteta) VALUES (554, 2);
INSERT INTO COMANDA_include_RETETA (id_comanda, id_reteta) VALUES (554, 5);
INSERT INTO COMANDA (id_restaurant, id_casier, id_cont) VALUES (23, NULL, '12');
INSERT INTO COMANDA_include_RETETA (id_comanda, id_reteta) VALUES (555, 2);
INSERT INTO COMANDA_include_RETETA (id_comanda, id_reteta) VALUES (555, 3);
INSERT INTO COMANDA_include_RETETA (id_comanda, id_reteta) VALUES (555, 4);
INSERT INTO COMANDA_include_RETETA (id_comanda, id_reteta) VALUES (555, 5);
INSERT INTO COMANDA (id_restaurant, id_casier, id_cont) VALUES (23, 236, NULL);
INSERT INTO COMANDA_include_RETETA (id_comanda, id_reteta) VALUES (556, 1);
INSERT INTO COMANDA_include_RETETA (id_comanda, id_reteta) VALUES (556, 2);
INSERT INTO COMANDA_include_RETETA (id_comanda, id_reteta) VALUES (556, 3);
INSERT INTO COMANDA (id_restaurant, id_casier, id_cont) VALUES (23, NULL, '12');
INSERT INTO COMANDA_include_RETETA (id_comanda, id_reteta) VALUES (557, 1);
INSERT INTO COMANDA_include_RETETA (id_comanda, id_reteta) VALUES (557, 2);
INSERT INTO COMANDA_include_RETETA (id_comanda, id_reteta) VALUES (557, 3);
INSERT INTO COMANDA (id_restaurant, id_casier, id_cont) VALUES (23, NULL, '12');
INSERT INTO COMANDA_include_RETETA (id_comanda, id_reteta) VALUES (558, 4);
INSERT INTO COMANDA_include_RETETA (id_comanda, id_reteta) VALUES (558, 5);
INSERT INTO COMANDA (id_restaurant, id_casier, id_cont) VALUES (23, NULL, '12');
INSERT INTO COMANDA_include_RETETA (id_comanda, id_reteta) VALUES (559, 3);
INSERT INTO COMANDA_include_RETETA (id_comanda, id_reteta) VALUES (559, 4);
INSERT INTO COMANDA (id_restaurant, id_casier, id_cont) VALUES (23, NULL, '12');
INSERT INTO COMANDA_include_RETETA (id_comanda, id_reteta) VALUES (560, 2);
INSERT INTO COMANDA_include_RETETA (id_comanda, id_reteta) VALUES (560, 4);
INSERT INTO COMANDA_include_RETETA (id_comanda, id_reteta) VALUES (560, 5);
INSERT INTO COMANDA (id_restaurant, id_casier, id_cont) VALUES (23, 236, NULL);
INSERT INTO COMANDA_include_RETETA (id_comanda, id_reteta) VALUES (561, 1);
INSERT INTO COMANDA (id_restaurant, id_casier, id_cont) VALUES (23, NULL, '12');
INSERT INTO COMANDA_include_RETETA (id_comanda, id_reteta) VALUES (562, 3);
INSERT INTO COMANDA (id_restaurant, id_casier, id_cont) VALUES (23, NULL, '12');
INSERT INTO COMANDA_include_RETETA (id_comanda, id_reteta) VALUES (563, 2);
INSERT INTO COMANDA_include_RETETA (id_comanda, id_reteta) VALUES (563, 5);
INSERT INTO COMANDA (id_restaurant, id_casier, id_cont) VALUES (23, 236, NULL);
INSERT INTO COMANDA_include_RETETA (id_comanda, id_reteta) VALUES (564, 1);
INSERT INTO COMANDA_include_RETETA (id_comanda, id_reteta) VALUES (564, 3);
INSERT INTO COMANDA_include_RETETA (id_comanda, id_reteta) VALUES (564, 5);
INSERT INTO COMANDA (id_restaurant, id_casier, id_cont) VALUES (23, 236, NULL);
INSERT INTO COMANDA_include_RETETA (id_comanda, id_reteta) VALUES (565, 1);
INSERT INTO COMANDA_include_RETETA (id_comanda, id_reteta) VALUES (565, 5);
INSERT INTO COMANDA (id_restaurant, id_casier, id_cont) VALUES (23, NULL, '12');
INSERT INTO COMANDA_include_RETETA (id_comanda, id_reteta) VALUES (566, 5);
INSERT INTO COMANDA (id_restaurant, id_casier, id_cont) VALUES (23, 236, NULL);
INSERT INTO COMANDA_include_RETETA (id_comanda, id_reteta) VALUES (567, 3);
INSERT INTO COMANDA_include_RETETA (id_comanda, id_reteta) VALUES (567, 4);
INSERT INTO COMANDA (id_restaurant, id_casier, id_cont) VALUES (23, NULL, '12');
INSERT INTO COMANDA_include_RETETA (id_comanda, id_reteta) VALUES (568, 1);
INSERT INTO COMANDA_include_RETETA (id_comanda, id_reteta) VALUES (568, 2);
INSERT INTO COMANDA (id_restaurant, id_casier, id_cont) VALUES (23, NULL, '12');
INSERT INTO COMANDA_include_RETETA (id_comanda, id_reteta) VALUES (569, 3);
INSERT INTO COMANDA_include_RETETA (id_comanda, id_reteta) VALUES (569, 4);
INSERT INTO COMANDA_include_RETETA (id_comanda, id_reteta) VALUES (569, 5);
INSERT INTO COMANDA (id_restaurant, id_casier, id_cont) VALUES (23, NULL, '12');
INSERT INTO COMANDA_include_RETETA (id_comanda, id_reteta) VALUES (570, 1);
INSERT INTO COMANDA_include_RETETA (id_comanda, id_reteta) VALUES (570, 2);
INSERT INTO COMANDA (id_restaurant, id_casier, id_cont) VALUES (23, 236, NULL);
INSERT INTO COMANDA_include_RETETA (id_comanda, id_reteta) VALUES (571, 3);
INSERT INTO COMANDA_include_RETETA (id_comanda, id_reteta) VALUES (571, 4);
INSERT INTO COMANDA_include_RETETA (id_comanda, id_reteta) VALUES (571, 5);
INSERT INTO COMANDA (id_restaurant, id_casier, id_cont) VALUES (23, NULL, '12');
INSERT INTO COMANDA_include_RETETA (id_comanda, id_reteta) VALUES (572, 3);
INSERT INTO COMANDA (id_restaurant, id_casier, id_cont) VALUES (23, 236, NULL);
INSERT INTO COMANDA_include_RETETA (id_comanda, id_reteta) VALUES (573, 1);
INSERT INTO COMANDA_include_RETETA (id_comanda, id_reteta) VALUES (573, 3);
INSERT INTO COMANDA_include_RETETA (id_comanda, id_reteta) VALUES (573, 5);
INSERT INTO COMANDA (id_restaurant, id_casier, id_cont) VALUES (23, NULL, '12');
INSERT INTO COMANDA_include_RETETA (id_comanda, id_reteta) VALUES (574, 1);
INSERT INTO COMANDA_include_RETETA (id_comanda, id_reteta) VALUES (574, 2);
INSERT INTO COMANDA_include_RETETA (id_comanda, id_reteta) VALUES (574, 4);
INSERT INTO COMANDA_include_RETETA (id_comanda, id_reteta) VALUES (574, 5);
INSERT INTO COMANDA (id_restaurant, id_casier, id_cont) VALUES (23, 236, NULL);
INSERT INTO COMANDA_include_RETETA (id_comanda, id_reteta) VALUES (575, 1);
INSERT INTO COMANDA_include_RETETA (id_comanda, id_reteta) VALUES (575, 4);
INSERT INTO COMANDA_include_RETETA (id_comanda, id_reteta) VALUES (575, 5);
INSERT INTO COMANDA (id_restaurant, id_casier, id_cont) VALUES (23, NULL, '12');
INSERT INTO COMANDA_include_RETETA (id_comanda, id_reteta) VALUES (576, 1);
INSERT INTO COMANDA_include_RETETA (id_comanda, id_reteta) VALUES (576, 3);
INSERT INTO COMANDA_include_RETETA (id_comanda, id_reteta) VALUES (576, 5);
INSERT INTO COMANDA (id_restaurant, id_casier, id_cont) VALUES (23, NULL, '12');
INSERT INTO COMANDA_include_RETETA (id_comanda, id_reteta) VALUES (577, 4);
INSERT INTO COMANDA (id_restaurant, id_casier, id_cont) VALUES (23, NULL, '12');
INSERT INTO COMANDA_include_RETETA (id_comanda, id_reteta) VALUES (578, 2);
INSERT INTO COMANDA_include_RETETA (id_comanda, id_reteta) VALUES (578, 3);
INSERT INTO COMANDA_include_RETETA (id_comanda, id_reteta) VALUES (578, 5);
INSERT INTO COMANDA (id_restaurant, id_casier, id_cont) VALUES (23, 236, NULL);
INSERT INTO COMANDA_include_RETETA (id_comanda, id_reteta) VALUES (579, 1);
INSERT INTO COMANDA_include_RETETA (id_comanda, id_reteta) VALUES (579, 3);
INSERT INTO COMANDA_include_RETETA (id_comanda, id_reteta) VALUES (579, 4);
INSERT INTO COMANDA (id_restaurant, id_casier, id_cont) VALUES (23, NULL, '12');
INSERT INTO COMANDA_include_RETETA (id_comanda, id_reteta) VALUES (580, 4);
INSERT INTO COMANDA_include_RETETA (id_comanda, id_reteta) VALUES (580, 5);
INSERT INTO COMANDA (id_restaurant, id_casier, id_cont) VALUES (23, 236, NULL);
INSERT INTO COMANDA_include_RETETA (id_comanda, id_reteta) VALUES (581, 1);
INSERT INTO COMANDA_include_RETETA (id_comanda, id_reteta) VALUES (581, 5);
INSERT INTO COMANDA (id_restaurant, id_casier, id_cont) VALUES (23, NULL, '12');
INSERT INTO COMANDA_include_RETETA (id_comanda, id_reteta) VALUES (582, 3);
INSERT INTO COMANDA (id_restaurant, id_casier, id_cont) VALUES (23, 236, NULL);
INSERT INTO COMANDA_include_RETETA (id_comanda, id_reteta) VALUES (583, 2);
INSERT INTO COMANDA_include_RETETA (id_comanda, id_reteta) VALUES (583, 3);
INSERT INTO COMANDA_include_RETETA (id_comanda, id_reteta) VALUES (583, 4);
INSERT INTO COMANDA_include_RETETA (id_comanda, id_reteta) VALUES (583, 5);
INSERT INTO COMANDA (id_restaurant, id_casier, id_cont) VALUES (23, NULL, '12');
INSERT INTO COMANDA_include_RETETA (id_comanda, id_reteta) VALUES (584, 4);
INSERT INTO COMANDA_include_RETETA (id_comanda, id_reteta) VALUES (584, 5);
INSERT INTO COMANDA (id_restaurant, id_casier, id_cont) VALUES (23, 236, NULL);
INSERT INTO COMANDA_include_RETETA (id_comanda, id_reteta) VALUES (585, 3);
INSERT INTO COMANDA_include_RETETA (id_comanda, id_reteta) VALUES (585, 4);
INSERT INTO COMANDA (id_restaurant, id_casier, id_cont) VALUES (23, 236, NULL);
INSERT INTO COMANDA_include_RETETA (id_comanda, id_reteta) VALUES (586, 1);
INSERT INTO COMANDA_include_RETETA (id_comanda, id_reteta) VALUES (586, 3);
INSERT INTO COMANDA_include_RETETA (id_comanda, id_reteta) VALUES (586, 4);
INSERT INTO COMANDA (id_restaurant, id_casier, id_cont) VALUES (23, NULL, '12');
INSERT INTO COMANDA_include_RETETA (id_comanda, id_reteta) VALUES (587, 2);
INSERT INTO COMANDA_include_RETETA (id_comanda, id_reteta) VALUES (587, 5);
INSERT INTO COMANDA (id_restaurant, id_casier, id_cont) VALUES (23, NULL, '12');
INSERT INTO COMANDA_include_RETETA (id_comanda, id_reteta) VALUES (588, 1);
INSERT INTO COMANDA_include_RETETA (id_comanda, id_reteta) VALUES (588, 2);
INSERT INTO COMANDA (id_restaurant, id_casier, id_cont) VALUES (23, NULL, '12');
INSERT INTO COMANDA_include_RETETA (id_comanda, id_reteta) VALUES (589, 1);
INSERT INTO COMANDA_include_RETETA (id_comanda, id_reteta) VALUES (589, 2);
INSERT INTO COMANDA_include_RETETA (id_comanda, id_reteta) VALUES (589, 5);
INSERT INTO COMANDA (id_restaurant, id_casier, id_cont) VALUES (23, NULL, '12');
INSERT INTO COMANDA_include_RETETA (id_comanda, id_reteta) VALUES (590, 2);
INSERT INTO COMANDA_include_RETETA (id_comanda, id_reteta) VALUES (590, 4);
INSERT INTO COMANDA_include_RETETA (id_comanda, id_reteta) VALUES (590, 5);
INSERT INTO COMANDA (id_restaurant, id_casier, id_cont) VALUES (23, NULL, '12');
INSERT INTO COMANDA_include_RETETA (id_comanda, id_reteta) VALUES (591, 1);
INSERT INTO COMANDA_include_RETETA (id_comanda, id_reteta) VALUES (591, 3);
INSERT INTO COMANDA (id_restaurant, id_casier, id_cont) VALUES (23, NULL, '12');
INSERT INTO COMANDA_include_RETETA (id_comanda, id_reteta) VALUES (592, 2);
INSERT INTO COMANDA_include_RETETA (id_comanda, id_reteta) VALUES (592, 5);
INSERT INTO COMANDA (id_restaurant, id_casier, id_cont) VALUES (23, NULL, '12');
INSERT INTO COMANDA_include_RETETA (id_comanda, id_reteta) VALUES (593, 2);
INSERT INTO COMANDA_include_RETETA (id_comanda, id_reteta) VALUES (593, 4);
INSERT INTO COMANDA_include_RETETA (id_comanda, id_reteta) VALUES (593, 5);
INSERT INTO COMANDA (id_restaurant, id_casier, id_cont) VALUES (23, NULL, '12');
INSERT INTO COMANDA_include_RETETA (id_comanda, id_reteta) VALUES (594, 5);
INSERT INTO COMANDA (id_restaurant, id_casier, id_cont) VALUES (23, NULL, '12');
INSERT INTO COMANDA_include_RETETA (id_comanda, id_reteta) VALUES (595, 2);
INSERT INTO COMANDA_include_RETETA (id_comanda, id_reteta) VALUES (595, 3);
INSERT INTO COMANDA_include_RETETA (id_comanda, id_reteta) VALUES (595, 4);
INSERT INTO COMANDA_include_RETETA (id_comanda, id_reteta) VALUES (595, 5);
INSERT INTO COMANDA (id_restaurant, id_casier, id_cont) VALUES (23, 236, NULL);
INSERT INTO COMANDA_include_RETETA (id_comanda, id_reteta) VALUES (596, 1);
INSERT INTO COMANDA_include_RETETA (id_comanda, id_reteta) VALUES (596, 2);
INSERT INTO COMANDA_include_RETETA (id_comanda, id_reteta) VALUES (596, 4);
INSERT INTO COMANDA_include_RETETA (id_comanda, id_reteta) VALUES (596, 5);
INSERT INTO COMANDA (id_restaurant, id_casier, id_cont) VALUES (23, 236, NULL);
INSERT INTO COMANDA_include_RETETA (id_comanda, id_reteta) VALUES (597, 5);
INSERT INTO COMANDA (id_restaurant, id_casier, id_cont) VALUES (23, NULL, '12');
INSERT INTO COMANDA_include_RETETA (id_comanda, id_reteta) VALUES (598, 1);
INSERT INTO COMANDA_include_RETETA (id_comanda, id_reteta) VALUES (598, 2);
INSERT INTO COMANDA_include_RETETA (id_comanda, id_reteta) VALUES (598, 3);
INSERT INTO COMANDA_include_RETETA (id_comanda, id_reteta) VALUES (598, 4);
INSERT INTO COMANDA (id_restaurant, id_casier, id_cont) VALUES (23, NULL, '12');
INSERT INTO COMANDA_include_RETETA (id_comanda, id_reteta) VALUES (599, 2);
INSERT INTO COMANDA_include_RETETA (id_comanda, id_reteta) VALUES (599, 4);
INSERT INTO COMANDA (id_restaurant, id_casier, id_cont) VALUES (23, 236, NULL);
INSERT INTO COMANDA_include_RETETA (id_comanda, id_reteta) VALUES (600, 1);
INSERT INTO COMANDA_include_RETETA (id_comanda, id_reteta) VALUES (600, 2);
INSERT INTO COMANDA_include_RETETA (id_comanda, id_reteta) VALUES (600, 4);
INSERT INTO COMANDA (id_restaurant, id_casier, id_cont) VALUES (13, 136, NULL);
INSERT INTO COMANDA_include_RETETA (id_comanda, id_reteta) VALUES (601, 1);
INSERT INTO COMANDA_include_RETETA (id_comanda, id_reteta) VALUES (601, 4);
INSERT INTO COMANDA_include_RETETA (id_comanda, id_reteta) VALUES (601, 5);
INSERT INTO COMANDA (id_restaurant, id_casier, id_cont) VALUES (19, NULL, '13');
INSERT INTO COMANDA_include_RETETA (id_comanda, id_reteta) VALUES (602, 1);
INSERT INTO COMANDA_include_RETETA (id_comanda, id_reteta) VALUES (602, 2);
INSERT INTO COMANDA (id_restaurant, id_casier, id_cont) VALUES (25, NULL, '13');
INSERT INTO COMANDA_include_RETETA (id_comanda, id_reteta) VALUES (603, 2);
INSERT INTO COMANDA_include_RETETA (id_comanda, id_reteta) VALUES (603, 4);
INSERT INTO COMANDA (id_restaurant, id_casier, id_cont) VALUES (13, 138, NULL);
INSERT INTO COMANDA_include_RETETA (id_comanda, id_reteta) VALUES (604, 1);
INSERT INTO COMANDA_include_RETETA (id_comanda, id_reteta) VALUES (604, 3);
INSERT INTO COMANDA_include_RETETA (id_comanda, id_reteta) VALUES (604, 4);
INSERT INTO COMANDA_include_RETETA (id_comanda, id_reteta) VALUES (604, 5);
INSERT INTO COMANDA (id_restaurant, id_casier, id_cont) VALUES (14, NULL, '13');
INSERT INTO COMANDA_include_RETETA (id_comanda, id_reteta) VALUES (605, 1);
INSERT INTO COMANDA (id_restaurant, id_casier, id_cont) VALUES (22, NULL, '13');
INSERT INTO COMANDA_include_RETETA (id_comanda, id_reteta) VALUES (606, 1);
INSERT INTO COMANDA_include_RETETA (id_comanda, id_reteta) VALUES (606, 2);
INSERT INTO COMANDA_include_RETETA (id_comanda, id_reteta) VALUES (606, 3);
INSERT INTO COMANDA_include_RETETA (id_comanda, id_reteta) VALUES (606, 4);
INSERT INTO COMANDA (id_restaurant, id_casier, id_cont) VALUES (19, NULL, '13');
INSERT INTO COMANDA_include_RETETA (id_comanda, id_reteta) VALUES (607, 1);
INSERT INTO COMANDA_include_RETETA (id_comanda, id_reteta) VALUES (607, 3);
INSERT INTO COMANDA_include_RETETA (id_comanda, id_reteta) VALUES (607, 4);
INSERT INTO COMANDA_include_RETETA (id_comanda, id_reteta) VALUES (607, 5);
INSERT INTO COMANDA (id_restaurant, id_casier, id_cont) VALUES (25, NULL, '13');
INSERT INTO COMANDA_include_RETETA (id_comanda, id_reteta) VALUES (608, 1);
INSERT INTO COMANDA_include_RETETA (id_comanda, id_reteta) VALUES (608, 4);
INSERT INTO COMANDA_include_RETETA (id_comanda, id_reteta) VALUES (608, 5);
INSERT INTO COMANDA (id_restaurant, id_casier, id_cont) VALUES (12, 128, NULL);
INSERT INTO COMANDA_include_RETETA (id_comanda, id_reteta) VALUES (609, 1);
INSERT INTO COMANDA_include_RETETA (id_comanda, id_reteta) VALUES (609, 2);
INSERT INTO COMANDA_include_RETETA (id_comanda, id_reteta) VALUES (609, 3);
INSERT INTO COMANDA_include_RETETA (id_comanda, id_reteta) VALUES (609, 4);
INSERT INTO COMANDA_include_RETETA (id_comanda, id_reteta) VALUES (609, 5);
INSERT INTO COMANDA (id_restaurant, id_casier, id_cont) VALUES (2, 16, NULL);
INSERT INTO COMANDA_include_RETETA (id_comanda, id_reteta) VALUES (610, 2);
INSERT INTO COMANDA_include_RETETA (id_comanda, id_reteta) VALUES (610, 3);
INSERT INTO COMANDA (id_restaurant, id_casier, id_cont) VALUES (2, NULL, '13');
INSERT INTO COMANDA_include_RETETA (id_comanda, id_reteta) VALUES (611, 4);
INSERT INTO COMANDA_include_RETETA (id_comanda, id_reteta) VALUES (611, 5);
INSERT INTO COMANDA (id_restaurant, id_casier, id_cont) VALUES (12, NULL, '13');
INSERT INTO COMANDA_include_RETETA (id_comanda, id_reteta) VALUES (612, 2);
INSERT INTO COMANDA_include_RETETA (id_comanda, id_reteta) VALUES (612, 3);
INSERT INTO COMANDA_include_RETETA (id_comanda, id_reteta) VALUES (612, 5);
INSERT INTO COMANDA (id_restaurant, id_casier, id_cont) VALUES (12, NULL, '13');
INSERT INTO COMANDA_include_RETETA (id_comanda, id_reteta) VALUES (613, 1);
INSERT INTO COMANDA_include_RETETA (id_comanda, id_reteta) VALUES (613, 2);
INSERT INTO COMANDA_include_RETETA (id_comanda, id_reteta) VALUES (613, 3);
INSERT INTO COMANDA_include_RETETA (id_comanda, id_reteta) VALUES (613, 4);
INSERT INTO COMANDA_include_RETETA (id_comanda, id_reteta) VALUES (613, 5);
INSERT INTO COMANDA (id_restaurant, id_casier, id_cont) VALUES (21, NULL, '13');
INSERT INTO COMANDA_include_RETETA (id_comanda, id_reteta) VALUES (614, 1);
INSERT INTO COMANDA (id_restaurant, id_casier, id_cont) VALUES (24, NULL, '13');
INSERT INTO COMANDA_include_RETETA (id_comanda, id_reteta) VALUES (615, 2);
INSERT INTO COMANDA_include_RETETA (id_comanda, id_reteta) VALUES (615, 3);
INSERT INTO COMANDA_include_RETETA (id_comanda, id_reteta) VALUES (615, 5);
INSERT INTO COMANDA (id_restaurant, id_casier, id_cont) VALUES (6, 65, NULL);
INSERT INTO COMANDA_include_RETETA (id_comanda, id_reteta) VALUES (616, 2);
INSERT INTO COMANDA_include_RETETA (id_comanda, id_reteta) VALUES (616, 5);
INSERT INTO COMANDA (id_restaurant, id_casier, id_cont) VALUES (19, 200, NULL);
INSERT INTO COMANDA_include_RETETA (id_comanda, id_reteta) VALUES (617, 1);
INSERT INTO COMANDA_include_RETETA (id_comanda, id_reteta) VALUES (617, 2);
INSERT INTO COMANDA_include_RETETA (id_comanda, id_reteta) VALUES (617, 3);
INSERT INTO COMANDA (id_restaurant, id_casier, id_cont) VALUES (25, NULL, '13');
INSERT INTO COMANDA_include_RETETA (id_comanda, id_reteta) VALUES (618, 2);
INSERT INTO COMANDA_include_RETETA (id_comanda, id_reteta) VALUES (618, 3);
INSERT INTO COMANDA_include_RETETA (id_comanda, id_reteta) VALUES (618, 5);
INSERT INTO COMANDA (id_restaurant, id_casier, id_cont) VALUES (24, 245, NULL);
INSERT INTO COMANDA_include_RETETA (id_comanda, id_reteta) VALUES (619, 1);
INSERT INTO COMANDA_include_RETETA (id_comanda, id_reteta) VALUES (619, 3);
INSERT INTO COMANDA_include_RETETA (id_comanda, id_reteta) VALUES (619, 4);
INSERT INTO COMANDA_include_RETETA (id_comanda, id_reteta) VALUES (619, 5);
INSERT INTO COMANDA (id_restaurant, id_casier, id_cont) VALUES (19, 204, NULL);
INSERT INTO COMANDA (id_restaurant, id_casier, id_cont) VALUES (24, 244, NULL);
INSERT INTO COMANDA_include_RETETA (id_comanda, id_reteta) VALUES (621, 2);
INSERT INTO COMANDA_include_RETETA (id_comanda, id_reteta) VALUES (621, 3);
INSERT INTO COMANDA_include_RETETA (id_comanda, id_reteta) VALUES (621, 4);
INSERT INTO COMANDA (id_restaurant, id_casier, id_cont) VALUES (25, NULL, '13');
INSERT INTO COMANDA_include_RETETA (id_comanda, id_reteta) VALUES (622, 3);
INSERT INTO COMANDA (id_restaurant, id_casier, id_cont) VALUES (13, NULL, '13');
INSERT INTO COMANDA_include_RETETA (id_comanda, id_reteta) VALUES (623, 1);
INSERT INTO COMANDA (id_restaurant, id_casier, id_cont) VALUES (24, NULL, '13');
INSERT INTO COMANDA_include_RETETA (id_comanda, id_reteta) VALUES (624, 1);
INSERT INTO COMANDA_include_RETETA (id_comanda, id_reteta) VALUES (624, 3);
INSERT INTO COMANDA (id_restaurant, id_casier, id_cont) VALUES (14, NULL, '13');
INSERT INTO COMANDA_include_RETETA (id_comanda, id_reteta) VALUES (625, 3);
INSERT INTO COMANDA_include_RETETA (id_comanda, id_reteta) VALUES (625, 5);
INSERT INTO COMANDA (id_restaurant, id_casier, id_cont) VALUES (13, NULL, '13');
INSERT INTO COMANDA_include_RETETA (id_comanda, id_reteta) VALUES (626, 1);
INSERT INTO COMANDA_include_RETETA (id_comanda, id_reteta) VALUES (626, 2);
INSERT INTO COMANDA_include_RETETA (id_comanda, id_reteta) VALUES (626, 3);
INSERT INTO COMANDA_include_RETETA (id_comanda, id_reteta) VALUES (626, 5);
INSERT INTO COMANDA (id_restaurant, id_casier, id_cont) VALUES (26, NULL, '13');
INSERT INTO COMANDA_include_RETETA (id_comanda, id_reteta) VALUES (627, 1);
INSERT INTO COMANDA_include_RETETA (id_comanda, id_reteta) VALUES (627, 2);
INSERT INTO COMANDA_include_RETETA (id_comanda, id_reteta) VALUES (627, 4);
INSERT INTO COMANDA (id_restaurant, id_casier, id_cont) VALUES (14, NULL, '13');
INSERT INTO COMANDA_include_RETETA (id_comanda, id_reteta) VALUES (628, 2);
INSERT INTO COMANDA_include_RETETA (id_comanda, id_reteta) VALUES (628, 4);
INSERT INTO COMANDA (id_restaurant, id_casier, id_cont) VALUES (2, NULL, '13');
INSERT INTO COMANDA_include_RETETA (id_comanda, id_reteta) VALUES (629, 1);
INSERT INTO COMANDA_include_RETETA (id_comanda, id_reteta) VALUES (629, 3);
INSERT INTO COMANDA (id_restaurant, id_casier, id_cont) VALUES (24, NULL, '13');
INSERT INTO COMANDA_include_RETETA (id_comanda, id_reteta) VALUES (630, 2);
INSERT INTO COMANDA_include_RETETA (id_comanda, id_reteta) VALUES (630, 4);
INSERT INTO COMANDA (id_restaurant, id_casier, id_cont) VALUES (22, NULL, '13');
INSERT INTO COMANDA_include_RETETA (id_comanda, id_reteta) VALUES (631, 3);
INSERT INTO COMANDA (id_restaurant, id_casier, id_cont) VALUES (14, NULL, '13');
INSERT INTO COMANDA_include_RETETA (id_comanda, id_reteta) VALUES (632, 3);
INSERT INTO COMANDA_include_RETETA (id_comanda, id_reteta) VALUES (632, 4);
INSERT INTO COMANDA_include_RETETA (id_comanda, id_reteta) VALUES (632, 5);
INSERT INTO COMANDA (id_restaurant, id_casier, id_cont) VALUES (21, NULL, '13');
INSERT INTO COMANDA_include_RETETA (id_comanda, id_reteta) VALUES (633, 1);
INSERT INTO COMANDA_include_RETETA (id_comanda, id_reteta) VALUES (633, 2);
INSERT INTO COMANDA_include_RETETA (id_comanda, id_reteta) VALUES (633, 4);
INSERT INTO COMANDA (id_restaurant, id_casier, id_cont) VALUES (19, 205, NULL);
INSERT INTO COMANDA_include_RETETA (id_comanda, id_reteta) VALUES (634, 2);
INSERT INTO COMANDA_include_RETETA (id_comanda, id_reteta) VALUES (634, 3);
INSERT INTO COMANDA_include_RETETA (id_comanda, id_reteta) VALUES (634, 4);
INSERT INTO COMANDA (id_restaurant, id_casier, id_cont) VALUES (20, 211, NULL);
INSERT INTO COMANDA_include_RETETA (id_comanda, id_reteta) VALUES (635, 1);
INSERT INTO COMANDA_include_RETETA (id_comanda, id_reteta) VALUES (635, 2);
INSERT INTO COMANDA_include_RETETA (id_comanda, id_reteta) VALUES (635, 3);
INSERT INTO COMANDA (id_restaurant, id_casier, id_cont) VALUES (26, NULL, '13');
INSERT INTO COMANDA_include_RETETA (id_comanda, id_reteta) VALUES (636, 1);
INSERT INTO COMANDA_include_RETETA (id_comanda, id_reteta) VALUES (636, 4);
INSERT INTO COMANDA (id_restaurant, id_casier, id_cont) VALUES (20, 212, NULL);
INSERT INTO COMANDA_include_RETETA (id_comanda, id_reteta) VALUES (637, 1);
INSERT INTO COMANDA_include_RETETA (id_comanda, id_reteta) VALUES (637, 5);
INSERT INTO COMANDA (id_restaurant, id_casier, id_cont) VALUES (13, 138, NULL);
INSERT INTO COMANDA_include_RETETA (id_comanda, id_reteta) VALUES (638, 1);
INSERT INTO COMANDA_include_RETETA (id_comanda, id_reteta) VALUES (638, 5);
INSERT INTO COMANDA (id_restaurant, id_casier, id_cont) VALUES (14, 152, NULL);
INSERT INTO COMANDA_include_RETETA (id_comanda, id_reteta) VALUES (639, 2);
INSERT INTO COMANDA_include_RETETA (id_comanda, id_reteta) VALUES (639, 3);
INSERT INTO COMANDA_include_RETETA (id_comanda, id_reteta) VALUES (639, 5);
INSERT INTO COMANDA (id_restaurant, id_casier, id_cont) VALUES (4, 40, NULL);
INSERT INTO COMANDA_include_RETETA (id_comanda, id_reteta) VALUES (640, 2);
INSERT INTO COMANDA_include_RETETA (id_comanda, id_reteta) VALUES (640, 3);
INSERT INTO COMANDA_include_RETETA (id_comanda, id_reteta) VALUES (640, 4);
INSERT INTO COMANDA_include_RETETA (id_comanda, id_reteta) VALUES (640, 5);
INSERT INTO COMANDA (id_restaurant, id_casier, id_cont) VALUES (20, NULL, '13');
INSERT INTO COMANDA_include_RETETA (id_comanda, id_reteta) VALUES (641, 2);
INSERT INTO COMANDA_include_RETETA (id_comanda, id_reteta) VALUES (641, 5);
INSERT INTO COMANDA (id_restaurant, id_casier, id_cont) VALUES (12, 125, NULL);
INSERT INTO COMANDA_include_RETETA (id_comanda, id_reteta) VALUES (642, 1);
INSERT INTO COMANDA_include_RETETA (id_comanda, id_reteta) VALUES (642, 4);
INSERT INTO COMANDA (id_restaurant, id_casier, id_cont) VALUES (19, 204, NULL);
INSERT INTO COMANDA_include_RETETA (id_comanda, id_reteta) VALUES (643, 2);
INSERT INTO COMANDA_include_RETETA (id_comanda, id_reteta) VALUES (643, 5);
INSERT INTO COMANDA (id_restaurant, id_casier, id_cont) VALUES (6, NULL, '13');
INSERT INTO COMANDA_include_RETETA (id_comanda, id_reteta) VALUES (644, 1);
INSERT INTO COMANDA_include_RETETA (id_comanda, id_reteta) VALUES (644, 2);
INSERT INTO COMANDA_include_RETETA (id_comanda, id_reteta) VALUES (644, 4);
INSERT INTO COMANDA_include_RETETA (id_comanda, id_reteta) VALUES (644, 5);
INSERT INTO COMANDA (id_restaurant, id_casier, id_cont) VALUES (24, 246, NULL);
INSERT INTO COMANDA_include_RETETA (id_comanda, id_reteta) VALUES (645, 3);
INSERT INTO COMANDA_include_RETETA (id_comanda, id_reteta) VALUES (645, 4);
INSERT INTO COMANDA (id_restaurant, id_casier, id_cont) VALUES (12, NULL, '13');
INSERT INTO COMANDA_include_RETETA (id_comanda, id_reteta) VALUES (646, 2);
INSERT INTO COMANDA_include_RETETA (id_comanda, id_reteta) VALUES (646, 3);
INSERT INTO COMANDA (id_restaurant, id_casier, id_cont) VALUES (26, NULL, '13');
INSERT INTO COMANDA_include_RETETA (id_comanda, id_reteta) VALUES (647, 5);
INSERT INTO COMANDA (id_restaurant, id_casier, id_cont) VALUES (21, NULL, '13');
INSERT INTO COMANDA_include_RETETA (id_comanda, id_reteta) VALUES (648, 1);
INSERT INTO COMANDA_include_RETETA (id_comanda, id_reteta) VALUES (648, 2);
INSERT INTO COMANDA_include_RETETA (id_comanda, id_reteta) VALUES (648, 5);
INSERT INTO COMANDA (id_restaurant, id_casier, id_cont) VALUES (24, NULL, '13');
INSERT INTO COMANDA_include_RETETA (id_comanda, id_reteta) VALUES (649, 2);
INSERT INTO COMANDA_include_RETETA (id_comanda, id_reteta) VALUES (649, 3);
INSERT INTO COMANDA_include_RETETA (id_comanda, id_reteta) VALUES (649, 5);
INSERT INTO COMANDA (id_restaurant, id_casier, id_cont) VALUES (22, 230, NULL);
INSERT INTO COMANDA_include_RETETA (id_comanda, id_reteta) VALUES (650, 1);
INSERT INTO COMANDA_include_RETETA (id_comanda, id_reteta) VALUES (650, 4);
INSERT INTO COMANDA_include_RETETA (id_comanda, id_reteta) VALUES (650, 5);
INSERT INTO COMANDA (id_restaurant, id_casier, id_cont) VALUES (23, 236, NULL);
INSERT INTO COMANDA_include_RETETA (id_comanda, id_reteta) VALUES (651, 4);
INSERT INTO COMANDA_include_RETETA (id_comanda, id_reteta) VALUES (651, 5);
INSERT INTO COMANDA (id_restaurant, id_casier, id_cont) VALUES (23, NULL, '14');
INSERT INTO COMANDA_include_RETETA (id_comanda, id_reteta) VALUES (652, 2);
INSERT INTO COMANDA_include_RETETA (id_comanda, id_reteta) VALUES (652, 4);
INSERT INTO COMANDA (id_restaurant, id_casier, id_cont) VALUES (23, NULL, '14');
INSERT INTO COMANDA_include_RETETA (id_comanda, id_reteta) VALUES (653, 3);
INSERT INTO COMANDA_include_RETETA (id_comanda, id_reteta) VALUES (653, 4);
INSERT INTO COMANDA (id_restaurant, id_casier, id_cont) VALUES (23, NULL, '14');
INSERT INTO COMANDA_include_RETETA (id_comanda, id_reteta) VALUES (654, 2);
INSERT INTO COMANDA_include_RETETA (id_comanda, id_reteta) VALUES (654, 5);
INSERT INTO COMANDA (id_restaurant, id_casier, id_cont) VALUES (23, 236, NULL);
INSERT INTO COMANDA_include_RETETA (id_comanda, id_reteta) VALUES (655, 2);
INSERT INTO COMANDA_include_RETETA (id_comanda, id_reteta) VALUES (655, 3);
INSERT INTO COMANDA_include_RETETA (id_comanda, id_reteta) VALUES (655, 4);
INSERT INTO COMANDA (id_restaurant, id_casier, id_cont) VALUES (23, NULL, '14');
INSERT INTO COMANDA_include_RETETA (id_comanda, id_reteta) VALUES (656, 1);
INSERT INTO COMANDA_include_RETETA (id_comanda, id_reteta) VALUES (656, 4);
INSERT INTO COMANDA (id_restaurant, id_casier, id_cont) VALUES (23, 236, NULL);
INSERT INTO COMANDA (id_restaurant, id_casier, id_cont) VALUES (23, NULL, '14');
INSERT INTO COMANDA_include_RETETA (id_comanda, id_reteta) VALUES (658, 1);
INSERT INTO COMANDA_include_RETETA (id_comanda, id_reteta) VALUES (658, 3);
INSERT INTO COMANDA_include_RETETA (id_comanda, id_reteta) VALUES (658, 5);
INSERT INTO COMANDA (id_restaurant, id_casier, id_cont) VALUES (23, 236, NULL);
INSERT INTO COMANDA_include_RETETA (id_comanda, id_reteta) VALUES (659, 1);
INSERT INTO COMANDA_include_RETETA (id_comanda, id_reteta) VALUES (659, 2);
INSERT INTO COMANDA_include_RETETA (id_comanda, id_reteta) VALUES (659, 5);
INSERT INTO COMANDA (id_restaurant, id_casier, id_cont) VALUES (23, NULL, '14');
INSERT INTO COMANDA_include_RETETA (id_comanda, id_reteta) VALUES (660, 1);
INSERT INTO COMANDA_include_RETETA (id_comanda, id_reteta) VALUES (660, 2);
INSERT INTO COMANDA_include_RETETA (id_comanda, id_reteta) VALUES (660, 3);
INSERT INTO COMANDA (id_restaurant, id_casier, id_cont) VALUES (23, NULL, '14');
INSERT INTO COMANDA_include_RETETA (id_comanda, id_reteta) VALUES (661, 1);
INSERT INTO COMANDA_include_RETETA (id_comanda, id_reteta) VALUES (661, 3);
INSERT INTO COMANDA_include_RETETA (id_comanda, id_reteta) VALUES (661, 4);
INSERT INTO COMANDA (id_restaurant, id_casier, id_cont) VALUES (23, NULL, '14');
INSERT INTO COMANDA_include_RETETA (id_comanda, id_reteta) VALUES (662, 2);
INSERT INTO COMANDA_include_RETETA (id_comanda, id_reteta) VALUES (662, 3);
INSERT INTO COMANDA_include_RETETA (id_comanda, id_reteta) VALUES (662, 5);
INSERT INTO COMANDA (id_restaurant, id_casier, id_cont) VALUES (23, NULL, '14');
INSERT INTO COMANDA_include_RETETA (id_comanda, id_reteta) VALUES (663, 2);
INSERT INTO COMANDA_include_RETETA (id_comanda, id_reteta) VALUES (663, 4);
INSERT INTO COMANDA_include_RETETA (id_comanda, id_reteta) VALUES (663, 5);
INSERT INTO COMANDA (id_restaurant, id_casier, id_cont) VALUES (23, NULL, '14');
INSERT INTO COMANDA_include_RETETA (id_comanda, id_reteta) VALUES (664, 2);
INSERT INTO COMANDA_include_RETETA (id_comanda, id_reteta) VALUES (664, 3);
INSERT INTO COMANDA (id_restaurant, id_casier, id_cont) VALUES (23, 236, NULL);
INSERT INTO COMANDA_include_RETETA (id_comanda, id_reteta) VALUES (665, 1);
INSERT INTO COMANDA_include_RETETA (id_comanda, id_reteta) VALUES (665, 3);
INSERT INTO COMANDA (id_restaurant, id_casier, id_cont) VALUES (23, NULL, '14');
INSERT INTO COMANDA_include_RETETA (id_comanda, id_reteta) VALUES (666, 2);
INSERT INTO COMANDA_include_RETETA (id_comanda, id_reteta) VALUES (666, 3);
INSERT INTO COMANDA_include_RETETA (id_comanda, id_reteta) VALUES (666, 5);
INSERT INTO COMANDA (id_restaurant, id_casier, id_cont) VALUES (23, NULL, '14');
INSERT INTO COMANDA_include_RETETA (id_comanda, id_reteta) VALUES (667, 1);
INSERT INTO COMANDA_include_RETETA (id_comanda, id_reteta) VALUES (667, 3);
INSERT INTO COMANDA_include_RETETA (id_comanda, id_reteta) VALUES (667, 5);
INSERT INTO COMANDA (id_restaurant, id_casier, id_cont) VALUES (23, 236, NULL);
INSERT INTO COMANDA_include_RETETA (id_comanda, id_reteta) VALUES (668, 3);
INSERT INTO COMANDA (id_restaurant, id_casier, id_cont) VALUES (23, NULL, '14');
INSERT INTO COMANDA_include_RETETA (id_comanda, id_reteta) VALUES (669, 1);
INSERT INTO COMANDA (id_restaurant, id_casier, id_cont) VALUES (23, NULL, '14');
INSERT INTO COMANDA_include_RETETA (id_comanda, id_reteta) VALUES (670, 3);
INSERT INTO COMANDA_include_RETETA (id_comanda, id_reteta) VALUES (670, 4);
INSERT INTO COMANDA_include_RETETA (id_comanda, id_reteta) VALUES (670, 5);
INSERT INTO COMANDA (id_restaurant, id_casier, id_cont) VALUES (23, NULL, '14');
INSERT INTO COMANDA_include_RETETA (id_comanda, id_reteta) VALUES (671, 4);
INSERT INTO COMANDA_include_RETETA (id_comanda, id_reteta) VALUES (671, 5);
INSERT INTO COMANDA (id_restaurant, id_casier, id_cont) VALUES (23, NULL, '14');
INSERT INTO COMANDA_include_RETETA (id_comanda, id_reteta) VALUES (672, 1);
INSERT INTO COMANDA_include_RETETA (id_comanda, id_reteta) VALUES (672, 2);
INSERT INTO COMANDA_include_RETETA (id_comanda, id_reteta) VALUES (672, 3);
INSERT INTO COMANDA_include_RETETA (id_comanda, id_reteta) VALUES (672, 5);
INSERT INTO COMANDA (id_restaurant, id_casier, id_cont) VALUES (23, NULL, '14');
INSERT INTO COMANDA_include_RETETA (id_comanda, id_reteta) VALUES (673, 3);
INSERT INTO COMANDA_include_RETETA (id_comanda, id_reteta) VALUES (673, 4);
INSERT INTO COMANDA (id_restaurant, id_casier, id_cont) VALUES (23, NULL, '14');
INSERT INTO COMANDA_include_RETETA (id_comanda, id_reteta) VALUES (674, 4);
INSERT INTO COMANDA_include_RETETA (id_comanda, id_reteta) VALUES (674, 5);
INSERT INTO COMANDA (id_restaurant, id_casier, id_cont) VALUES (23, 236, NULL);
INSERT INTO COMANDA_include_RETETA (id_comanda, id_reteta) VALUES (675, 1);
INSERT INTO COMANDA_include_RETETA (id_comanda, id_reteta) VALUES (675, 2);
INSERT INTO COMANDA_include_RETETA (id_comanda, id_reteta) VALUES (675, 4);
INSERT INTO COMANDA (id_restaurant, id_casier, id_cont) VALUES (23, NULL, '14');
INSERT INTO COMANDA_include_RETETA (id_comanda, id_reteta) VALUES (676, 5);
INSERT INTO COMANDA (id_restaurant, id_casier, id_cont) VALUES (23, NULL, '14');
INSERT INTO COMANDA_include_RETETA (id_comanda, id_reteta) VALUES (677, 1);
INSERT INTO COMANDA_include_RETETA (id_comanda, id_reteta) VALUES (677, 2);
INSERT INTO COMANDA_include_RETETA (id_comanda, id_reteta) VALUES (677, 4);
INSERT INTO COMANDA (id_restaurant, id_casier, id_cont) VALUES (23, 236, NULL);
INSERT INTO COMANDA_include_RETETA (id_comanda, id_reteta) VALUES (678, 1);
INSERT INTO COMANDA_include_RETETA (id_comanda, id_reteta) VALUES (678, 2);
INSERT INTO COMANDA_include_RETETA (id_comanda, id_reteta) VALUES (678, 5);
INSERT INTO COMANDA (id_restaurant, id_casier, id_cont) VALUES (23, NULL, '14');
INSERT INTO COMANDA_include_RETETA (id_comanda, id_reteta) VALUES (679, 3);
INSERT INTO COMANDA_include_RETETA (id_comanda, id_reteta) VALUES (679, 5);
INSERT INTO COMANDA (id_restaurant, id_casier, id_cont) VALUES (23, 236, NULL);
INSERT INTO COMANDA_include_RETETA (id_comanda, id_reteta) VALUES (680, 1);
INSERT INTO COMANDA_include_RETETA (id_comanda, id_reteta) VALUES (680, 3);
INSERT INTO COMANDA (id_restaurant, id_casier, id_cont) VALUES (23, NULL, '14');
INSERT INTO COMANDA_include_RETETA (id_comanda, id_reteta) VALUES (681, 5);
INSERT INTO COMANDA (id_restaurant, id_casier, id_cont) VALUES (23, 236, NULL);
INSERT INTO COMANDA_include_RETETA (id_comanda, id_reteta) VALUES (682, 2);
INSERT INTO COMANDA (id_restaurant, id_casier, id_cont) VALUES (23, NULL, '14');
INSERT INTO COMANDA_include_RETETA (id_comanda, id_reteta) VALUES (683, 1);
INSERT INTO COMANDA_include_RETETA (id_comanda, id_reteta) VALUES (683, 2);
INSERT INTO COMANDA_include_RETETA (id_comanda, id_reteta) VALUES (683, 4);
INSERT INTO COMANDA (id_restaurant, id_casier, id_cont) VALUES (23, NULL, '14');
INSERT INTO COMANDA_include_RETETA (id_comanda, id_reteta) VALUES (684, 1);
INSERT INTO COMANDA_include_RETETA (id_comanda, id_reteta) VALUES (684, 4);
INSERT INTO COMANDA (id_restaurant, id_casier, id_cont) VALUES (23, NULL, '14');
INSERT INTO COMANDA_include_RETETA (id_comanda, id_reteta) VALUES (685, 4);
INSERT INTO COMANDA (id_restaurant, id_casier, id_cont) VALUES (23, NULL, '14');
INSERT INTO COMANDA_include_RETETA (id_comanda, id_reteta) VALUES (686, 4);
INSERT INTO COMANDA_include_RETETA (id_comanda, id_reteta) VALUES (686, 5);
INSERT INTO COMANDA (id_restaurant, id_casier, id_cont) VALUES (23, NULL, '14');
INSERT INTO COMANDA_include_RETETA (id_comanda, id_reteta) VALUES (687, 1);
INSERT INTO COMANDA_include_RETETA (id_comanda, id_reteta) VALUES (687, 2);
INSERT INTO COMANDA (id_restaurant, id_casier, id_cont) VALUES (23, 236, NULL);
INSERT INTO COMANDA_include_RETETA (id_comanda, id_reteta) VALUES (688, 1);
INSERT INTO COMANDA_include_RETETA (id_comanda, id_reteta) VALUES (688, 4);
INSERT INTO COMANDA_include_RETETA (id_comanda, id_reteta) VALUES (688, 5);
INSERT INTO COMANDA (id_restaurant, id_casier, id_cont) VALUES (23, NULL, '14');
INSERT INTO COMANDA_include_RETETA (id_comanda, id_reteta) VALUES (689, 3);
INSERT INTO COMANDA (id_restaurant, id_casier, id_cont) VALUES (23, 236, NULL);
INSERT INTO COMANDA_include_RETETA (id_comanda, id_reteta) VALUES (690, 4);
INSERT INTO COMANDA (id_restaurant, id_casier, id_cont) VALUES (23, NULL, '14');
INSERT INTO COMANDA_include_RETETA (id_comanda, id_reteta) VALUES (691, 1);
INSERT INTO COMANDA_include_RETETA (id_comanda, id_reteta) VALUES (691, 2);
INSERT INTO COMANDA_include_RETETA (id_comanda, id_reteta) VALUES (691, 3);
INSERT INTO COMANDA_include_RETETA (id_comanda, id_reteta) VALUES (691, 4);
INSERT INTO COMANDA (id_restaurant, id_casier, id_cont) VALUES (23, NULL, '14');
INSERT INTO COMANDA_include_RETETA (id_comanda, id_reteta) VALUES (692, 2);
INSERT INTO COMANDA_include_RETETA (id_comanda, id_reteta) VALUES (692, 3);
INSERT INTO COMANDA_include_RETETA (id_comanda, id_reteta) VALUES (692, 5);
INSERT INTO COMANDA (id_restaurant, id_casier, id_cont) VALUES (23, 236, NULL);
INSERT INTO COMANDA_include_RETETA (id_comanda, id_reteta) VALUES (693, 1);
INSERT INTO COMANDA_include_RETETA (id_comanda, id_reteta) VALUES (693, 2);
INSERT INTO COMANDA_include_RETETA (id_comanda, id_reteta) VALUES (693, 3);
INSERT INTO COMANDA_include_RETETA (id_comanda, id_reteta) VALUES (693, 4);
INSERT INTO COMANDA (id_restaurant, id_casier, id_cont) VALUES (23, 236, NULL);
INSERT INTO COMANDA_include_RETETA (id_comanda, id_reteta) VALUES (694, 1);
INSERT INTO COMANDA (id_restaurant, id_casier, id_cont) VALUES (23, 236, NULL);
INSERT INTO COMANDA_include_RETETA (id_comanda, id_reteta) VALUES (695, 3);
INSERT INTO COMANDA_include_RETETA (id_comanda, id_reteta) VALUES (695, 4);
INSERT INTO COMANDA (id_restaurant, id_casier, id_cont) VALUES (23, 236, NULL);
INSERT INTO COMANDA_include_RETETA (id_comanda, id_reteta) VALUES (696, 2);
INSERT INTO COMANDA_include_RETETA (id_comanda, id_reteta) VALUES (696, 3);
INSERT INTO COMANDA (id_restaurant, id_casier, id_cont) VALUES (23, NULL, '14');
INSERT INTO COMANDA_include_RETETA (id_comanda, id_reteta) VALUES (697, 1);
INSERT INTO COMANDA_include_RETETA (id_comanda, id_reteta) VALUES (697, 5);
INSERT INTO COMANDA (id_restaurant, id_casier, id_cont) VALUES (23, NULL, '14');
INSERT INTO COMANDA_include_RETETA (id_comanda, id_reteta) VALUES (698, 2);
INSERT INTO COMANDA_include_RETETA (id_comanda, id_reteta) VALUES (698, 3);
INSERT INTO COMANDA_include_RETETA (id_comanda, id_reteta) VALUES (698, 5);
INSERT INTO COMANDA (id_restaurant, id_casier, id_cont) VALUES (23, NULL, '14');
INSERT INTO COMANDA_include_RETETA (id_comanda, id_reteta) VALUES (699, 4);
INSERT INTO COMANDA (id_restaurant, id_casier, id_cont) VALUES (23, 236, NULL);
INSERT INTO COMANDA_include_RETETA (id_comanda, id_reteta) VALUES (700, 2);
INSERT INTO COMANDA_include_RETETA (id_comanda, id_reteta) VALUES (700, 3);
INSERT INTO COMANDA (id_restaurant, id_casier, id_cont) VALUES (27, NULL, '15');
INSERT INTO COMANDA (id_restaurant, id_casier, id_cont) VALUES (27, 274, NULL);
INSERT INTO COMANDA_include_RETETA (id_comanda, id_reteta) VALUES (702, 1);
INSERT INTO COMANDA_include_RETETA (id_comanda, id_reteta) VALUES (702, 2);
INSERT INTO COMANDA_include_RETETA (id_comanda, id_reteta) VALUES (702, 4);
INSERT INTO COMANDA (id_restaurant, id_casier, id_cont) VALUES (1, NULL, '15');
INSERT INTO COMANDA_include_RETETA (id_comanda, id_reteta) VALUES (703, 1);
INSERT INTO COMANDA_include_RETETA (id_comanda, id_reteta) VALUES (703, 2);
INSERT INTO COMANDA (id_restaurant, id_casier, id_cont) VALUES (27, NULL, '15');
INSERT INTO COMANDA_include_RETETA (id_comanda, id_reteta) VALUES (704, 2);
INSERT INTO COMANDA_include_RETETA (id_comanda, id_reteta) VALUES (704, 3);
INSERT INTO COMANDA (id_restaurant, id_casier, id_cont) VALUES (30, NULL, '15');
INSERT INTO COMANDA_include_RETETA (id_comanda, id_reteta) VALUES (705, 5);
INSERT INTO COMANDA (id_restaurant, id_casier, id_cont) VALUES (30, NULL, '15');
INSERT INTO COMANDA_include_RETETA (id_comanda, id_reteta) VALUES (706, 1);
INSERT INTO COMANDA_include_RETETA (id_comanda, id_reteta) VALUES (706, 2);
INSERT INTO COMANDA_include_RETETA (id_comanda, id_reteta) VALUES (706, 3);
INSERT INTO COMANDA (id_restaurant, id_casier, id_cont) VALUES (28, NULL, '15');
INSERT INTO COMANDA_include_RETETA (id_comanda, id_reteta) VALUES (707, 2);
INSERT INTO COMANDA_include_RETETA (id_comanda, id_reteta) VALUES (707, 3);
INSERT INTO COMANDA (id_restaurant, id_casier, id_cont) VALUES (3, 27, NULL);
INSERT INTO COMANDA_include_RETETA (id_comanda, id_reteta) VALUES (708, 1);
INSERT INTO COMANDA_include_RETETA (id_comanda, id_reteta) VALUES (708, 5);
INSERT INTO COMANDA (id_restaurant, id_casier, id_cont) VALUES (16, NULL, '15');
INSERT INTO COMANDA_include_RETETA (id_comanda, id_reteta) VALUES (709, 1);
INSERT INTO COMANDA_include_RETETA (id_comanda, id_reteta) VALUES (709, 2);
INSERT INTO COMANDA_include_RETETA (id_comanda, id_reteta) VALUES (709, 4);
INSERT INTO COMANDA_include_RETETA (id_comanda, id_reteta) VALUES (709, 5);
INSERT INTO COMANDA (id_restaurant, id_casier, id_cont) VALUES (28, 285, NULL);
INSERT INTO COMANDA_include_RETETA (id_comanda, id_reteta) VALUES (710, 2);
INSERT INTO COMANDA_include_RETETA (id_comanda, id_reteta) VALUES (710, 4);
INSERT INTO COMANDA (id_restaurant, id_casier, id_cont) VALUES (3, NULL, '15');
INSERT INTO COMANDA_include_RETETA (id_comanda, id_reteta) VALUES (711, 1);
INSERT INTO COMANDA_include_RETETA (id_comanda, id_reteta) VALUES (711, 4);
INSERT INTO COMANDA (id_restaurant, id_casier, id_cont) VALUES (15, NULL, '15');
INSERT INTO COMANDA_include_RETETA (id_comanda, id_reteta) VALUES (712, 1);
INSERT INTO COMANDA_include_RETETA (id_comanda, id_reteta) VALUES (712, 3);
INSERT INTO COMANDA_include_RETETA (id_comanda, id_reteta) VALUES (712, 4);
INSERT INTO COMANDA (id_restaurant, id_casier, id_cont) VALUES (30, NULL, '15');
INSERT INTO COMANDA_include_RETETA (id_comanda, id_reteta) VALUES (713, 1);
INSERT INTO COMANDA_include_RETETA (id_comanda, id_reteta) VALUES (713, 4);
INSERT INTO COMANDA (id_restaurant, id_casier, id_cont) VALUES (1, NULL, '15');
INSERT INTO COMANDA_include_RETETA (id_comanda, id_reteta) VALUES (714, 2);
INSERT INTO COMANDA_include_RETETA (id_comanda, id_reteta) VALUES (714, 4);
INSERT INTO COMANDA (id_restaurant, id_casier, id_cont) VALUES (3, 27, NULL);
INSERT INTO COMANDA_include_RETETA (id_comanda, id_reteta) VALUES (715, 3);
INSERT INTO COMANDA_include_RETETA (id_comanda, id_reteta) VALUES (715, 4);
INSERT INTO COMANDA_include_RETETA (id_comanda, id_reteta) VALUES (715, 5);
INSERT INTO COMANDA (id_restaurant, id_casier, id_cont) VALUES (10, NULL, '15');
INSERT INTO COMANDA_include_RETETA (id_comanda, id_reteta) VALUES (716, 3);
INSERT INTO COMANDA_include_RETETA (id_comanda, id_reteta) VALUES (716, 5);
INSERT INTO COMANDA (id_restaurant, id_casier, id_cont) VALUES (28, NULL, '15');
INSERT INTO COMANDA_include_RETETA (id_comanda, id_reteta) VALUES (717, 2);
INSERT INTO COMANDA (id_restaurant, id_casier, id_cont) VALUES (1, NULL, '15');
INSERT INTO COMANDA_include_RETETA (id_comanda, id_reteta) VALUES (718, 2);
INSERT INTO COMANDA_include_RETETA (id_comanda, id_reteta) VALUES (718, 3);
INSERT INTO COMANDA_include_RETETA (id_comanda, id_reteta) VALUES (718, 4);
INSERT INTO COMANDA_include_RETETA (id_comanda, id_reteta) VALUES (718, 5);
INSERT INTO COMANDA (id_restaurant, id_casier, id_cont) VALUES (30, NULL, '15');
INSERT INTO COMANDA_include_RETETA (id_comanda, id_reteta) VALUES (719, 1);
INSERT INTO COMANDA_include_RETETA (id_comanda, id_reteta) VALUES (719, 3);
INSERT INTO COMANDA (id_restaurant, id_casier, id_cont) VALUES (3, NULL, '15');
INSERT INTO COMANDA_include_RETETA (id_comanda, id_reteta) VALUES (720, 1);
INSERT INTO COMANDA_include_RETETA (id_comanda, id_reteta) VALUES (720, 2);
INSERT INTO COMANDA_include_RETETA (id_comanda, id_reteta) VALUES (720, 3);
INSERT INTO COMANDA_include_RETETA (id_comanda, id_reteta) VALUES (720, 4);
INSERT INTO COMANDA (id_restaurant, id_casier, id_cont) VALUES (3, NULL, '15');
INSERT INTO COMANDA_include_RETETA (id_comanda, id_reteta) VALUES (721, 1);
INSERT INTO COMANDA_include_RETETA (id_comanda, id_reteta) VALUES (721, 4);
INSERT INTO COMANDA (id_restaurant, id_casier, id_cont) VALUES (16, NULL, '15');
INSERT INTO COMANDA_include_RETETA (id_comanda, id_reteta) VALUES (722, 1);
INSERT INTO COMANDA_include_RETETA (id_comanda, id_reteta) VALUES (722, 3);
INSERT INTO COMANDA_include_RETETA (id_comanda, id_reteta) VALUES (722, 4);
INSERT INTO COMANDA (id_restaurant, id_casier, id_cont) VALUES (10, NULL, '15');
INSERT INTO COMANDA_include_RETETA (id_comanda, id_reteta) VALUES (723, 3);
INSERT INTO COMANDA_include_RETETA (id_comanda, id_reteta) VALUES (723, 4);
INSERT INTO COMANDA (id_restaurant, id_casier, id_cont) VALUES (10, NULL, '15');
INSERT INTO COMANDA_include_RETETA (id_comanda, id_reteta) VALUES (724, 1);
INSERT INTO COMANDA_include_RETETA (id_comanda, id_reteta) VALUES (724, 2);
INSERT INTO COMANDA_include_RETETA (id_comanda, id_reteta) VALUES (724, 4);
INSERT INTO COMANDA_include_RETETA (id_comanda, id_reteta) VALUES (724, 5);
INSERT INTO COMANDA (id_restaurant, id_casier, id_cont) VALUES (27, 275, NULL);
INSERT INTO COMANDA_include_RETETA (id_comanda, id_reteta) VALUES (725, 4);
INSERT INTO COMANDA_include_RETETA (id_comanda, id_reteta) VALUES (725, 5);
INSERT INTO COMANDA (id_restaurant, id_casier, id_cont) VALUES (10, NULL, '15');
INSERT INTO COMANDA_include_RETETA (id_comanda, id_reteta) VALUES (726, 1);
INSERT INTO COMANDA_include_RETETA (id_comanda, id_reteta) VALUES (726, 3);
INSERT INTO COMANDA (id_restaurant, id_casier, id_cont) VALUES (28, 286, NULL);
INSERT INTO COMANDA_include_RETETA (id_comanda, id_reteta) VALUES (727, 3);
INSERT INTO COMANDA_include_RETETA (id_comanda, id_reteta) VALUES (727, 4);
INSERT INTO COMANDA (id_restaurant, id_casier, id_cont) VALUES (28, NULL, '15');
INSERT INTO COMANDA (id_restaurant, id_casier, id_cont) VALUES (3, 24, NULL);
INSERT INTO COMANDA_include_RETETA (id_comanda, id_reteta) VALUES (729, 2);
INSERT INTO COMANDA (id_restaurant, id_casier, id_cont) VALUES (27, NULL, '15');
INSERT INTO COMANDA_include_RETETA (id_comanda, id_reteta) VALUES (730, 1);
INSERT INTO COMANDA_include_RETETA (id_comanda, id_reteta) VALUES (730, 2);
INSERT INTO COMANDA (id_restaurant, id_casier, id_cont) VALUES (15, NULL, '15');
INSERT INTO COMANDA_include_RETETA (id_comanda, id_reteta) VALUES (731, 5);
INSERT INTO COMANDA (id_restaurant, id_casier, id_cont) VALUES (1, 6, NULL);
INSERT INTO COMANDA_include_RETETA (id_comanda, id_reteta) VALUES (732, 3);
INSERT INTO COMANDA_include_RETETA (id_comanda, id_reteta) VALUES (732, 4);
INSERT INTO COMANDA_include_RETETA (id_comanda, id_reteta) VALUES (732, 5);
INSERT INTO COMANDA (id_restaurant, id_casier, id_cont) VALUES (15, 162, NULL);
INSERT INTO COMANDA_include_RETETA (id_comanda, id_reteta) VALUES (733, 1);
INSERT INTO COMANDA_include_RETETA (id_comanda, id_reteta) VALUES (733, 3);
INSERT INTO COMANDA_include_RETETA (id_comanda, id_reteta) VALUES (733, 4);
INSERT INTO COMANDA_include_RETETA (id_comanda, id_reteta) VALUES (733, 5);
INSERT INTO COMANDA (id_restaurant, id_casier, id_cont) VALUES (1, NULL, '15');
INSERT INTO COMANDA_include_RETETA (id_comanda, id_reteta) VALUES (734, 1);
INSERT INTO COMANDA_include_RETETA (id_comanda, id_reteta) VALUES (734, 4);
INSERT INTO COMANDA (id_restaurant, id_casier, id_cont) VALUES (1, NULL, '15');
INSERT INTO COMANDA_include_RETETA (id_comanda, id_reteta) VALUES (735, 1);
INSERT INTO COMANDA_include_RETETA (id_comanda, id_reteta) VALUES (735, 3);
INSERT INTO COMANDA_include_RETETA (id_comanda, id_reteta) VALUES (735, 5);
INSERT INTO COMANDA (id_restaurant, id_casier, id_cont) VALUES (10, 106, NULL);
INSERT INTO COMANDA_include_RETETA (id_comanda, id_reteta) VALUES (736, 1);
INSERT INTO COMANDA (id_restaurant, id_casier, id_cont) VALUES (15, NULL, '15');
INSERT INTO COMANDA_include_RETETA (id_comanda, id_reteta) VALUES (737, 1);
INSERT INTO COMANDA_include_RETETA (id_comanda, id_reteta) VALUES (737, 2);
INSERT INTO COMANDA_include_RETETA (id_comanda, id_reteta) VALUES (737, 3);
INSERT INTO COMANDA_include_RETETA (id_comanda, id_reteta) VALUES (737, 5);
INSERT INTO COMANDA (id_restaurant, id_casier, id_cont) VALUES (27, 274, NULL);
INSERT INTO COMANDA_include_RETETA (id_comanda, id_reteta) VALUES (738, 1);
INSERT INTO COMANDA_include_RETETA (id_comanda, id_reteta) VALUES (738, 3);
INSERT INTO COMANDA_include_RETETA (id_comanda, id_reteta) VALUES (738, 4);
INSERT INTO COMANDA (id_restaurant, id_casier, id_cont) VALUES (28, NULL, '15');
INSERT INTO COMANDA_include_RETETA (id_comanda, id_reteta) VALUES (739, 1);
INSERT INTO COMANDA (id_restaurant, id_casier, id_cont) VALUES (15, 164, NULL);
INSERT INTO COMANDA_include_RETETA (id_comanda, id_reteta) VALUES (740, 1);
INSERT INTO COMANDA_include_RETETA (id_comanda, id_reteta) VALUES (740, 3);
INSERT INTO COMANDA (id_restaurant, id_casier, id_cont) VALUES (3, NULL, '15');
INSERT INTO COMANDA_include_RETETA (id_comanda, id_reteta) VALUES (741, 1);
INSERT INTO COMANDA_include_RETETA (id_comanda, id_reteta) VALUES (741, 3);
INSERT INTO COMANDA (id_restaurant, id_casier, id_cont) VALUES (3, 24, NULL);
INSERT INTO COMANDA_include_RETETA (id_comanda, id_reteta) VALUES (742, 2);
INSERT INTO COMANDA_include_RETETA (id_comanda, id_reteta) VALUES (742, 3);
INSERT INTO COMANDA_include_RETETA (id_comanda, id_reteta) VALUES (742, 5);
INSERT INTO COMANDA (id_restaurant, id_casier, id_cont) VALUES (10, 105, NULL);
INSERT INTO COMANDA_include_RETETA (id_comanda, id_reteta) VALUES (743, 3);
INSERT INTO COMANDA_include_RETETA (id_comanda, id_reteta) VALUES (743, 4);
INSERT INTO COMANDA (id_restaurant, id_casier, id_cont) VALUES (10, NULL, '15');
INSERT INTO COMANDA_include_RETETA (id_comanda, id_reteta) VALUES (744, 3);
INSERT INTO COMANDA_include_RETETA (id_comanda, id_reteta) VALUES (744, 4);
INSERT INTO COMANDA (id_restaurant, id_casier, id_cont) VALUES (1, NULL, '15');
INSERT INTO COMANDA (id_restaurant, id_casier, id_cont) VALUES (30, NULL, '15');
INSERT INTO COMANDA_include_RETETA (id_comanda, id_reteta) VALUES (746, 5);
INSERT INTO COMANDA (id_restaurant, id_casier, id_cont) VALUES (15, 164, NULL);
INSERT INTO COMANDA_include_RETETA (id_comanda, id_reteta) VALUES (747, 2);
INSERT INTO COMANDA_include_RETETA (id_comanda, id_reteta) VALUES (747, 5);
INSERT INTO COMANDA (id_restaurant, id_casier, id_cont) VALUES (28, 286, NULL);
INSERT INTO COMANDA_include_RETETA (id_comanda, id_reteta) VALUES (748, 1);
INSERT INTO COMANDA_include_RETETA (id_comanda, id_reteta) VALUES (748, 2);
INSERT INTO COMANDA_include_RETETA (id_comanda, id_reteta) VALUES (748, 3);
INSERT INTO COMANDA_include_RETETA (id_comanda, id_reteta) VALUES (748, 4);
INSERT INTO COMANDA_include_RETETA (id_comanda, id_reteta) VALUES (748, 5);
INSERT INTO COMANDA (id_restaurant, id_casier, id_cont) VALUES (28, NULL, '15');
INSERT INTO COMANDA_include_RETETA (id_comanda, id_reteta) VALUES (749, 3);
INSERT INTO COMANDA_include_RETETA (id_comanda, id_reteta) VALUES (749, 5);
INSERT INTO COMANDA (id_restaurant, id_casier, id_cont) VALUES (16, 174, NULL);
INSERT INTO COMANDA_include_RETETA (id_comanda, id_reteta) VALUES (750, 3);
INSERT INTO COMANDA (id_restaurant, id_casier, id_cont) VALUES (16, 173, NULL);
INSERT INTO COMANDA_include_RETETA (id_comanda, id_reteta) VALUES (751, 1);
INSERT INTO COMANDA_include_RETETA (id_comanda, id_reteta) VALUES (751, 3);
INSERT INTO COMANDA_include_RETETA (id_comanda, id_reteta) VALUES (751, 5);
INSERT INTO COMANDA (id_restaurant, id_casier, id_cont) VALUES (28, NULL, '16');
INSERT INTO COMANDA_include_RETETA (id_comanda, id_reteta) VALUES (752, 1);
INSERT INTO COMANDA_include_RETETA (id_comanda, id_reteta) VALUES (752, 2);
INSERT INTO COMANDA_include_RETETA (id_comanda, id_reteta) VALUES (752, 3);
INSERT INTO COMANDA (id_restaurant, id_casier, id_cont) VALUES (1, 6, NULL);
INSERT INTO COMANDA_include_RETETA (id_comanda, id_reteta) VALUES (753, 2);
INSERT INTO COMANDA_include_RETETA (id_comanda, id_reteta) VALUES (753, 5);
INSERT INTO COMANDA (id_restaurant, id_casier, id_cont) VALUES (10, 104, NULL);
INSERT INTO COMANDA_include_RETETA (id_comanda, id_reteta) VALUES (754, 1);
INSERT INTO COMANDA_include_RETETA (id_comanda, id_reteta) VALUES (754, 3);
INSERT INTO COMANDA_include_RETETA (id_comanda, id_reteta) VALUES (754, 4);
INSERT INTO COMANDA (id_restaurant, id_casier, id_cont) VALUES (10, 105, NULL);
INSERT INTO COMANDA_include_RETETA (id_comanda, id_reteta) VALUES (755, 1);
INSERT INTO COMANDA_include_RETETA (id_comanda, id_reteta) VALUES (755, 4);
INSERT INTO COMANDA_include_RETETA (id_comanda, id_reteta) VALUES (755, 5);
INSERT INTO COMANDA (id_restaurant, id_casier, id_cont) VALUES (15, 163, NULL);
INSERT INTO COMANDA_include_RETETA (id_comanda, id_reteta) VALUES (756, 1);
INSERT INTO COMANDA_include_RETETA (id_comanda, id_reteta) VALUES (756, 2);
INSERT INTO COMANDA (id_restaurant, id_casier, id_cont) VALUES (30, NULL, '16');
INSERT INTO COMANDA_include_RETETA (id_comanda, id_reteta) VALUES (757, 1);
INSERT INTO COMANDA_include_RETETA (id_comanda, id_reteta) VALUES (757, 3);
INSERT INTO COMANDA (id_restaurant, id_casier, id_cont) VALUES (1, NULL, '16');
INSERT INTO COMANDA_include_RETETA (id_comanda, id_reteta) VALUES (758, 3);
INSERT INTO COMANDA (id_restaurant, id_casier, id_cont) VALUES (15, NULL, '16');
INSERT INTO COMANDA_include_RETETA (id_comanda, id_reteta) VALUES (759, 3);
INSERT INTO COMANDA (id_restaurant, id_casier, id_cont) VALUES (30, 309, NULL);
INSERT INTO COMANDA_include_RETETA (id_comanda, id_reteta) VALUES (760, 3);
INSERT INTO COMANDA_include_RETETA (id_comanda, id_reteta) VALUES (760, 4);
INSERT INTO COMANDA_include_RETETA (id_comanda, id_reteta) VALUES (760, 5);
INSERT INTO COMANDA (id_restaurant, id_casier, id_cont) VALUES (27, NULL, '16');
INSERT INTO COMANDA_include_RETETA (id_comanda, id_reteta) VALUES (761, 2);
INSERT INTO COMANDA_include_RETETA (id_comanda, id_reteta) VALUES (761, 3);
INSERT INTO COMANDA_include_RETETA (id_comanda, id_reteta) VALUES (761, 4);
INSERT INTO COMANDA (id_restaurant, id_casier, id_cont) VALUES (1, NULL, '16');
INSERT INTO COMANDA_include_RETETA (id_comanda, id_reteta) VALUES (762, 1);
INSERT INTO COMANDA_include_RETETA (id_comanda, id_reteta) VALUES (762, 2);
INSERT INTO COMANDA (id_restaurant, id_casier, id_cont) VALUES (27, NULL, '16');
INSERT INTO COMANDA_include_RETETA (id_comanda, id_reteta) VALUES (763, 1);
INSERT INTO COMANDA_include_RETETA (id_comanda, id_reteta) VALUES (763, 2);
INSERT INTO COMANDA_include_RETETA (id_comanda, id_reteta) VALUES (763, 5);
INSERT INTO COMANDA (id_restaurant, id_casier, id_cont) VALUES (3, NULL, '16');
INSERT INTO COMANDA_include_RETETA (id_comanda, id_reteta) VALUES (764, 2);
INSERT INTO COMANDA_include_RETETA (id_comanda, id_reteta) VALUES (764, 3);
INSERT INTO COMANDA_include_RETETA (id_comanda, id_reteta) VALUES (764, 4);
INSERT INTO COMANDA (id_restaurant, id_casier, id_cont) VALUES (3, NULL, '16');
INSERT INTO COMANDA_include_RETETA (id_comanda, id_reteta) VALUES (765, 1);
INSERT INTO COMANDA_include_RETETA (id_comanda, id_reteta) VALUES (765, 2);
INSERT INTO COMANDA_include_RETETA (id_comanda, id_reteta) VALUES (765, 3);
INSERT INTO COMANDA (id_restaurant, id_casier, id_cont) VALUES (30, 310, NULL);
INSERT INTO COMANDA_include_RETETA (id_comanda, id_reteta) VALUES (766, 2);
INSERT INTO COMANDA_include_RETETA (id_comanda, id_reteta) VALUES (766, 4);
INSERT INTO COMANDA_include_RETETA (id_comanda, id_reteta) VALUES (766, 5);
INSERT INTO COMANDA (id_restaurant, id_casier, id_cont) VALUES (15, 164, NULL);
INSERT INTO COMANDA_include_RETETA (id_comanda, id_reteta) VALUES (767, 1);
INSERT INTO COMANDA_include_RETETA (id_comanda, id_reteta) VALUES (767, 4);
INSERT INTO COMANDA_include_RETETA (id_comanda, id_reteta) VALUES (767, 5);
INSERT INTO COMANDA (id_restaurant, id_casier, id_cont) VALUES (1, 6, NULL);
INSERT INTO COMANDA_include_RETETA (id_comanda, id_reteta) VALUES (768, 1);
INSERT INTO COMANDA_include_RETETA (id_comanda, id_reteta) VALUES (768, 5);
INSERT INTO COMANDA (id_restaurant, id_casier, id_cont) VALUES (10, NULL, '16');
INSERT INTO COMANDA_include_RETETA (id_comanda, id_reteta) VALUES (769, 4);
INSERT INTO COMANDA (id_restaurant, id_casier, id_cont) VALUES (15, 163, NULL);
INSERT INTO COMANDA_include_RETETA (id_comanda, id_reteta) VALUES (770, 1);
INSERT INTO COMANDA_include_RETETA (id_comanda, id_reteta) VALUES (770, 2);
INSERT INTO COMANDA_include_RETETA (id_comanda, id_reteta) VALUES (770, 3);
INSERT INTO COMANDA_include_RETETA (id_comanda, id_reteta) VALUES (770, 4);
INSERT INTO COMANDA_include_RETETA (id_comanda, id_reteta) VALUES (770, 5);
INSERT INTO COMANDA (id_restaurant, id_casier, id_cont) VALUES (10, NULL, '16');
INSERT INTO COMANDA_include_RETETA (id_comanda, id_reteta) VALUES (771, 1);
INSERT INTO COMANDA_include_RETETA (id_comanda, id_reteta) VALUES (771, 4);
INSERT INTO COMANDA_include_RETETA (id_comanda, id_reteta) VALUES (771, 5);
INSERT INTO COMANDA (id_restaurant, id_casier, id_cont) VALUES (27, NULL, '16');
INSERT INTO COMANDA_include_RETETA (id_comanda, id_reteta) VALUES (772, 1);
INSERT INTO COMANDA_include_RETETA (id_comanda, id_reteta) VALUES (772, 4);
INSERT INTO COMANDA (id_restaurant, id_casier, id_cont) VALUES (30, NULL, '16');
INSERT INTO COMANDA_include_RETETA (id_comanda, id_reteta) VALUES (773, 2);
INSERT INTO COMANDA_include_RETETA (id_comanda, id_reteta) VALUES (773, 3);
INSERT INTO COMANDA_include_RETETA (id_comanda, id_reteta) VALUES (773, 5);
INSERT INTO COMANDA (id_restaurant, id_casier, id_cont) VALUES (10, NULL, '16');
INSERT INTO COMANDA_include_RETETA (id_comanda, id_reteta) VALUES (774, 1);
INSERT INTO COMANDA_include_RETETA (id_comanda, id_reteta) VALUES (774, 3);
INSERT INTO COMANDA (id_restaurant, id_casier, id_cont) VALUES (16, NULL, '16');
INSERT INTO COMANDA_include_RETETA (id_comanda, id_reteta) VALUES (775, 2);
INSERT INTO COMANDA_include_RETETA (id_comanda, id_reteta) VALUES (775, 4);
INSERT INTO COMANDA (id_restaurant, id_casier, id_cont) VALUES (30, 312, NULL);
INSERT INTO COMANDA_include_RETETA (id_comanda, id_reteta) VALUES (776, 2);
INSERT INTO COMANDA (id_restaurant, id_casier, id_cont) VALUES (15, 162, NULL);
INSERT INTO COMANDA_include_RETETA (id_comanda, id_reteta) VALUES (777, 2);
INSERT INTO COMANDA_include_RETETA (id_comanda, id_reteta) VALUES (777, 3);
INSERT INTO COMANDA_include_RETETA (id_comanda, id_reteta) VALUES (777, 4);
INSERT INTO COMANDA (id_restaurant, id_casier, id_cont) VALUES (28, 286, NULL);
INSERT INTO COMANDA_include_RETETA (id_comanda, id_reteta) VALUES (778, 2);
INSERT INTO COMANDA_include_RETETA (id_comanda, id_reteta) VALUES (778, 3);
INSERT INTO COMANDA_include_RETETA (id_comanda, id_reteta) VALUES (778, 4);
INSERT INTO COMANDA (id_restaurant, id_casier, id_cont) VALUES (15, NULL, '16');
INSERT INTO COMANDA_include_RETETA (id_comanda, id_reteta) VALUES (779, 2);
INSERT INTO COMANDA_include_RETETA (id_comanda, id_reteta) VALUES (779, 3);
INSERT INTO COMANDA (id_restaurant, id_casier, id_cont) VALUES (15, NULL, '16');
INSERT INTO COMANDA (id_restaurant, id_casier, id_cont) VALUES (10, 102, NULL);
INSERT INTO COMANDA_include_RETETA (id_comanda, id_reteta) VALUES (781, 3);
INSERT INTO COMANDA_include_RETETA (id_comanda, id_reteta) VALUES (781, 5);
INSERT INTO COMANDA (id_restaurant, id_casier, id_cont) VALUES (3, NULL, '16');
INSERT INTO COMANDA_include_RETETA (id_comanda, id_reteta) VALUES (782, 4);
INSERT INTO COMANDA_include_RETETA (id_comanda, id_reteta) VALUES (782, 5);
INSERT INTO COMANDA (id_restaurant, id_casier, id_cont) VALUES (27, 274, NULL);
INSERT INTO COMANDA_include_RETETA (id_comanda, id_reteta) VALUES (783, 1);
INSERT INTO COMANDA_include_RETETA (id_comanda, id_reteta) VALUES (783, 2);
INSERT INTO COMANDA (id_restaurant, id_casier, id_cont) VALUES (16, NULL, '16');
INSERT INTO COMANDA (id_restaurant, id_casier, id_cont) VALUES (30, 310, NULL);
INSERT INTO COMANDA_include_RETETA (id_comanda, id_reteta) VALUES (785, 2);
INSERT INTO COMANDA_include_RETETA (id_comanda, id_reteta) VALUES (785, 3);
INSERT INTO COMANDA_include_RETETA (id_comanda, id_reteta) VALUES (785, 4);
INSERT INTO COMANDA_include_RETETA (id_comanda, id_reteta) VALUES (785, 5);
INSERT INTO COMANDA (id_restaurant, id_casier, id_cont) VALUES (3, NULL, '16');
INSERT INTO COMANDA_include_RETETA (id_comanda, id_reteta) VALUES (786, 3);
INSERT INTO COMANDA_include_RETETA (id_comanda, id_reteta) VALUES (786, 4);
INSERT INTO COMANDA_include_RETETA (id_comanda, id_reteta) VALUES (786, 5);
INSERT INTO COMANDA (id_restaurant, id_casier, id_cont) VALUES (30, NULL, '16');
INSERT INTO COMANDA_include_RETETA (id_comanda, id_reteta) VALUES (787, 2);
INSERT INTO COMANDA_include_RETETA (id_comanda, id_reteta) VALUES (787, 3);
INSERT INTO COMANDA_include_RETETA (id_comanda, id_reteta) VALUES (787, 4);
INSERT INTO COMANDA (id_restaurant, id_casier, id_cont) VALUES (15, NULL, '16');
INSERT INTO COMANDA_include_RETETA (id_comanda, id_reteta) VALUES (788, 1);
INSERT INTO COMANDA_include_RETETA (id_comanda, id_reteta) VALUES (788, 4);
INSERT INTO COMANDA (id_restaurant, id_casier, id_cont) VALUES (1, 6, NULL);
INSERT INTO COMANDA_include_RETETA (id_comanda, id_reteta) VALUES (789, 3);
INSERT INTO COMANDA_include_RETETA (id_comanda, id_reteta) VALUES (789, 4);
INSERT INTO COMANDA (id_restaurant, id_casier, id_cont) VALUES (1, NULL, '16');
INSERT INTO COMANDA_include_RETETA (id_comanda, id_reteta) VALUES (790, 1);
INSERT INTO COMANDA_include_RETETA (id_comanda, id_reteta) VALUES (790, 3);
INSERT INTO COMANDA_include_RETETA (id_comanda, id_reteta) VALUES (790, 5);
INSERT INTO COMANDA (id_restaurant, id_casier, id_cont) VALUES (10, 104, NULL);
INSERT INTO COMANDA_include_RETETA (id_comanda, id_reteta) VALUES (791, 2);
INSERT INTO COMANDA_include_RETETA (id_comanda, id_reteta) VALUES (791, 3);
INSERT INTO COMANDA_include_RETETA (id_comanda, id_reteta) VALUES (791, 5);
INSERT INTO COMANDA (id_restaurant, id_casier, id_cont) VALUES (27, 275, NULL);
INSERT INTO COMANDA_include_RETETA (id_comanda, id_reteta) VALUES (792, 1);
INSERT INTO COMANDA_include_RETETA (id_comanda, id_reteta) VALUES (792, 3);
INSERT INTO COMANDA_include_RETETA (id_comanda, id_reteta) VALUES (792, 4);
INSERT INTO COMANDA_include_RETETA (id_comanda, id_reteta) VALUES (792, 5);
INSERT INTO COMANDA (id_restaurant, id_casier, id_cont) VALUES (3, NULL, '16');
INSERT INTO COMANDA_include_RETETA (id_comanda, id_reteta) VALUES (793, 5);
INSERT INTO COMANDA (id_restaurant, id_casier, id_cont) VALUES (15, NULL, '16');
INSERT INTO COMANDA_include_RETETA (id_comanda, id_reteta) VALUES (794, 2);
INSERT INTO COMANDA (id_restaurant, id_casier, id_cont) VALUES (27, 275, NULL);
INSERT INTO COMANDA_include_RETETA (id_comanda, id_reteta) VALUES (795, 4);
INSERT INTO COMANDA (id_restaurant, id_casier, id_cont) VALUES (1, NULL, '16');
INSERT INTO COMANDA_include_RETETA (id_comanda, id_reteta) VALUES (796, 1);
INSERT INTO COMANDA_include_RETETA (id_comanda, id_reteta) VALUES (796, 2);
INSERT INTO COMANDA_include_RETETA (id_comanda, id_reteta) VALUES (796, 3);
INSERT INTO COMANDA_include_RETETA (id_comanda, id_reteta) VALUES (796, 4);
INSERT INTO COMANDA (id_restaurant, id_casier, id_cont) VALUES (10, NULL, '16');
INSERT INTO COMANDA (id_restaurant, id_casier, id_cont) VALUES (3, NULL, '16');
INSERT INTO COMANDA_include_RETETA (id_comanda, id_reteta) VALUES (798, 1);
INSERT INTO COMANDA_include_RETETA (id_comanda, id_reteta) VALUES (798, 5);
INSERT INTO COMANDA (id_restaurant, id_casier, id_cont) VALUES (15, 164, NULL);
INSERT INTO COMANDA_include_RETETA (id_comanda, id_reteta) VALUES (799, 4);
INSERT INTO COMANDA (id_restaurant, id_casier, id_cont) VALUES (3, NULL, '16');
INSERT INTO COMANDA_include_RETETA (id_comanda, id_reteta) VALUES (800, 2);
INSERT INTO COMANDA_include_RETETA (id_comanda, id_reteta) VALUES (800, 4);
INSERT INTO COMANDA (id_restaurant, id_casier, id_cont) VALUES (18, NULL, '17');
INSERT INTO COMANDA_include_RETETA (id_comanda, id_reteta) VALUES (801, 3);
INSERT INTO COMANDA_include_RETETA (id_comanda, id_reteta) VALUES (801, 5);
INSERT INTO COMANDA (id_restaurant, id_casier, id_cont) VALUES (29, NULL, '17');
INSERT INTO COMANDA_include_RETETA (id_comanda, id_reteta) VALUES (802, 3);
INSERT INTO COMANDA_include_RETETA (id_comanda, id_reteta) VALUES (802, 4);
INSERT INTO COMANDA_include_RETETA (id_comanda, id_reteta) VALUES (802, 5);
INSERT INTO COMANDA (id_restaurant, id_casier, id_cont) VALUES (7, 71, NULL);
INSERT INTO COMANDA_include_RETETA (id_comanda, id_reteta) VALUES (803, 5);
INSERT INTO COMANDA (id_restaurant, id_casier, id_cont) VALUES (7, NULL, '17');
INSERT INTO COMANDA_include_RETETA (id_comanda, id_reteta) VALUES (804, 1);
INSERT INTO COMANDA_include_RETETA (id_comanda, id_reteta) VALUES (804, 2);
INSERT INTO COMANDA_include_RETETA (id_comanda, id_reteta) VALUES (804, 5);
INSERT INTO COMANDA (id_restaurant, id_casier, id_cont) VALUES (17, NULL, '17');
INSERT INTO COMANDA_include_RETETA (id_comanda, id_reteta) VALUES (805, 3);
INSERT INTO COMANDA_include_RETETA (id_comanda, id_reteta) VALUES (805, 4);
INSERT INTO COMANDA_include_RETETA (id_comanda, id_reteta) VALUES (805, 5);
INSERT INTO COMANDA (id_restaurant, id_casier, id_cont) VALUES (29, NULL, '17');
INSERT INTO COMANDA_include_RETETA (id_comanda, id_reteta) VALUES (806, 3);
INSERT INTO COMANDA_include_RETETA (id_comanda, id_reteta) VALUES (806, 4);
INSERT INTO COMANDA_include_RETETA (id_comanda, id_reteta) VALUES (806, 5);
INSERT INTO COMANDA (id_restaurant, id_casier, id_cont) VALUES (18, NULL, '17');
INSERT INTO COMANDA_include_RETETA (id_comanda, id_reteta) VALUES (807, 1);
INSERT INTO COMANDA_include_RETETA (id_comanda, id_reteta) VALUES (807, 2);
INSERT INTO COMANDA_include_RETETA (id_comanda, id_reteta) VALUES (807, 3);
INSERT INTO COMANDA_include_RETETA (id_comanda, id_reteta) VALUES (807, 4);
INSERT INTO COMANDA (id_restaurant, id_casier, id_cont) VALUES (17, NULL, '17');
INSERT INTO COMANDA_include_RETETA (id_comanda, id_reteta) VALUES (808, 3);
INSERT INTO COMANDA_include_RETETA (id_comanda, id_reteta) VALUES (808, 4);
INSERT INTO COMANDA (id_restaurant, id_casier, id_cont) VALUES (7, NULL, '17');
INSERT INTO COMANDA_include_RETETA (id_comanda, id_reteta) VALUES (809, 1);
INSERT INTO COMANDA_include_RETETA (id_comanda, id_reteta) VALUES (809, 2);
INSERT INTO COMANDA (id_restaurant, id_casier, id_cont) VALUES (18, NULL, '17');
INSERT INTO COMANDA_include_RETETA (id_comanda, id_reteta) VALUES (810, 2);
INSERT INTO COMANDA_include_RETETA (id_comanda, id_reteta) VALUES (810, 5);
INSERT INTO COMANDA (id_restaurant, id_casier, id_cont) VALUES (17, 182, NULL);
INSERT INTO COMANDA_include_RETETA (id_comanda, id_reteta) VALUES (811, 1);
INSERT INTO COMANDA_include_RETETA (id_comanda, id_reteta) VALUES (811, 5);
INSERT INTO COMANDA (id_restaurant, id_casier, id_cont) VALUES (18, 192, NULL);
INSERT INTO COMANDA_include_RETETA (id_comanda, id_reteta) VALUES (812, 2);
INSERT INTO COMANDA (id_restaurant, id_casier, id_cont) VALUES (18, NULL, '17');
INSERT INTO COMANDA_include_RETETA (id_comanda, id_reteta) VALUES (813, 5);
INSERT INTO COMANDA (id_restaurant, id_casier, id_cont) VALUES (17, 180, NULL);
INSERT INTO COMANDA_include_RETETA (id_comanda, id_reteta) VALUES (814, 3);
INSERT INTO COMANDA_include_RETETA (id_comanda, id_reteta) VALUES (814, 4);
INSERT INTO COMANDA (id_restaurant, id_casier, id_cont) VALUES (17, NULL, '17');
INSERT INTO COMANDA_include_RETETA (id_comanda, id_reteta) VALUES (815, 1);
INSERT INTO COMANDA_include_RETETA (id_comanda, id_reteta) VALUES (815, 2);
INSERT INTO COMANDA_include_RETETA (id_comanda, id_reteta) VALUES (815, 3);
INSERT INTO COMANDA_include_RETETA (id_comanda, id_reteta) VALUES (815, 4);
INSERT INTO COMANDA_include_RETETA (id_comanda, id_reteta) VALUES (815, 5);
INSERT INTO COMANDA (id_restaurant, id_casier, id_cont) VALUES (17, NULL, '17');
INSERT INTO COMANDA_include_RETETA (id_comanda, id_reteta) VALUES (816, 1);
INSERT INTO COMANDA_include_RETETA (id_comanda, id_reteta) VALUES (816, 5);
INSERT INTO COMANDA (id_restaurant, id_casier, id_cont) VALUES (7, NULL, '17');
INSERT INTO COMANDA_include_RETETA (id_comanda, id_reteta) VALUES (817, 1);
INSERT INTO COMANDA_include_RETETA (id_comanda, id_reteta) VALUES (817, 3);
INSERT INTO COMANDA (id_restaurant, id_casier, id_cont) VALUES (18, NULL, '17');
INSERT INTO COMANDA_include_RETETA (id_comanda, id_reteta) VALUES (818, 1);
INSERT INTO COMANDA_include_RETETA (id_comanda, id_reteta) VALUES (818, 2);
INSERT INTO COMANDA_include_RETETA (id_comanda, id_reteta) VALUES (818, 3);
INSERT INTO COMANDA (id_restaurant, id_casier, id_cont) VALUES (17, NULL, '17');
INSERT INTO COMANDA_include_RETETA (id_comanda, id_reteta) VALUES (819, 1);
INSERT INTO COMANDA_include_RETETA (id_comanda, id_reteta) VALUES (819, 2);
INSERT INTO COMANDA_include_RETETA (id_comanda, id_reteta) VALUES (819, 4);
INSERT INTO COMANDA (id_restaurant, id_casier, id_cont) VALUES (7, NULL, '17');
INSERT INTO COMANDA_include_RETETA (id_comanda, id_reteta) VALUES (820, 1);
INSERT INTO COMANDA_include_RETETA (id_comanda, id_reteta) VALUES (820, 2);
INSERT INTO COMANDA_include_RETETA (id_comanda, id_reteta) VALUES (820, 3);
INSERT INTO COMANDA_include_RETETA (id_comanda, id_reteta) VALUES (820, 4);
INSERT INTO COMANDA (id_restaurant, id_casier, id_cont) VALUES (7, 71, NULL);
INSERT INTO COMANDA_include_RETETA (id_comanda, id_reteta) VALUES (821, 2);
INSERT INTO COMANDA_include_RETETA (id_comanda, id_reteta) VALUES (821, 3);
INSERT INTO COMANDA (id_restaurant, id_casier, id_cont) VALUES (29, NULL, '17');
INSERT INTO COMANDA_include_RETETA (id_comanda, id_reteta) VALUES (822, 2);
INSERT INTO COMANDA_include_RETETA (id_comanda, id_reteta) VALUES (822, 3);
INSERT INTO COMANDA_include_RETETA (id_comanda, id_reteta) VALUES (822, 5);
INSERT INTO COMANDA (id_restaurant, id_casier, id_cont) VALUES (17, NULL, '17');
INSERT INTO COMANDA_include_RETETA (id_comanda, id_reteta) VALUES (823, 3);
INSERT INTO COMANDA_include_RETETA (id_comanda, id_reteta) VALUES (823, 5);
INSERT INTO COMANDA (id_restaurant, id_casier, id_cont) VALUES (7, NULL, '17');
INSERT INTO COMANDA_include_RETETA (id_comanda, id_reteta) VALUES (824, 2);
INSERT INTO COMANDA_include_RETETA (id_comanda, id_reteta) VALUES (824, 3);
INSERT INTO COMANDA (id_restaurant, id_casier, id_cont) VALUES (17, NULL, '17');
INSERT INTO COMANDA_include_RETETA (id_comanda, id_reteta) VALUES (825, 1);
INSERT INTO COMANDA_include_RETETA (id_comanda, id_reteta) VALUES (825, 3);
INSERT INTO COMANDA_include_RETETA (id_comanda, id_reteta) VALUES (825, 5);
INSERT INTO COMANDA (id_restaurant, id_casier, id_cont) VALUES (29, 295, NULL);
INSERT INTO COMANDA_include_RETETA (id_comanda, id_reteta) VALUES (826, 1);
INSERT INTO COMANDA (id_restaurant, id_casier, id_cont) VALUES (17, NULL, '17');
INSERT INTO COMANDA_include_RETETA (id_comanda, id_reteta) VALUES (827, 1);
INSERT INTO COMANDA_include_RETETA (id_comanda, id_reteta) VALUES (827, 4);
INSERT INTO COMANDA (id_restaurant, id_casier, id_cont) VALUES (29, NULL, '17');
INSERT INTO COMANDA_include_RETETA (id_comanda, id_reteta) VALUES (828, 1);
INSERT INTO COMANDA_include_RETETA (id_comanda, id_reteta) VALUES (828, 3);
INSERT INTO COMANDA_include_RETETA (id_comanda, id_reteta) VALUES (828, 4);
INSERT INTO COMANDA (id_restaurant, id_casier, id_cont) VALUES (17, 180, NULL);
INSERT INTO COMANDA_include_RETETA (id_comanda, id_reteta) VALUES (829, 2);
INSERT INTO COMANDA_include_RETETA (id_comanda, id_reteta) VALUES (829, 3);
INSERT INTO COMANDA (id_restaurant, id_casier, id_cont) VALUES (29, NULL, '17');
INSERT INTO COMANDA_include_RETETA (id_comanda, id_reteta) VALUES (830, 1);
INSERT INTO COMANDA_include_RETETA (id_comanda, id_reteta) VALUES (830, 2);
INSERT INTO COMANDA (id_restaurant, id_casier, id_cont) VALUES (17, NULL, '17');
INSERT INTO COMANDA_include_RETETA (id_comanda, id_reteta) VALUES (831, 1);
INSERT INTO COMANDA_include_RETETA (id_comanda, id_reteta) VALUES (831, 2);
INSERT INTO COMANDA_include_RETETA (id_comanda, id_reteta) VALUES (831, 3);
INSERT INTO COMANDA_include_RETETA (id_comanda, id_reteta) VALUES (831, 4);
INSERT INTO COMANDA_include_RETETA (id_comanda, id_reteta) VALUES (831, 5);
INSERT INTO COMANDA (id_restaurant, id_casier, id_cont) VALUES (18, NULL, '17');
INSERT INTO COMANDA_include_RETETA (id_comanda, id_reteta) VALUES (832, 1);
INSERT INTO COMANDA_include_RETETA (id_comanda, id_reteta) VALUES (832, 2);
INSERT INTO COMANDA_include_RETETA (id_comanda, id_reteta) VALUES (832, 3);
INSERT INTO COMANDA (id_restaurant, id_casier, id_cont) VALUES (17, NULL, '17');
INSERT INTO COMANDA_include_RETETA (id_comanda, id_reteta) VALUES (833, 1);
INSERT INTO COMANDA_include_RETETA (id_comanda, id_reteta) VALUES (833, 3);
INSERT INTO COMANDA (id_restaurant, id_casier, id_cont) VALUES (18, 191, NULL);
INSERT INTO COMANDA_include_RETETA (id_comanda, id_reteta) VALUES (834, 3);
INSERT INTO COMANDA_include_RETETA (id_comanda, id_reteta) VALUES (834, 4);
INSERT INTO COMANDA (id_restaurant, id_casier, id_cont) VALUES (7, 71, NULL);
INSERT INTO COMANDA_include_RETETA (id_comanda, id_reteta) VALUES (835, 1);
INSERT INTO COMANDA_include_RETETA (id_comanda, id_reteta) VALUES (835, 4);
INSERT INTO COMANDA_include_RETETA (id_comanda, id_reteta) VALUES (835, 5);
INSERT INTO COMANDA (id_restaurant, id_casier, id_cont) VALUES (7, 71, NULL);
INSERT INTO COMANDA_include_RETETA (id_comanda, id_reteta) VALUES (836, 2);
INSERT INTO COMANDA_include_RETETA (id_comanda, id_reteta) VALUES (836, 3);
INSERT INTO COMANDA (id_restaurant, id_casier, id_cont) VALUES (17, NULL, '17');
INSERT INTO COMANDA_include_RETETA (id_comanda, id_reteta) VALUES (837, 1);
INSERT INTO COMANDA (id_restaurant, id_casier, id_cont) VALUES (7, NULL, '17');
INSERT INTO COMANDA_include_RETETA (id_comanda, id_reteta) VALUES (838, 1);
INSERT INTO COMANDA_include_RETETA (id_comanda, id_reteta) VALUES (838, 2);
INSERT INTO COMANDA_include_RETETA (id_comanda, id_reteta) VALUES (838, 4);
INSERT INTO COMANDA_include_RETETA (id_comanda, id_reteta) VALUES (838, 5);
INSERT INTO COMANDA (id_restaurant, id_casier, id_cont) VALUES (18, NULL, '17');
INSERT INTO COMANDA_include_RETETA (id_comanda, id_reteta) VALUES (839, 2);
INSERT INTO COMANDA_include_RETETA (id_comanda, id_reteta) VALUES (839, 3);
INSERT INTO COMANDA_include_RETETA (id_comanda, id_reteta) VALUES (839, 5);
INSERT INTO COMANDA (id_restaurant, id_casier, id_cont) VALUES (29, 299, NULL);
INSERT INTO COMANDA_include_RETETA (id_comanda, id_reteta) VALUES (840, 2);
INSERT INTO COMANDA_include_RETETA (id_comanda, id_reteta) VALUES (840, 3);
INSERT INTO COMANDA_include_RETETA (id_comanda, id_reteta) VALUES (840, 4);
INSERT INTO COMANDA (id_restaurant, id_casier, id_cont) VALUES (17, 182, NULL);
INSERT INTO COMANDA_include_RETETA (id_comanda, id_reteta) VALUES (841, 3);
INSERT INTO COMANDA_include_RETETA (id_comanda, id_reteta) VALUES (841, 4);
INSERT INTO COMANDA (id_restaurant, id_casier, id_cont) VALUES (17, NULL, '17');
INSERT INTO COMANDA_include_RETETA (id_comanda, id_reteta) VALUES (842, 1);
INSERT INTO COMANDA (id_restaurant, id_casier, id_cont) VALUES (7, 71, NULL);
INSERT INTO COMANDA_include_RETETA (id_comanda, id_reteta) VALUES (843, 2);
INSERT INTO COMANDA_include_RETETA (id_comanda, id_reteta) VALUES (843, 3);
INSERT INTO COMANDA (id_restaurant, id_casier, id_cont) VALUES (7, 71, NULL);
INSERT INTO COMANDA (id_restaurant, id_casier, id_cont) VALUES (18, NULL, '17');
INSERT INTO COMANDA_include_RETETA (id_comanda, id_reteta) VALUES (845, 1);
INSERT INTO COMANDA_include_RETETA (id_comanda, id_reteta) VALUES (845, 2);
INSERT INTO COMANDA_include_RETETA (id_comanda, id_reteta) VALUES (845, 3);
INSERT INTO COMANDA_include_RETETA (id_comanda, id_reteta) VALUES (845, 4);
INSERT INTO COMANDA_include_RETETA (id_comanda, id_reteta) VALUES (845, 5);
INSERT INTO COMANDA (id_restaurant, id_casier, id_cont) VALUES (29, 295, NULL);
INSERT INTO COMANDA_include_RETETA (id_comanda, id_reteta) VALUES (846, 2);
INSERT INTO COMANDA_include_RETETA (id_comanda, id_reteta) VALUES (846, 3);
INSERT INTO COMANDA_include_RETETA (id_comanda, id_reteta) VALUES (846, 5);
INSERT INTO COMANDA (id_restaurant, id_casier, id_cont) VALUES (29, NULL, '17');
INSERT INTO COMANDA_include_RETETA (id_comanda, id_reteta) VALUES (847, 1);
INSERT INTO COMANDA_include_RETETA (id_comanda, id_reteta) VALUES (847, 3);
INSERT INTO COMANDA_include_RETETA (id_comanda, id_reteta) VALUES (847, 4);
INSERT INTO COMANDA_include_RETETA (id_comanda, id_reteta) VALUES (847, 5);
INSERT INTO COMANDA (id_restaurant, id_casier, id_cont) VALUES (18, 192, NULL);
INSERT INTO COMANDA_include_RETETA (id_comanda, id_reteta) VALUES (848, 1);
INSERT INTO COMANDA_include_RETETA (id_comanda, id_reteta) VALUES (848, 2);
INSERT INTO COMANDA_include_RETETA (id_comanda, id_reteta) VALUES (848, 3);
INSERT INTO COMANDA_include_RETETA (id_comanda, id_reteta) VALUES (848, 5);
INSERT INTO COMANDA (id_restaurant, id_casier, id_cont) VALUES (18, 192, NULL);
INSERT INTO COMANDA_include_RETETA (id_comanda, id_reteta) VALUES (849, 1);
INSERT INTO COMANDA_include_RETETA (id_comanda, id_reteta) VALUES (849, 3);
INSERT INTO COMANDA_include_RETETA (id_comanda, id_reteta) VALUES (849, 4);
INSERT INTO COMANDA (id_restaurant, id_casier, id_cont) VALUES (29, NULL, '17');
INSERT INTO COMANDA_include_RETETA (id_comanda, id_reteta) VALUES (850, 2);
INSERT INTO COMANDA_include_RETETA (id_comanda, id_reteta) VALUES (850, 4);
INSERT INTO COMANDA_include_RETETA (id_comanda, id_reteta) VALUES (850, 5);
INSERT INTO COMANDA (id_restaurant, id_casier, id_cont) VALUES (16, 173, NULL);
INSERT INTO COMANDA_include_RETETA (id_comanda, id_reteta) VALUES (851, 1);
INSERT INTO COMANDA_include_RETETA (id_comanda, id_reteta) VALUES (851, 3);
INSERT INTO COMANDA (id_restaurant, id_casier, id_cont) VALUES (1, 4, NULL);
INSERT INTO COMANDA_include_RETETA (id_comanda, id_reteta) VALUES (852, 1);
INSERT INTO COMANDA_include_RETETA (id_comanda, id_reteta) VALUES (852, 3);
INSERT INTO COMANDA_include_RETETA (id_comanda, id_reteta) VALUES (852, 5);
INSERT INTO COMANDA (id_restaurant, id_casier, id_cont) VALUES (1, NULL, '18');
INSERT INTO COMANDA_include_RETETA (id_comanda, id_reteta) VALUES (853, 2);
INSERT INTO COMANDA_include_RETETA (id_comanda, id_reteta) VALUES (853, 4);
INSERT INTO COMANDA_include_RETETA (id_comanda, id_reteta) VALUES (853, 5);
INSERT INTO COMANDA (id_restaurant, id_casier, id_cont) VALUES (16, 173, NULL);
INSERT INTO COMANDA_include_RETETA (id_comanda, id_reteta) VALUES (854, 1);
INSERT INTO COMANDA_include_RETETA (id_comanda, id_reteta) VALUES (854, 2);
INSERT INTO COMANDA_include_RETETA (id_comanda, id_reteta) VALUES (854, 3);
INSERT INTO COMANDA_include_RETETA (id_comanda, id_reteta) VALUES (854, 4);
INSERT INTO COMANDA_include_RETETA (id_comanda, id_reteta) VALUES (854, 5);
INSERT INTO COMANDA (id_restaurant, id_casier, id_cont) VALUES (16, 174, NULL);
INSERT INTO COMANDA_include_RETETA (id_comanda, id_reteta) VALUES (855, 1);
INSERT INTO COMANDA_include_RETETA (id_comanda, id_reteta) VALUES (855, 3);
INSERT INTO COMANDA_include_RETETA (id_comanda, id_reteta) VALUES (855, 4);
INSERT INTO COMANDA (id_restaurant, id_casier, id_cont) VALUES (3, NULL, '18');
INSERT INTO COMANDA_include_RETETA (id_comanda, id_reteta) VALUES (856, 4);
INSERT INTO COMANDA (id_restaurant, id_casier, id_cont) VALUES (16, NULL, '18');
INSERT INTO COMANDA_include_RETETA (id_comanda, id_reteta) VALUES (857, 3);
INSERT INTO COMANDA (id_restaurant, id_casier, id_cont) VALUES (15, NULL, '18');
INSERT INTO COMANDA_include_RETETA (id_comanda, id_reteta) VALUES (858, 2);
INSERT INTO COMANDA (id_restaurant, id_casier, id_cont) VALUES (28, NULL, '18');
INSERT INTO COMANDA_include_RETETA (id_comanda, id_reteta) VALUES (859, 2);
INSERT INTO COMANDA_include_RETETA (id_comanda, id_reteta) VALUES (859, 4);
INSERT INTO COMANDA_include_RETETA (id_comanda, id_reteta) VALUES (859, 5);
INSERT INTO COMANDA (id_restaurant, id_casier, id_cont) VALUES (16, NULL, '18');
INSERT INTO COMANDA_include_RETETA (id_comanda, id_reteta) VALUES (860, 2);
INSERT INTO COMANDA_include_RETETA (id_comanda, id_reteta) VALUES (860, 4);
INSERT INTO COMANDA_include_RETETA (id_comanda, id_reteta) VALUES (860, 5);
INSERT INTO COMANDA (id_restaurant, id_casier, id_cont) VALUES (10, 105, NULL);
INSERT INTO COMANDA_include_RETETA (id_comanda, id_reteta) VALUES (861, 1);
INSERT INTO COMANDA_include_RETETA (id_comanda, id_reteta) VALUES (861, 4);
INSERT INTO COMANDA (id_restaurant, id_casier, id_cont) VALUES (3, NULL, '18');
INSERT INTO COMANDA_include_RETETA (id_comanda, id_reteta) VALUES (862, 2);
INSERT INTO COMANDA (id_restaurant, id_casier, id_cont) VALUES (28, NULL, '18');
INSERT INTO COMANDA_include_RETETA (id_comanda, id_reteta) VALUES (863, 2);
INSERT INTO COMANDA_include_RETETA (id_comanda, id_reteta) VALUES (863, 3);
INSERT INTO COMANDA_include_RETETA (id_comanda, id_reteta) VALUES (863, 4);
INSERT INTO COMANDA_include_RETETA (id_comanda, id_reteta) VALUES (863, 5);
INSERT INTO COMANDA (id_restaurant, id_casier, id_cont) VALUES (30, 313, NULL);
INSERT INTO COMANDA_include_RETETA (id_comanda, id_reteta) VALUES (864, 1);
INSERT INTO COMANDA_include_RETETA (id_comanda, id_reteta) VALUES (864, 3);
INSERT INTO COMANDA_include_RETETA (id_comanda, id_reteta) VALUES (864, 4);
INSERT INTO COMANDA_include_RETETA (id_comanda, id_reteta) VALUES (864, 5);
INSERT INTO COMANDA (id_restaurant, id_casier, id_cont) VALUES (15, NULL, '18');
INSERT INTO COMANDA_include_RETETA (id_comanda, id_reteta) VALUES (865, 3);
INSERT INTO COMANDA_include_RETETA (id_comanda, id_reteta) VALUES (865, 4);
INSERT INTO COMANDA (id_restaurant, id_casier, id_cont) VALUES (3, NULL, '18');
INSERT INTO COMANDA_include_RETETA (id_comanda, id_reteta) VALUES (866, 3);
INSERT INTO COMANDA_include_RETETA (id_comanda, id_reteta) VALUES (866, 4);
INSERT INTO COMANDA (id_restaurant, id_casier, id_cont) VALUES (3, NULL, '18');
INSERT INTO COMANDA_include_RETETA (id_comanda, id_reteta) VALUES (867, 1);
INSERT INTO COMANDA_include_RETETA (id_comanda, id_reteta) VALUES (867, 3);
INSERT INTO COMANDA_include_RETETA (id_comanda, id_reteta) VALUES (867, 5);
INSERT INTO COMANDA (id_restaurant, id_casier, id_cont) VALUES (1, NULL, '18');
INSERT INTO COMANDA_include_RETETA (id_comanda, id_reteta) VALUES (868, 4);
INSERT INTO COMANDA_include_RETETA (id_comanda, id_reteta) VALUES (868, 5);
INSERT INTO COMANDA (id_restaurant, id_casier, id_cont) VALUES (27, 274, NULL);
INSERT INTO COMANDA_include_RETETA (id_comanda, id_reteta) VALUES (869, 1);
INSERT INTO COMANDA_include_RETETA (id_comanda, id_reteta) VALUES (869, 3);
INSERT INTO COMANDA_include_RETETA (id_comanda, id_reteta) VALUES (869, 4);
INSERT INTO COMANDA (id_restaurant, id_casier, id_cont) VALUES (16, NULL, '18');
INSERT INTO COMANDA_include_RETETA (id_comanda, id_reteta) VALUES (870, 1);
INSERT INTO COMANDA_include_RETETA (id_comanda, id_reteta) VALUES (870, 4);
INSERT INTO COMANDA_include_RETETA (id_comanda, id_reteta) VALUES (870, 5);
INSERT INTO COMANDA (id_restaurant, id_casier, id_cont) VALUES (30, NULL, '18');
INSERT INTO COMANDA_include_RETETA (id_comanda, id_reteta) VALUES (871, 2);
INSERT INTO COMANDA_include_RETETA (id_comanda, id_reteta) VALUES (871, 4);
INSERT INTO COMANDA (id_restaurant, id_casier, id_cont) VALUES (3, NULL, '18');
INSERT INTO COMANDA_include_RETETA (id_comanda, id_reteta) VALUES (872, 1);
INSERT INTO COMANDA_include_RETETA (id_comanda, id_reteta) VALUES (872, 2);
INSERT INTO COMANDA_include_RETETA (id_comanda, id_reteta) VALUES (872, 3);
INSERT INTO COMANDA_include_RETETA (id_comanda, id_reteta) VALUES (872, 4);
INSERT INTO COMANDA_include_RETETA (id_comanda, id_reteta) VALUES (872, 5);
INSERT INTO COMANDA (id_restaurant, id_casier, id_cont) VALUES (10, NULL, '18');
INSERT INTO COMANDA_include_RETETA (id_comanda, id_reteta) VALUES (873, 2);
INSERT INTO COMANDA_include_RETETA (id_comanda, id_reteta) VALUES (873, 3);
INSERT INTO COMANDA_include_RETETA (id_comanda, id_reteta) VALUES (873, 5);
INSERT INTO COMANDA (id_restaurant, id_casier, id_cont) VALUES (30, NULL, '18');
INSERT INTO COMANDA_include_RETETA (id_comanda, id_reteta) VALUES (874, 2);
INSERT INTO COMANDA (id_restaurant, id_casier, id_cont) VALUES (15, NULL, '18');
INSERT INTO COMANDA_include_RETETA (id_comanda, id_reteta) VALUES (875, 2);
INSERT INTO COMANDA (id_restaurant, id_casier, id_cont) VALUES (30, NULL, '18');
INSERT INTO COMANDA_include_RETETA (id_comanda, id_reteta) VALUES (876, 1);
INSERT INTO COMANDA_include_RETETA (id_comanda, id_reteta) VALUES (876, 2);
INSERT INTO COMANDA_include_RETETA (id_comanda, id_reteta) VALUES (876, 3);
INSERT INTO COMANDA_include_RETETA (id_comanda, id_reteta) VALUES (876, 5);
INSERT INTO COMANDA (id_restaurant, id_casier, id_cont) VALUES (15, NULL, '18');
INSERT INTO COMANDA_include_RETETA (id_comanda, id_reteta) VALUES (877, 5);
INSERT INTO COMANDA (id_restaurant, id_casier, id_cont) VALUES (3, NULL, '18');
INSERT INTO COMANDA_include_RETETA (id_comanda, id_reteta) VALUES (878, 4);
INSERT INTO COMANDA (id_restaurant, id_casier, id_cont) VALUES (10, NULL, '18');
INSERT INTO COMANDA_include_RETETA (id_comanda, id_reteta) VALUES (879, 2);
INSERT INTO COMANDA_include_RETETA (id_comanda, id_reteta) VALUES (879, 5);
INSERT INTO COMANDA (id_restaurant, id_casier, id_cont) VALUES (30, NULL, '18');
INSERT INTO COMANDA_include_RETETA (id_comanda, id_reteta) VALUES (880, 4);
INSERT INTO COMANDA (id_restaurant, id_casier, id_cont) VALUES (16, NULL, '18');
INSERT INTO COMANDA_include_RETETA (id_comanda, id_reteta) VALUES (881, 1);
INSERT INTO COMANDA_include_RETETA (id_comanda, id_reteta) VALUES (881, 2);
INSERT INTO COMANDA_include_RETETA (id_comanda, id_reteta) VALUES (881, 3);
INSERT INTO COMANDA (id_restaurant, id_casier, id_cont) VALUES (10, 105, NULL);
INSERT INTO COMANDA_include_RETETA (id_comanda, id_reteta) VALUES (882, 1);
INSERT INTO COMANDA_include_RETETA (id_comanda, id_reteta) VALUES (882, 3);
INSERT INTO COMANDA (id_restaurant, id_casier, id_cont) VALUES (28, NULL, '18');
INSERT INTO COMANDA_include_RETETA (id_comanda, id_reteta) VALUES (883, 1);
INSERT INTO COMANDA_include_RETETA (id_comanda, id_reteta) VALUES (883, 2);
INSERT INTO COMANDA_include_RETETA (id_comanda, id_reteta) VALUES (883, 3);
INSERT INTO COMANDA_include_RETETA (id_comanda, id_reteta) VALUES (883, 4);
INSERT INTO COMANDA (id_restaurant, id_casier, id_cont) VALUES (27, NULL, '18');
INSERT INTO COMANDA_include_RETETA (id_comanda, id_reteta) VALUES (884, 1);
INSERT INTO COMANDA_include_RETETA (id_comanda, id_reteta) VALUES (884, 2);
INSERT INTO COMANDA (id_restaurant, id_casier, id_cont) VALUES (27, 275, NULL);
INSERT INTO COMANDA_include_RETETA (id_comanda, id_reteta) VALUES (885, 1);
INSERT INTO COMANDA_include_RETETA (id_comanda, id_reteta) VALUES (885, 2);
INSERT INTO COMANDA_include_RETETA (id_comanda, id_reteta) VALUES (885, 4);
INSERT INTO COMANDA (id_restaurant, id_casier, id_cont) VALUES (10, NULL, '18');
INSERT INTO COMANDA_include_RETETA (id_comanda, id_reteta) VALUES (886, 1);
INSERT INTO COMANDA_include_RETETA (id_comanda, id_reteta) VALUES (886, 4);
INSERT INTO COMANDA_include_RETETA (id_comanda, id_reteta) VALUES (886, 5);
INSERT INTO COMANDA (id_restaurant, id_casier, id_cont) VALUES (1, NULL, '18');
INSERT INTO COMANDA_include_RETETA (id_comanda, id_reteta) VALUES (887, 1);
INSERT INTO COMANDA_include_RETETA (id_comanda, id_reteta) VALUES (887, 2);
INSERT INTO COMANDA (id_restaurant, id_casier, id_cont) VALUES (15, 163, NULL);
INSERT INTO COMANDA_include_RETETA (id_comanda, id_reteta) VALUES (888, 3);
INSERT INTO COMANDA_include_RETETA (id_comanda, id_reteta) VALUES (888, 5);
INSERT INTO COMANDA (id_restaurant, id_casier, id_cont) VALUES (28, NULL, '18');
INSERT INTO COMANDA_include_RETETA (id_comanda, id_reteta) VALUES (889, 3);
INSERT INTO COMANDA (id_restaurant, id_casier, id_cont) VALUES (27, NULL, '18');
INSERT INTO COMANDA_include_RETETA (id_comanda, id_reteta) VALUES (890, 1);
INSERT INTO COMANDA_include_RETETA (id_comanda, id_reteta) VALUES (890, 3);
INSERT INTO COMANDA (id_restaurant, id_casier, id_cont) VALUES (15, 162, NULL);
INSERT INTO COMANDA_include_RETETA (id_comanda, id_reteta) VALUES (891, 3);
INSERT INTO COMANDA_include_RETETA (id_comanda, id_reteta) VALUES (891, 4);
INSERT INTO COMANDA_include_RETETA (id_comanda, id_reteta) VALUES (891, 5);
INSERT INTO COMANDA (id_restaurant, id_casier, id_cont) VALUES (1, NULL, '18');
INSERT INTO COMANDA_include_RETETA (id_comanda, id_reteta) VALUES (892, 3);
INSERT INTO COMANDA_include_RETETA (id_comanda, id_reteta) VALUES (892, 5);
INSERT INTO COMANDA (id_restaurant, id_casier, id_cont) VALUES (30, 308, NULL);
INSERT INTO COMANDA_include_RETETA (id_comanda, id_reteta) VALUES (893, 1);
INSERT INTO COMANDA_include_RETETA (id_comanda, id_reteta) VALUES (893, 3);
INSERT INTO COMANDA_include_RETETA (id_comanda, id_reteta) VALUES (893, 4);
INSERT INTO COMANDA_include_RETETA (id_comanda, id_reteta) VALUES (893, 5);
INSERT INTO COMANDA (id_restaurant, id_casier, id_cont) VALUES (1, 5, NULL);
INSERT INTO COMANDA_include_RETETA (id_comanda, id_reteta) VALUES (894, 2);
INSERT INTO COMANDA_include_RETETA (id_comanda, id_reteta) VALUES (894, 3);
INSERT INTO COMANDA_include_RETETA (id_comanda, id_reteta) VALUES (894, 5);
INSERT INTO COMANDA (id_restaurant, id_casier, id_cont) VALUES (1, NULL, '18');
INSERT INTO COMANDA_include_RETETA (id_comanda, id_reteta) VALUES (895, 2);
INSERT INTO COMANDA_include_RETETA (id_comanda, id_reteta) VALUES (895, 3);
INSERT INTO COMANDA_include_RETETA (id_comanda, id_reteta) VALUES (895, 4);
INSERT INTO COMANDA (id_restaurant, id_casier, id_cont) VALUES (3, NULL, '18');
INSERT INTO COMANDA_include_RETETA (id_comanda, id_reteta) VALUES (896, 3);
INSERT INTO COMANDA (id_restaurant, id_casier, id_cont) VALUES (28, NULL, '18');
INSERT INTO COMANDA_include_RETETA (id_comanda, id_reteta) VALUES (897, 2);
INSERT INTO COMANDA_include_RETETA (id_comanda, id_reteta) VALUES (897, 5);
INSERT INTO COMANDA (id_restaurant, id_casier, id_cont) VALUES (3, NULL, '18');
INSERT INTO COMANDA_include_RETETA (id_comanda, id_reteta) VALUES (898, 2);
INSERT INTO COMANDA_include_RETETA (id_comanda, id_reteta) VALUES (898, 3);
INSERT INTO COMANDA_include_RETETA (id_comanda, id_reteta) VALUES (898, 4);
INSERT INTO COMANDA_include_RETETA (id_comanda, id_reteta) VALUES (898, 5);
INSERT INTO COMANDA (id_restaurant, id_casier, id_cont) VALUES (30, NULL, '18');
INSERT INTO COMANDA_include_RETETA (id_comanda, id_reteta) VALUES (899, 1);
INSERT INTO COMANDA_include_RETETA (id_comanda, id_reteta) VALUES (899, 2);
INSERT INTO COMANDA_include_RETETA (id_comanda, id_reteta) VALUES (899, 5);
INSERT INTO COMANDA (id_restaurant, id_casier, id_cont) VALUES (3, 28, NULL);
INSERT INTO COMANDA_include_RETETA (id_comanda, id_reteta) VALUES (900, 2);
INSERT INTO COMANDA_include_RETETA (id_comanda, id_reteta) VALUES (900, 4);
INSERT INTO COMANDA (id_restaurant, id_casier, id_cont) VALUES (16, 171, NULL);
INSERT INTO COMANDA_include_RETETA (id_comanda, id_reteta) VALUES (901, 2);
INSERT INTO COMANDA_include_RETETA (id_comanda, id_reteta) VALUES (901, 3);
INSERT INTO COMANDA_include_RETETA (id_comanda, id_reteta) VALUES (901, 5);
INSERT INTO COMANDA (id_restaurant, id_casier, id_cont) VALUES (1, 4, NULL);
INSERT INTO COMANDA (id_restaurant, id_casier, id_cont) VALUES (3, 26, NULL);
INSERT INTO COMANDA_include_RETETA (id_comanda, id_reteta) VALUES (903, 3);
INSERT INTO COMANDA_include_RETETA (id_comanda, id_reteta) VALUES (903, 4);
INSERT INTO COMANDA_include_RETETA (id_comanda, id_reteta) VALUES (903, 5);
INSERT INTO COMANDA (id_restaurant, id_casier, id_cont) VALUES (16, 172, NULL);
INSERT INTO COMANDA_include_RETETA (id_comanda, id_reteta) VALUES (904, 1);
INSERT INTO COMANDA_include_RETETA (id_comanda, id_reteta) VALUES (904, 2);
INSERT INTO COMANDA_include_RETETA (id_comanda, id_reteta) VALUES (904, 4);
INSERT INTO COMANDA (id_restaurant, id_casier, id_cont) VALUES (1, 4, NULL);
INSERT INTO COMANDA_include_RETETA (id_comanda, id_reteta) VALUES (905, 1);
INSERT INTO COMANDA_include_RETETA (id_comanda, id_reteta) VALUES (905, 3);
INSERT INTO COMANDA_include_RETETA (id_comanda, id_reteta) VALUES (905, 5);
INSERT INTO COMANDA (id_restaurant, id_casier, id_cont) VALUES (10, NULL, '19');
INSERT INTO COMANDA_include_RETETA (id_comanda, id_reteta) VALUES (906, 2);
INSERT INTO COMANDA_include_RETETA (id_comanda, id_reteta) VALUES (906, 3);
INSERT INTO COMANDA (id_restaurant, id_casier, id_cont) VALUES (28, NULL, '19');
INSERT INTO COMANDA_include_RETETA (id_comanda, id_reteta) VALUES (907, 5);
INSERT INTO COMANDA (id_restaurant, id_casier, id_cont) VALUES (10, 105, NULL);
INSERT INTO COMANDA_include_RETETA (id_comanda, id_reteta) VALUES (908, 2);
INSERT INTO COMANDA_include_RETETA (id_comanda, id_reteta) VALUES (908, 3);
INSERT INTO COMANDA_include_RETETA (id_comanda, id_reteta) VALUES (908, 5);
INSERT INTO COMANDA (id_restaurant, id_casier, id_cont) VALUES (1, NULL, '19');
INSERT INTO COMANDA_include_RETETA (id_comanda, id_reteta) VALUES (909, 4);
INSERT INTO COMANDA_include_RETETA (id_comanda, id_reteta) VALUES (909, 5);
INSERT INTO COMANDA (id_restaurant, id_casier, id_cont) VALUES (10, 104, NULL);
INSERT INTO COMANDA_include_RETETA (id_comanda, id_reteta) VALUES (910, 1);
INSERT INTO COMANDA_include_RETETA (id_comanda, id_reteta) VALUES (910, 3);
INSERT INTO COMANDA_include_RETETA (id_comanda, id_reteta) VALUES (910, 4);
INSERT INTO COMANDA (id_restaurant, id_casier, id_cont) VALUES (1, NULL, '19');
INSERT INTO COMANDA_include_RETETA (id_comanda, id_reteta) VALUES (911, 1);
INSERT INTO COMANDA_include_RETETA (id_comanda, id_reteta) VALUES (911, 2);
INSERT INTO COMANDA_include_RETETA (id_comanda, id_reteta) VALUES (911, 3);
INSERT INTO COMANDA_include_RETETA (id_comanda, id_reteta) VALUES (911, 4);
INSERT INTO COMANDA_include_RETETA (id_comanda, id_reteta) VALUES (911, 5);
INSERT INTO COMANDA (id_restaurant, id_casier, id_cont) VALUES (27, 275, NULL);
INSERT INTO COMANDA_include_RETETA (id_comanda, id_reteta) VALUES (912, 2);
INSERT INTO COMANDA_include_RETETA (id_comanda, id_reteta) VALUES (912, 3);
INSERT INTO COMANDA_include_RETETA (id_comanda, id_reteta) VALUES (912, 4);
INSERT INTO COMANDA_include_RETETA (id_comanda, id_reteta) VALUES (912, 5);
INSERT INTO COMANDA (id_restaurant, id_casier, id_cont) VALUES (15, 162, NULL);
INSERT INTO COMANDA_include_RETETA (id_comanda, id_reteta) VALUES (913, 3);
INSERT INTO COMANDA_include_RETETA (id_comanda, id_reteta) VALUES (913, 4);
INSERT INTO COMANDA (id_restaurant, id_casier, id_cont) VALUES (10, 105, NULL);
INSERT INTO COMANDA_include_RETETA (id_comanda, id_reteta) VALUES (914, 2);
INSERT INTO COMANDA (id_restaurant, id_casier, id_cont) VALUES (15, 164, NULL);
INSERT INTO COMANDA_include_RETETA (id_comanda, id_reteta) VALUES (915, 1);
INSERT INTO COMANDA_include_RETETA (id_comanda, id_reteta) VALUES (915, 2);
INSERT INTO COMANDA_include_RETETA (id_comanda, id_reteta) VALUES (915, 5);
INSERT INTO COMANDA (id_restaurant, id_casier, id_cont) VALUES (1, 4, NULL);
INSERT INTO COMANDA_include_RETETA (id_comanda, id_reteta) VALUES (916, 1);
INSERT INTO COMANDA_include_RETETA (id_comanda, id_reteta) VALUES (916, 2);
INSERT INTO COMANDA_include_RETETA (id_comanda, id_reteta) VALUES (916, 3);
INSERT INTO COMANDA_include_RETETA (id_comanda, id_reteta) VALUES (916, 5);
INSERT INTO COMANDA (id_restaurant, id_casier, id_cont) VALUES (30, 313, NULL);
INSERT INTO COMANDA_include_RETETA (id_comanda, id_reteta) VALUES (917, 3);
INSERT INTO COMANDA (id_restaurant, id_casier, id_cont) VALUES (15, 163, NULL);
INSERT INTO COMANDA_include_RETETA (id_comanda, id_reteta) VALUES (918, 1);
INSERT INTO COMANDA_include_RETETA (id_comanda, id_reteta) VALUES (918, 2);
INSERT INTO COMANDA (id_restaurant, id_casier, id_cont) VALUES (1, 5, NULL);
INSERT INTO COMANDA_include_RETETA (id_comanda, id_reteta) VALUES (919, 1);
INSERT INTO COMANDA_include_RETETA (id_comanda, id_reteta) VALUES (919, 2);
INSERT INTO COMANDA_include_RETETA (id_comanda, id_reteta) VALUES (919, 5);
INSERT INTO COMANDA (id_restaurant, id_casier, id_cont) VALUES (3, 28, NULL);
INSERT INTO COMANDA_include_RETETA (id_comanda, id_reteta) VALUES (920, 1);
INSERT INTO COMANDA_include_RETETA (id_comanda, id_reteta) VALUES (920, 3);
INSERT INTO COMANDA_include_RETETA (id_comanda, id_reteta) VALUES (920, 5);
INSERT INTO COMANDA (id_restaurant, id_casier, id_cont) VALUES (27, NULL, '19');
INSERT INTO COMANDA_include_RETETA (id_comanda, id_reteta) VALUES (921, 1);
INSERT INTO COMANDA_include_RETETA (id_comanda, id_reteta) VALUES (921, 3);
INSERT INTO COMANDA_include_RETETA (id_comanda, id_reteta) VALUES (921, 4);
INSERT INTO COMANDA (id_restaurant, id_casier, id_cont) VALUES (10, 106, NULL);
INSERT INTO COMANDA_include_RETETA (id_comanda, id_reteta) VALUES (922, 3);
INSERT INTO COMANDA_include_RETETA (id_comanda, id_reteta) VALUES (922, 4);
INSERT INTO COMANDA (id_restaurant, id_casier, id_cont) VALUES (28, 287, NULL);
INSERT INTO COMANDA_include_RETETA (id_comanda, id_reteta) VALUES (923, 1);
INSERT INTO COMANDA (id_restaurant, id_casier, id_cont) VALUES (28, NULL, '19');
INSERT INTO COMANDA_include_RETETA (id_comanda, id_reteta) VALUES (924, 3);
INSERT INTO COMANDA (id_restaurant, id_casier, id_cont) VALUES (15, NULL, '19');
INSERT INTO COMANDA_include_RETETA (id_comanda, id_reteta) VALUES (925, 1);
INSERT INTO COMANDA_include_RETETA (id_comanda, id_reteta) VALUES (925, 3);
INSERT INTO COMANDA (id_restaurant, id_casier, id_cont) VALUES (15, 164, NULL);
INSERT INTO COMANDA_include_RETETA (id_comanda, id_reteta) VALUES (926, 3);
INSERT INTO COMANDA_include_RETETA (id_comanda, id_reteta) VALUES (926, 4);
INSERT INTO COMANDA (id_restaurant, id_casier, id_cont) VALUES (16, NULL, '19');
INSERT INTO COMANDA_include_RETETA (id_comanda, id_reteta) VALUES (927, 1);
INSERT INTO COMANDA_include_RETETA (id_comanda, id_reteta) VALUES (927, 2);
INSERT INTO COMANDA_include_RETETA (id_comanda, id_reteta) VALUES (927, 4);
INSERT INTO COMANDA (id_restaurant, id_casier, id_cont) VALUES (15, 162, NULL);
INSERT INTO COMANDA_include_RETETA (id_comanda, id_reteta) VALUES (928, 5);
INSERT INTO COMANDA (id_restaurant, id_casier, id_cont) VALUES (15, NULL, '19');
INSERT INTO COMANDA_include_RETETA (id_comanda, id_reteta) VALUES (929, 2);
INSERT INTO COMANDA_include_RETETA (id_comanda, id_reteta) VALUES (929, 4);
INSERT INTO COMANDA_include_RETETA (id_comanda, id_reteta) VALUES (929, 5);
INSERT INTO COMANDA (id_restaurant, id_casier, id_cont) VALUES (15, 164, NULL);
INSERT INTO COMANDA_include_RETETA (id_comanda, id_reteta) VALUES (930, 2);
INSERT INTO COMANDA_include_RETETA (id_comanda, id_reteta) VALUES (930, 3);
INSERT INTO COMANDA_include_RETETA (id_comanda, id_reteta) VALUES (930, 4);
INSERT INTO COMANDA (id_restaurant, id_casier, id_cont) VALUES (28, 287, NULL);
INSERT INTO COMANDA_include_RETETA (id_comanda, id_reteta) VALUES (931, 2);
INSERT INTO COMANDA_include_RETETA (id_comanda, id_reteta) VALUES (931, 3);
INSERT INTO COMANDA_include_RETETA (id_comanda, id_reteta) VALUES (931, 5);
INSERT INTO COMANDA (id_restaurant, id_casier, id_cont) VALUES (16, 173, NULL);
INSERT INTO COMANDA_include_RETETA (id_comanda, id_reteta) VALUES (932, 1);
INSERT INTO COMANDA_include_RETETA (id_comanda, id_reteta) VALUES (932, 4);
INSERT INTO COMANDA_include_RETETA (id_comanda, id_reteta) VALUES (932, 5);
INSERT INTO COMANDA (id_restaurant, id_casier, id_cont) VALUES (10, 104, NULL);
INSERT INTO COMANDA_include_RETETA (id_comanda, id_reteta) VALUES (933, 1);
INSERT INTO COMANDA_include_RETETA (id_comanda, id_reteta) VALUES (933, 2);
INSERT INTO COMANDA_include_RETETA (id_comanda, id_reteta) VALUES (933, 3);
INSERT INTO COMANDA (id_restaurant, id_casier, id_cont) VALUES (16, NULL, '19');
INSERT INTO COMANDA_include_RETETA (id_comanda, id_reteta) VALUES (934, 1);
INSERT INTO COMANDA_include_RETETA (id_comanda, id_reteta) VALUES (934, 2);
INSERT INTO COMANDA_include_RETETA (id_comanda, id_reteta) VALUES (934, 3);
INSERT INTO COMANDA_include_RETETA (id_comanda, id_reteta) VALUES (934, 4);
INSERT INTO COMANDA (id_restaurant, id_casier, id_cont) VALUES (3, 28, NULL);
INSERT INTO COMANDA_include_RETETA (id_comanda, id_reteta) VALUES (935, 3);
INSERT INTO COMANDA_include_RETETA (id_comanda, id_reteta) VALUES (935, 5);
INSERT INTO COMANDA (id_restaurant, id_casier, id_cont) VALUES (3, 26, NULL);
INSERT INTO COMANDA_include_RETETA (id_comanda, id_reteta) VALUES (936, 2);
INSERT INTO COMANDA_include_RETETA (id_comanda, id_reteta) VALUES (936, 4);
INSERT INTO COMANDA_include_RETETA (id_comanda, id_reteta) VALUES (936, 5);
INSERT INTO COMANDA (id_restaurant, id_casier, id_cont) VALUES (15, NULL, '19');
INSERT INTO COMANDA (id_restaurant, id_casier, id_cont) VALUES (30, NULL, '19');
INSERT INTO COMANDA_include_RETETA (id_comanda, id_reteta) VALUES (938, 1);
INSERT INTO COMANDA_include_RETETA (id_comanda, id_reteta) VALUES (938, 2);
INSERT INTO COMANDA (id_restaurant, id_casier, id_cont) VALUES (28, NULL, '19');
INSERT INTO COMANDA_include_RETETA (id_comanda, id_reteta) VALUES (939, 3);
INSERT INTO COMANDA_include_RETETA (id_comanda, id_reteta) VALUES (939, 4);
INSERT INTO COMANDA_include_RETETA (id_comanda, id_reteta) VALUES (939, 5);
INSERT INTO COMANDA (id_restaurant, id_casier, id_cont) VALUES (10, 104, NULL);
INSERT INTO COMANDA_include_RETETA (id_comanda, id_reteta) VALUES (940, 2);
INSERT INTO COMANDA_include_RETETA (id_comanda, id_reteta) VALUES (940, 4);
INSERT INTO COMANDA (id_restaurant, id_casier, id_cont) VALUES (30, NULL, '19');
INSERT INTO COMANDA_include_RETETA (id_comanda, id_reteta) VALUES (941, 2);
INSERT INTO COMANDA_include_RETETA (id_comanda, id_reteta) VALUES (941, 3);
INSERT INTO COMANDA_include_RETETA (id_comanda, id_reteta) VALUES (941, 4);
INSERT INTO COMANDA_include_RETETA (id_comanda, id_reteta) VALUES (941, 5);
INSERT INTO COMANDA (id_restaurant, id_casier, id_cont) VALUES (1, 5, NULL);
INSERT INTO COMANDA_include_RETETA (id_comanda, id_reteta) VALUES (942, 1);
INSERT INTO COMANDA_include_RETETA (id_comanda, id_reteta) VALUES (942, 2);
INSERT INTO COMANDA_include_RETETA (id_comanda, id_reteta) VALUES (942, 4);
INSERT INTO COMANDA_include_RETETA (id_comanda, id_reteta) VALUES (942, 5);
INSERT INTO COMANDA (id_restaurant, id_casier, id_cont) VALUES (15, 162, NULL);
INSERT INTO COMANDA_include_RETETA (id_comanda, id_reteta) VALUES (943, 1);
INSERT INTO COMANDA_include_RETETA (id_comanda, id_reteta) VALUES (943, 4);
INSERT INTO COMANDA_include_RETETA (id_comanda, id_reteta) VALUES (943, 5);
INSERT INTO COMANDA (id_restaurant, id_casier, id_cont) VALUES (30, NULL, '19');
INSERT INTO COMANDA_include_RETETA (id_comanda, id_reteta) VALUES (944, 1);
INSERT INTO COMANDA_include_RETETA (id_comanda, id_reteta) VALUES (944, 3);
INSERT INTO COMANDA_include_RETETA (id_comanda, id_reteta) VALUES (944, 5);
INSERT INTO COMANDA (id_restaurant, id_casier, id_cont) VALUES (16, 171, NULL);
INSERT INTO COMANDA_include_RETETA (id_comanda, id_reteta) VALUES (945, 2);
INSERT INTO COMANDA_include_RETETA (id_comanda, id_reteta) VALUES (945, 3);
INSERT INTO COMANDA_include_RETETA (id_comanda, id_reteta) VALUES (945, 4);
INSERT INTO COMANDA_include_RETETA (id_comanda, id_reteta) VALUES (945, 5);
INSERT INTO COMANDA (id_restaurant, id_casier, id_cont) VALUES (16, 171, NULL);
INSERT INTO COMANDA_include_RETETA (id_comanda, id_reteta) VALUES (946, 1);
INSERT INTO COMANDA_include_RETETA (id_comanda, id_reteta) VALUES (946, 2);
INSERT INTO COMANDA_include_RETETA (id_comanda, id_reteta) VALUES (946, 3);
INSERT INTO COMANDA_include_RETETA (id_comanda, id_reteta) VALUES (946, 4);
INSERT INTO COMANDA (id_restaurant, id_casier, id_cont) VALUES (1, NULL, '19');
INSERT INTO COMANDA_include_RETETA (id_comanda, id_reteta) VALUES (947, 1);
INSERT INTO COMANDA_include_RETETA (id_comanda, id_reteta) VALUES (947, 2);
INSERT INTO COMANDA_include_RETETA (id_comanda, id_reteta) VALUES (947, 3);
INSERT INTO COMANDA (id_restaurant, id_casier, id_cont) VALUES (10, NULL, '19');
INSERT INTO COMANDA_include_RETETA (id_comanda, id_reteta) VALUES (948, 1);
INSERT INTO COMANDA_include_RETETA (id_comanda, id_reteta) VALUES (948, 5);
INSERT INTO COMANDA (id_restaurant, id_casier, id_cont) VALUES (28, NULL, '19');
INSERT INTO COMANDA (id_restaurant, id_casier, id_cont) VALUES (10, NULL, '19');
INSERT INTO COMANDA_include_RETETA (id_comanda, id_reteta) VALUES (950, 4);
INSERT INTO COMANDA_include_RETETA (id_comanda, id_reteta) VALUES (950, 5);
INSERT INTO COMANDA (id_restaurant, id_casier, id_cont) VALUES (6, NULL, '20');
INSERT INTO COMANDA_include_RETETA (id_comanda, id_reteta) VALUES (951, 3);
INSERT INTO COMANDA_include_RETETA (id_comanda, id_reteta) VALUES (951, 4);
INSERT INTO COMANDA_include_RETETA (id_comanda, id_reteta) VALUES (951, 5);
INSERT INTO COMANDA (id_restaurant, id_casier, id_cont) VALUES (26, NULL, '20');
INSERT INTO COMANDA_include_RETETA (id_comanda, id_reteta) VALUES (952, 4);
INSERT INTO COMANDA (id_restaurant, id_casier, id_cont) VALUES (24, NULL, '20');
INSERT INTO COMANDA_include_RETETA (id_comanda, id_reteta) VALUES (953, 1);
INSERT INTO COMANDA_include_RETETA (id_comanda, id_reteta) VALUES (953, 2);
INSERT INTO COMANDA_include_RETETA (id_comanda, id_reteta) VALUES (953, 3);
INSERT INTO COMANDA_include_RETETA (id_comanda, id_reteta) VALUES (953, 4);
INSERT INTO COMANDA_include_RETETA (id_comanda, id_reteta) VALUES (953, 5);
INSERT INTO COMANDA (id_restaurant, id_casier, id_cont) VALUES (22, NULL, '20');
INSERT INTO COMANDA_include_RETETA (id_comanda, id_reteta) VALUES (954, 1);
INSERT INTO COMANDA_include_RETETA (id_comanda, id_reteta) VALUES (954, 2);
INSERT INTO COMANDA_include_RETETA (id_comanda, id_reteta) VALUES (954, 3);
INSERT INTO COMANDA (id_restaurant, id_casier, id_cont) VALUES (4, 40, NULL);
INSERT INTO COMANDA_include_RETETA (id_comanda, id_reteta) VALUES (955, 2);
INSERT INTO COMANDA_include_RETETA (id_comanda, id_reteta) VALUES (955, 3);
INSERT INTO COMANDA_include_RETETA (id_comanda, id_reteta) VALUES (955, 4);
INSERT INTO COMANDA_include_RETETA (id_comanda, id_reteta) VALUES (955, 5);
INSERT INTO COMANDA (id_restaurant, id_casier, id_cont) VALUES (26, NULL, '20');
INSERT INTO COMANDA_include_RETETA (id_comanda, id_reteta) VALUES (956, 2);
INSERT INTO COMANDA_include_RETETA (id_comanda, id_reteta) VALUES (956, 4);
INSERT INTO COMANDA_include_RETETA (id_comanda, id_reteta) VALUES (956, 5);
INSERT INTO COMANDA (id_restaurant, id_casier, id_cont) VALUES (19, NULL, '20');
INSERT INTO COMANDA_include_RETETA (id_comanda, id_reteta) VALUES (957, 1);
INSERT INTO COMANDA_include_RETETA (id_comanda, id_reteta) VALUES (957, 2);
INSERT INTO COMANDA_include_RETETA (id_comanda, id_reteta) VALUES (957, 3);
INSERT INTO COMANDA_include_RETETA (id_comanda, id_reteta) VALUES (957, 4);
INSERT INTO COMANDA_include_RETETA (id_comanda, id_reteta) VALUES (957, 5);
INSERT INTO COMANDA (id_restaurant, id_casier, id_cont) VALUES (19, 203, NULL);
INSERT INTO COMANDA_include_RETETA (id_comanda, id_reteta) VALUES (958, 1);
INSERT INTO COMANDA_include_RETETA (id_comanda, id_reteta) VALUES (958, 5);
INSERT INTO COMANDA (id_restaurant, id_casier, id_cont) VALUES (6, NULL, '20');
INSERT INTO COMANDA_include_RETETA (id_comanda, id_reteta) VALUES (959, 3);
INSERT INTO COMANDA (id_restaurant, id_casier, id_cont) VALUES (25, NULL, '20');
INSERT INTO COMANDA_include_RETETA (id_comanda, id_reteta) VALUES (960, 1);
INSERT INTO COMANDA_include_RETETA (id_comanda, id_reteta) VALUES (960, 3);
INSERT INTO COMANDA_include_RETETA (id_comanda, id_reteta) VALUES (960, 4);
INSERT INTO COMANDA (id_restaurant, id_casier, id_cont) VALUES (2, NULL, '20');
INSERT INTO COMANDA_include_RETETA (id_comanda, id_reteta) VALUES (961, 4);
INSERT INTO COMANDA (id_restaurant, id_casier, id_cont) VALUES (13, 137, NULL);
INSERT INTO COMANDA_include_RETETA (id_comanda, id_reteta) VALUES (962, 4);
INSERT INTO COMANDA_include_RETETA (id_comanda, id_reteta) VALUES (962, 5);
INSERT INTO COMANDA (id_restaurant, id_casier, id_cont) VALUES (24, NULL, '20');
INSERT INTO COMANDA_include_RETETA (id_comanda, id_reteta) VALUES (963, 1);
INSERT INTO COMANDA_include_RETETA (id_comanda, id_reteta) VALUES (963, 3);
INSERT INTO COMANDA_include_RETETA (id_comanda, id_reteta) VALUES (963, 4);
INSERT INTO COMANDA_include_RETETA (id_comanda, id_reteta) VALUES (963, 5);
INSERT INTO COMANDA (id_restaurant, id_casier, id_cont) VALUES (21, 224, NULL);
INSERT INTO COMANDA_include_RETETA (id_comanda, id_reteta) VALUES (964, 1);
INSERT INTO COMANDA_include_RETETA (id_comanda, id_reteta) VALUES (964, 2);
INSERT INTO COMANDA_include_RETETA (id_comanda, id_reteta) VALUES (964, 4);
INSERT INTO COMANDA_include_RETETA (id_comanda, id_reteta) VALUES (964, 5);
INSERT INTO COMANDA (id_restaurant, id_casier, id_cont) VALUES (20, NULL, '20');
INSERT INTO COMANDA_include_RETETA (id_comanda, id_reteta) VALUES (965, 1);
INSERT INTO COMANDA_include_RETETA (id_comanda, id_reteta) VALUES (965, 2);
INSERT INTO COMANDA_include_RETETA (id_comanda, id_reteta) VALUES (965, 3);
INSERT INTO COMANDA_include_RETETA (id_comanda, id_reteta) VALUES (965, 4);
INSERT INTO COMANDA (id_restaurant, id_casier, id_cont) VALUES (20, 210, NULL);
INSERT INTO COMANDA_include_RETETA (id_comanda, id_reteta) VALUES (966, 2);
INSERT INTO COMANDA_include_RETETA (id_comanda, id_reteta) VALUES (966, 3);
INSERT INTO COMANDA_include_RETETA (id_comanda, id_reteta) VALUES (966, 4);
INSERT INTO COMANDA_include_RETETA (id_comanda, id_reteta) VALUES (966, 5);
INSERT INTO COMANDA (id_restaurant, id_casier, id_cont) VALUES (19, 200, NULL);
INSERT INTO COMANDA_include_RETETA (id_comanda, id_reteta) VALUES (967, 1);
INSERT INTO COMANDA_include_RETETA (id_comanda, id_reteta) VALUES (967, 5);
INSERT INTO COMANDA (id_restaurant, id_casier, id_cont) VALUES (2, 15, NULL);
INSERT INTO COMANDA_include_RETETA (id_comanda, id_reteta) VALUES (968, 1);
INSERT INTO COMANDA_include_RETETA (id_comanda, id_reteta) VALUES (968, 2);
INSERT INTO COMANDA (id_restaurant, id_casier, id_cont) VALUES (13, NULL, '20');
INSERT INTO COMANDA_include_RETETA (id_comanda, id_reteta) VALUES (969, 1);
INSERT INTO COMANDA_include_RETETA (id_comanda, id_reteta) VALUES (969, 4);
INSERT INTO COMANDA_include_RETETA (id_comanda, id_reteta) VALUES (969, 5);
INSERT INTO COMANDA (id_restaurant, id_casier, id_cont) VALUES (4, NULL, '20');
INSERT INTO COMANDA_include_RETETA (id_comanda, id_reteta) VALUES (970, 1);
INSERT INTO COMANDA_include_RETETA (id_comanda, id_reteta) VALUES (970, 2);
INSERT INTO COMANDA_include_RETETA (id_comanda, id_reteta) VALUES (970, 3);
INSERT INTO COMANDA_include_RETETA (id_comanda, id_reteta) VALUES (970, 4);
INSERT INTO COMANDA (id_restaurant, id_casier, id_cont) VALUES (14, NULL, '20');
INSERT INTO COMANDA_include_RETETA (id_comanda, id_reteta) VALUES (971, 1);
INSERT INTO COMANDA_include_RETETA (id_comanda, id_reteta) VALUES (971, 2);
INSERT INTO COMANDA_include_RETETA (id_comanda, id_reteta) VALUES (971, 3);
INSERT INTO COMANDA_include_RETETA (id_comanda, id_reteta) VALUES (971, 4);
INSERT INTO COMANDA (id_restaurant, id_casier, id_cont) VALUES (14, NULL, '20');
INSERT INTO COMANDA_include_RETETA (id_comanda, id_reteta) VALUES (972, 1);
INSERT INTO COMANDA_include_RETETA (id_comanda, id_reteta) VALUES (972, 2);
INSERT INTO COMANDA (id_restaurant, id_casier, id_cont) VALUES (20, NULL, '20');
INSERT INTO COMANDA_include_RETETA (id_comanda, id_reteta) VALUES (973, 1);
INSERT INTO COMANDA_include_RETETA (id_comanda, id_reteta) VALUES (973, 2);
INSERT INTO COMANDA_include_RETETA (id_comanda, id_reteta) VALUES (973, 4);
INSERT INTO COMANDA_include_RETETA (id_comanda, id_reteta) VALUES (973, 5);
INSERT INTO COMANDA (id_restaurant, id_casier, id_cont) VALUES (19, NULL, '20');
INSERT INTO COMANDA_include_RETETA (id_comanda, id_reteta) VALUES (974, 1);
INSERT INTO COMANDA (id_restaurant, id_casier, id_cont) VALUES (12, 127, NULL);
INSERT INTO COMANDA_include_RETETA (id_comanda, id_reteta) VALUES (975, 1);
INSERT INTO COMANDA_include_RETETA (id_comanda, id_reteta) VALUES (975, 2);
INSERT INTO COMANDA (id_restaurant, id_casier, id_cont) VALUES (14, NULL, '20');
INSERT INTO COMANDA_include_RETETA (id_comanda, id_reteta) VALUES (976, 5);
INSERT INTO COMANDA (id_restaurant, id_casier, id_cont) VALUES (24, NULL, '20');
INSERT INTO COMANDA_include_RETETA (id_comanda, id_reteta) VALUES (977, 1);
INSERT INTO COMANDA_include_RETETA (id_comanda, id_reteta) VALUES (977, 4);
INSERT INTO COMANDA_include_RETETA (id_comanda, id_reteta) VALUES (977, 5);
INSERT INTO COMANDA (id_restaurant, id_casier, id_cont) VALUES (6, 65, NULL);
INSERT INTO COMANDA_include_RETETA (id_comanda, id_reteta) VALUES (978, 1);
INSERT INTO COMANDA_include_RETETA (id_comanda, id_reteta) VALUES (978, 2);
INSERT INTO COMANDA_include_RETETA (id_comanda, id_reteta) VALUES (978, 3);
INSERT INTO COMANDA_include_RETETA (id_comanda, id_reteta) VALUES (978, 4);
INSERT INTO COMANDA (id_restaurant, id_casier, id_cont) VALUES (24, NULL, '20');
INSERT INTO COMANDA_include_RETETA (id_comanda, id_reteta) VALUES (979, 2);
INSERT INTO COMANDA_include_RETETA (id_comanda, id_reteta) VALUES (979, 4);
INSERT INTO COMANDA_include_RETETA (id_comanda, id_reteta) VALUES (979, 5);
INSERT INTO COMANDA (id_restaurant, id_casier, id_cont) VALUES (4, 40, NULL);
INSERT INTO COMANDA_include_RETETA (id_comanda, id_reteta) VALUES (980, 3);
INSERT INTO COMANDA_include_RETETA (id_comanda, id_reteta) VALUES (980, 5);
INSERT INTO COMANDA (id_restaurant, id_casier, id_cont) VALUES (20, NULL, '20');
INSERT INTO COMANDA_include_RETETA (id_comanda, id_reteta) VALUES (981, 3);
INSERT INTO COMANDA (id_restaurant, id_casier, id_cont) VALUES (4, NULL, '20');
INSERT INTO COMANDA_include_RETETA (id_comanda, id_reteta) VALUES (982, 1);
INSERT INTO COMANDA_include_RETETA (id_comanda, id_reteta) VALUES (982, 4);
INSERT INTO COMANDA_include_RETETA (id_comanda, id_reteta) VALUES (982, 5);
INSERT INTO COMANDA (id_restaurant, id_casier, id_cont) VALUES (24, NULL, '20');
INSERT INTO COMANDA_include_RETETA (id_comanda, id_reteta) VALUES (983, 1);
INSERT INTO COMANDA_include_RETETA (id_comanda, id_reteta) VALUES (983, 2);
INSERT INTO COMANDA_include_RETETA (id_comanda, id_reteta) VALUES (983, 3);
INSERT INTO COMANDA_include_RETETA (id_comanda, id_reteta) VALUES (983, 4);
INSERT INTO COMANDA (id_restaurant, id_casier, id_cont) VALUES (2, NULL, '20');
INSERT INTO COMANDA_include_RETETA (id_comanda, id_reteta) VALUES (984, 2);
INSERT INTO COMANDA_include_RETETA (id_comanda, id_reteta) VALUES (984, 3);
INSERT INTO COMANDA_include_RETETA (id_comanda, id_reteta) VALUES (984, 4);
INSERT INTO COMANDA_include_RETETA (id_comanda, id_reteta) VALUES (984, 5);
INSERT INTO COMANDA (id_restaurant, id_casier, id_cont) VALUES (2, 15, NULL);
INSERT INTO COMANDA_include_RETETA (id_comanda, id_reteta) VALUES (985, 1);
INSERT INTO COMANDA_include_RETETA (id_comanda, id_reteta) VALUES (985, 2);
INSERT INTO COMANDA_include_RETETA (id_comanda, id_reteta) VALUES (985, 3);
INSERT INTO COMANDA (id_restaurant, id_casier, id_cont) VALUES (14, 150, NULL);
INSERT INTO COMANDA_include_RETETA (id_comanda, id_reteta) VALUES (986, 1);
INSERT INTO COMANDA_include_RETETA (id_comanda, id_reteta) VALUES (986, 4);
INSERT INTO COMANDA (id_restaurant, id_casier, id_cont) VALUES (22, 230, NULL);
INSERT INTO COMANDA_include_RETETA (id_comanda, id_reteta) VALUES (987, 1);
INSERT INTO COMANDA (id_restaurant, id_casier, id_cont) VALUES (4, NULL, '20');
INSERT INTO COMANDA (id_restaurant, id_casier, id_cont) VALUES (13, NULL, '20');
INSERT INTO COMANDA_include_RETETA (id_comanda, id_reteta) VALUES (989, 1);
INSERT INTO COMANDA_include_RETETA (id_comanda, id_reteta) VALUES (989, 2);
INSERT INTO COMANDA_include_RETETA (id_comanda, id_reteta) VALUES (989, 5);
INSERT INTO COMANDA (id_restaurant, id_casier, id_cont) VALUES (26, 267, NULL);
INSERT INTO COMANDA_include_RETETA (id_comanda, id_reteta) VALUES (990, 1);
INSERT INTO COMANDA_include_RETETA (id_comanda, id_reteta) VALUES (990, 3);
INSERT INTO COMANDA_include_RETETA (id_comanda, id_reteta) VALUES (990, 5);
INSERT INTO COMANDA (id_restaurant, id_casier, id_cont) VALUES (12, NULL, '20');
INSERT INTO COMANDA_include_RETETA (id_comanda, id_reteta) VALUES (991, 2);
INSERT INTO COMANDA_include_RETETA (id_comanda, id_reteta) VALUES (991, 4);
INSERT INTO COMANDA_include_RETETA (id_comanda, id_reteta) VALUES (991, 5);
INSERT INTO COMANDA (id_restaurant, id_casier, id_cont) VALUES (26, 265, NULL);
INSERT INTO COMANDA_include_RETETA (id_comanda, id_reteta) VALUES (992, 1);
INSERT INTO COMANDA_include_RETETA (id_comanda, id_reteta) VALUES (992, 3);
INSERT INTO COMANDA_include_RETETA (id_comanda, id_reteta) VALUES (992, 5);
INSERT INTO COMANDA (id_restaurant, id_casier, id_cont) VALUES (24, NULL, '20');
INSERT INTO COMANDA_include_RETETA (id_comanda, id_reteta) VALUES (993, 1);
INSERT INTO COMANDA_include_RETETA (id_comanda, id_reteta) VALUES (993, 2);
INSERT INTO COMANDA_include_RETETA (id_comanda, id_reteta) VALUES (993, 5);
INSERT INTO COMANDA (id_restaurant, id_casier, id_cont) VALUES (21, NULL, '20');
INSERT INTO COMANDA_include_RETETA (id_comanda, id_reteta) VALUES (994, 3);
INSERT INTO COMANDA (id_restaurant, id_casier, id_cont) VALUES (2, 16, NULL);
INSERT INTO COMANDA_include_RETETA (id_comanda, id_reteta) VALUES (995, 3);
INSERT INTO COMANDA_include_RETETA (id_comanda, id_reteta) VALUES (995, 4);
INSERT INTO COMANDA (id_restaurant, id_casier, id_cont) VALUES (20, 211, NULL);
INSERT INTO COMANDA_include_RETETA (id_comanda, id_reteta) VALUES (996, 3);
INSERT INTO COMANDA (id_restaurant, id_casier, id_cont) VALUES (21, NULL, '20');
INSERT INTO COMANDA_include_RETETA (id_comanda, id_reteta) VALUES (997, 1);
INSERT INTO COMANDA_include_RETETA (id_comanda, id_reteta) VALUES (997, 2);
INSERT INTO COMANDA (id_restaurant, id_casier, id_cont) VALUES (24, NULL, '20');
INSERT INTO COMANDA_include_RETETA (id_comanda, id_reteta) VALUES (998, 1);
INSERT INTO COMANDA_include_RETETA (id_comanda, id_reteta) VALUES (998, 3);
INSERT INTO COMANDA_include_RETETA (id_comanda, id_reteta) VALUES (998, 4);
INSERT INTO COMANDA_include_RETETA (id_comanda, id_reteta) VALUES (998, 5);
INSERT INTO COMANDA (id_restaurant, id_casier, id_cont) VALUES (25, NULL, '20');
INSERT INTO COMANDA_include_RETETA (id_comanda, id_reteta) VALUES (999, 1);
INSERT INTO COMANDA_include_RETETA (id_comanda, id_reteta) VALUES (999, 4);
INSERT INTO COMANDA (id_restaurant, id_casier, id_cont) VALUES (4, 43, NULL);
INSERT INTO COMANDA_include_RETETA (id_comanda, id_reteta) VALUES (1000, 1);
INSERT INTO COMANDA_include_RETETA (id_comanda, id_reteta) VALUES (1000, 2);
INSERT INTO COMANDA_include_RETETA (id_comanda, id_reteta) VALUES (1000, 4);
SELECT COUNT(*) FROM ORAS;
SELECT COUNT(*) FROM RESTAURANT;
SELECT COUNT(*) FROM ANGAJAT;
SELECT COUNT(*) FROM CASIER;
SELECT COUNT(*) FROM BUCATAR;
SELECT COUNT(*) FROM MANAGER;
SELECT COUNT(*) FROM INGREDIENT;
SELECT COUNT(*) FROM RETETA;
SELECT COUNT(*) FROM ALERGIE;
SELECT COUNT(*) FROM COMANDA;
SELECT COUNT(*) FROM JOB_are_SALARIU;
SELECT COUNT(*) FROM INGREDIENT_provoaca_ALERGIE;
SELECT COUNT(*) FROM RETETA_contine_INGREDIENT;
SELECT COUNT(*) FROM COMANDA_include_RETETA;
COMMIT;
