drop table ADRESE cascade constraints;
drop table CARACTERISTICI cascade constraints;
drop table CASE cascade constraints;
drop table CATEGORII cascade constraints;
drop table CLIENTI cascade constraints;
drop table CLIENTI_AU_PRET_PREFERENTIAL cascade constraints;
drop table CLIENTI_PERSOANE_FIZICE cascade constraints;
drop table CLIENTI_PERSOANE_JURIDICE cascade constraints;
drop table DEPOZITE cascade constraints;
drop table FACTURI cascade constraints;
drop table FACTURI_CONTIN_PRODUSE cascade constraints;
drop table PRODUSE cascade constraints;
drop table PRODUSE_AU_CARACTERISTICI cascade constraints;
drop table SECTOARE cascade constraints;
drop table TIP_LIVRARE cascade constraints;
drop table TIP_PLATA cascade constraints;
drop table UNITATI_DE_MASURA cascade constraints;
drop table ZONE cascade constraints;

create table ADRESE
(
    ID_ADRESA  NUMBER(10),
    STRADA     VARCHAR2(50),
    ORAS       VARCHAR2(20),
    TARA       VARCHAR2(20),
    COD_POSTAL VARCHAR2(20),
    ID_CLIENT  NUMBER(10)
)
/

INSERT INTO THEO.ADRESE (ID_ADRESA, STRADA, ORAS, TARA, COD_POSTAL, ID_CLIENT) VALUES (1, 'prometeu, nr. 10', 'bucuresti', 'romania', '100201', 1);
INSERT INTO THEO.ADRESE (ID_ADRESA, STRADA, ORAS, TARA, COD_POSTAL, ID_CLIENT) VALUES (2, 'libertatii, nr. 10', 'bucuresti', 'romania', '123875', 2);
INSERT INTO THEO.ADRESE (ID_ADRESA, STRADA, ORAS, TARA, COD_POSTAL, ID_CLIENT) VALUES (3, 'marinarilor, nr. 10', 'bucuresti', 'romania', '123700', 3);
INSERT INTO THEO.ADRESE (ID_ADRESA, STRADA, ORAS, TARA, COD_POSTAL, ID_CLIENT) VALUES (4, 'bulevardul expozitiei, nr. 1', 'iasi', 'romania', '205751', 4);
INSERT INTO THEO.ADRESE (ID_ADRESA, STRADA, ORAS, TARA, COD_POSTAL, ID_CLIENT) VALUES (5, 'strada siret, nr. 5', 'galati', 'romania', '300102', 5);
INSERT INTO THEO.ADRESE (ID_ADRESA, STRADA, ORAS, TARA, COD_POSTAL, ID_CLIENT) VALUES (6, 'strada fabricii, nr. 143', 'galati', 'romania', '300157', 6);
INSERT INTO THEO.ADRESE (ID_ADRESA, STRADA, ORAS, TARA, COD_POSTAL, ID_CLIENT) VALUES (7, 'strada dunarii, nr. 70', 'tulcea', 'romania', '502101', 7);
INSERT INTO THEO.ADRESE (ID_ADRESA, STRADA, ORAS, TARA, COD_POSTAL, ID_CLIENT) VALUES (8, 'aleea botorani, nr. 99', 'iasi', 'romania', '750200', 8);
INSERT INTO THEO.ADRESE (ID_ADRESA, STRADA, ORAS, TARA, COD_POSTAL, ID_CLIENT) VALUES (9, 'calea plevnei, nr. 5', 'bucuresti', 'romania', '109400', 9);
INSERT INTO THEO.ADRESE (ID_ADRESA, STRADA, ORAS, TARA, COD_POSTAL, ID_CLIENT) VALUES (10, 'craisorului, nr. 17', 'timisoara', 'romania', '800251', 10);
INSERT INTO THEO.ADRESE (ID_ADRESA, STRADA, ORAS, TARA, COD_POSTAL, ID_CLIENT) VALUES (11, 'bulevardul uverturii, nr. 54', 'bucuresti', 'romania', '108300', 11);
INSERT INTO THEO.ADRESE (ID_ADRESA, STRADA, ORAS, TARA, COD_POSTAL, ID_CLIENT) VALUES (12, 'sfatului, nr. 102', 'tulcea', 'romania', '502101', 12);
INSERT INTO THEO.ADRESE (ID_ADRESA, STRADA, ORAS, TARA, COD_POSTAL, ID_CLIENT) VALUES (13, 'sergent turturica, nr. 30', 'arad', 'romania', '400120', 13);
INSERT INTO THEO.ADRESE (ID_ADRESA, STRADA, ORAS, TARA, COD_POSTAL, ID_CLIENT) VALUES (14, 'sergent turturica, nr. 30', 'arad', 'romania', '400120', 14);
create table CARACTERISTICI
(
    ID_CARACTERISTICA NUMBER(38),
    DESCRIERE         VARCHAR2(255),
    DENUMIRE          VARCHAR2(35)
)
/

INSERT INTO THEO.CARACTERISTICI (ID_CARACTERISTICA, DESCRIERE, DENUMIRE) VALUES (1, null, 'culoare');
INSERT INTO THEO.CARACTERISTICI (ID_CARACTERISTICA, DESCRIERE, DENUMIRE) VALUES (2, 'se strica sau nu', 'valabilitate');
INSERT INTO THEO.CARACTERISTICI (ID_CARACTERISTICA, DESCRIERE, DENUMIRE) VALUES (3, 'ani', 'garantie');
INSERT INTO THEO.CARACTERISTICI (ID_CARACTERISTICA, DESCRIERE, DENUMIRE) VALUES (44, 'antisoc etc', 'impachetare');
INSERT INTO THEO.CARACTERISTICI (ID_CARACTERISTICA, DESCRIERE, DENUMIRE) VALUES (5, 'date clientului daca le cumpara', 'puncte bonus');
INSERT INTO THEO.CARACTERISTICI (ID_CARACTERISTICA, DESCRIERE, DENUMIRE) VALUES (6, 'la ce temperatura trebuie tinute (vin etc)', 'temperatura specifica');
INSERT INTO THEO.CARACTERISTICI (ID_CARACTERISTICA, DESCRIERE, DENUMIRE) VALUES (7, 'mediu in care trebuie tinute (poate nu in umezeala?)', 'umiditate specifica');
INSERT INTO THEO.CARACTERISTICI (ID_CARACTERISTICA, DESCRIERE, DENUMIRE) VALUES (8, 'versiuni america/europa ce trebuie diferentiate rapid', 'voltaj');
INSERT INTO THEO.CARACTERISTICI (ID_CARACTERISTICA, DESCRIERE, DENUMIRE) VALUES (9, 'daca trebuie intretinut, udat, asteapta prelucrare, asteapta trimitere undeva, trebuie sa vina cineva sa il ia etc', 'conditii speciale');
INSERT INTO THEO.CARACTERISTICI (ID_CARACTERISTICA, DESCRIERE, DENUMIRE) VALUES (10, 'restul', 'altele');
create table CASE
(
    ID_CASA NUMBER(38),
    NUME    VARCHAR2(56),
    SERIE   NUMBER(38),
    PAROLA  VARCHAR2(24)
)
/

INSERT INTO THEO.CASE (ID_CASA, NUME, SERIE, PAROLA) VALUES (1, 'casa1', 11, 'marketcasa1');
INSERT INTO THEO.CASE (ID_CASA, NUME, SERIE, PAROLA) VALUES (2, 'casa2', 21, 'marketcasa2');
INSERT INTO THEO.CASE (ID_CASA, NUME, SERIE, PAROLA) VALUES (3, 'casa3', 31, 'marketcasa3');
INSERT INTO THEO.CASE (ID_CASA, NUME, SERIE, PAROLA) VALUES (4, 'casa4', 41, 'marketcasa4');
INSERT INTO THEO.CASE (ID_CASA, NUME, SERIE, PAROLA) VALUES (5, 'casa5', 51, 'marketcasa5');
INSERT INTO THEO.CASE (ID_CASA, NUME, SERIE, PAROLA) VALUES (6, 'casa6', 61, 'marketcasa6');
INSERT INTO THEO.CASE (ID_CASA, NUME, SERIE, PAROLA) VALUES (7, 'casa7', 71, 'marketcasa7');
INSERT INTO THEO.CASE (ID_CASA, NUME, SERIE, PAROLA) VALUES (8, 'casa8', 81, 'marketcasa8');
INSERT INTO THEO.CASE (ID_CASA, NUME, SERIE, PAROLA) VALUES (9, 'casa9', 91, 'marketcasa9');
INSERT INTO THEO.CASE (ID_CASA, NUME, SERIE, PAROLA) VALUES (10, 'casa10', 101, 'marketcasa10');
create table CATEGORII
(
    ID_CATEGORIE NUMBER(20),
    DENUMIRE     VARCHAR2(20),
    NIVEL        NUMBER(20),
    ID_PARINTE   NUMBER(20)
)
/

INSERT INTO THEO.CATEGORII (ID_CATEGORIE, DENUMIRE, NIVEL, ID_PARINTE) VALUES (1, 'it', 1, null);
INSERT INTO THEO.CATEGORII (ID_CATEGORIE, DENUMIRE, NIVEL, ID_PARINTE) VALUES (2, 'electrocasnice', 2, null);
INSERT INTO THEO.CATEGORII (ID_CATEGORIE, DENUMIRE, NIVEL, ID_PARINTE) VALUES (3, 'alimente', 3, null);
INSERT INTO THEO.CATEGORII (ID_CATEGORIE, DENUMIRE, NIVEL, ID_PARINTE) VALUES (4, 'make-up', 6, null);
INSERT INTO THEO.CATEGORII (ID_CATEGORIE, DENUMIRE, NIVEL, ID_PARINTE) VALUES (5, 'tablete', 2, 1);
INSERT INTO THEO.CATEGORII (ID_CATEGORIE, DENUMIRE, NIVEL, ID_PARINTE) VALUES (6, 'fructe', 2, 3);
INSERT INTO THEO.CATEGORII (ID_CATEGORIE, DENUMIRE, NIVEL, ID_PARINTE) VALUES (7, 'legume', 7, 3);
INSERT INTO THEO.CATEGORII (ID_CATEGORIE, DENUMIRE, NIVEL, ID_PARINTE) VALUES (8, 'papetarie', 7, null);
INSERT INTO THEO.CATEGORII (ID_CATEGORIE, DENUMIRE, NIVEL, ID_PARINTE) VALUES (9, 'telefoane', 1, 1);
INSERT INTO THEO.CATEGORII (ID_CATEGORIE, DENUMIRE, NIVEL, ID_PARINTE) VALUES (10, 'accesorii', 8, null);
create table CLIENTI
(
    ID_CLIENT        NUMBER(10),
    TELEFON          VARCHAR2(20),
    EMAIL            VARCHAR2(50),
    TIP              VARCHAR2(20),
    ORAS             VARCHAR2(30),
    DATA_NASTERII    DATE,
    DATA_MODIFICARII DATE
)
/

INSERT INTO THEO.CLIENTI (ID_CLIENT, TELEFON, EMAIL, TIP, ORAS, DATA_NASTERII, DATA_MODIFICARII) VALUES (1, '0712123123', 'razvy96@gmail.com', 'fizica', 'bucuresti', TIMESTAMP '2023-10-06 16:43:59', TIMESTAMP '2023-10-06 16:43:59');
INSERT INTO THEO.CLIENTI (ID_CLIENT, TELEFON, EMAIL, TIP, ORAS, DATA_NASTERII, DATA_MODIFICARII) VALUES (2, '0790100200', 'contact@dconstr.com', 'juridica', 'bucuresti', DATE '1997-10-10', TIMESTAMP '2023-10-06 16:43:59');
INSERT INTO THEO.CLIENTI (ID_CLIENT, TELEFON, EMAIL, TIP, ORAS, DATA_NASTERII, DATA_MODIFICARII) VALUES (3, '0711222333', 'george_filip@gmail.com', 'juridica', 'bucuresti', DATE '2010-11-10', TIMESTAMP '2023-10-06 16:43:59');
INSERT INTO THEO.CLIENTI (ID_CLIENT, TELEFON, EMAIL, TIP, ORAS, DATA_NASTERII, DATA_MODIFICARII) VALUES (4, '0790900900', 'edy_2k1@yahoo.ro', 'fizica', 'iasi', DATE '2001-02-02', TIMESTAMP '2023-10-06 16:43:59');
INSERT INTO THEO.CLIENTI (ID_CLIENT, TELEFON, EMAIL, TIP, ORAS, DATA_NASTERII, DATA_MODIFICARII) VALUES (5, '0730300123', 'larissa_anghel@gmail.com', 'fizica', 'galati', DATE '1996-04-12', TIMESTAMP '2023-10-06 16:43:59');
INSERT INTO THEO.CLIENTI (ID_CLIENT, TELEFON, EMAIL, TIP, ORAS, DATA_NASTERII, DATA_MODIFICARII) VALUES (6, '0750504505', 'roxpic@gmail.com', 'fizica', 'galati', DATE '1996-04-20', TIMESTAMP '2023-10-06 16:43:59');
INSERT INTO THEO.CLIENTI (ID_CLIENT, TELEFON, EMAIL, TIP, ORAS, DATA_NASTERII, DATA_MODIFICARII) VALUES (7, '0744117795', 'contact@bestphotos.ro', 'juridica', 'tulcea', DATE '2016-06-10', TIMESTAMP '2023-10-06 16:43:59');
INSERT INTO THEO.CLIENTI (ID_CLIENT, TELEFON, EMAIL, TIP, ORAS, DATA_NASTERII, DATA_MODIFICARII) VALUES (8, '0711845569', 'tortulet@bogdancakes.ro', 'juridica', 'iasi', DATE '2000-05-10', TIMESTAMP '2023-10-06 16:43:59');
INSERT INTO THEO.CLIENTI (ID_CLIENT, TELEFON, EMAIL, TIP, ORAS, DATA_NASTERII, DATA_MODIFICARII) VALUES (9, '0711753951', 'contact@brutariafericita.ro', 'juridica', 'bucuresti', DATE '2008-10-10', TIMESTAMP '2023-10-06 16:43:59');
INSERT INTO THEO.CLIENTI (ID_CLIENT, TELEFON, EMAIL, TIP, ORAS, DATA_NASTERII, DATA_MODIFICARII) VALUES (10, '0752753852', 'florinel@progaminggear.ro', 'juridica', 'timisoara', DATE '2007-09-20', TIMESTAMP '2023-10-06 16:43:59');
INSERT INTO THEO.CLIENTI (ID_CLIENT, TELEFON, EMAIL, TIP, ORAS, DATA_NASTERII, DATA_MODIFICARII) VALUES (11, '0785953751', 'alex_rando@weseesharp.ro', 'juridica', 'bucuresti', DATE '2007-10-05', TIMESTAMP '2023-10-06 16:43:59');
INSERT INTO THEO.CLIENTI (ID_CLIENT, TELEFON, EMAIL, TIP, ORAS, DATA_NASTERII, DATA_MODIFICARII) VALUES (12, '0775153759', 'woof@fluffyfriends.ro', 'juridica', 'arad', DATE '2016-04-03', TIMESTAMP '2023-10-06 16:43:59');
INSERT INTO THEO.CLIENTI (ID_CLIENT, TELEFON, EMAIL, TIP, ORAS, DATA_NASTERII, DATA_MODIFICARII) VALUES (13, '0780153420', 'pgheorghe@gmail.com', 'fizica', 'arad', DATE '1994-10-18', TIMESTAMP '2023-10-06 16:43:59');
INSERT INTO THEO.CLIENTI (ID_CLIENT, TELEFON, EMAIL, TIP, ORAS, DATA_NASTERII, DATA_MODIFICARII) VALUES (14, '0744622448', 'cgheorghe@gmail.com', 'fizica', 'arad', DATE '1994-10-18', TIMESTAMP '2023-10-06 16:43:59');
create table CLIENTI_AU_PRET_PREFERENTIAL
(
    ID_PRET_PREF NUMBER(20),
    ID_CATEGORIE NUMBER(20),
    ID_CLIENT_J  NUMBER(20),
    DISCOUNT     NUMBER(20),
    DATA_IN      DATE,
    DATA_SF      DATE
)
/

INSERT INTO THEO.CLIENTI_AU_PRET_PREFERENTIAL (ID_PRET_PREF, ID_CATEGORIE, ID_CLIENT_J, DISCOUNT, DATA_IN, DATA_SF) VALUES (1, 2, 2, 20, TIMESTAMP '2023-10-06 16:44:00', DATE '2016-12-07');
INSERT INTO THEO.CLIENTI_AU_PRET_PREFERENTIAL (ID_PRET_PREF, ID_CATEGORIE, ID_CLIENT_J, DISCOUNT, DATA_IN, DATA_SF) VALUES (2, 1, 3, 30, DATE '2016-09-07', DATE '2016-12-07');
INSERT INTO THEO.CLIENTI_AU_PRET_PREFERENTIAL (ID_PRET_PREF, ID_CATEGORIE, ID_CLIENT_J, DISCOUNT, DATA_IN, DATA_SF) VALUES (3, 5, 7, 50, DATE '2016-08-10', DATE '2016-10-07');
INSERT INTO THEO.CLIENTI_AU_PRET_PREFERENTIAL (ID_PRET_PREF, ID_CATEGORIE, ID_CLIENT_J, DISCOUNT, DATA_IN, DATA_SF) VALUES (4, 1, 8, 15, DATE '2016-09-21', DATE '2016-09-24');
INSERT INTO THEO.CLIENTI_AU_PRET_PREFERENTIAL (ID_PRET_PREF, ID_CATEGORIE, ID_CLIENT_J, DISCOUNT, DATA_IN, DATA_SF) VALUES (5, 7, 9, 25, DATE '2016-08-07', DATE '2017-02-07');
INSERT INTO THEO.CLIENTI_AU_PRET_PREFERENTIAL (ID_PRET_PREF, ID_CATEGORIE, ID_CLIENT_J, DISCOUNT, DATA_IN, DATA_SF) VALUES (6, 7, 10, 50, DATE '2016-10-22', DATE '2016-10-23');
INSERT INTO THEO.CLIENTI_AU_PRET_PREFERENTIAL (ID_PRET_PREF, ID_CATEGORIE, ID_CLIENT_J, DISCOUNT, DATA_IN, DATA_SF) VALUES (7, 3, 11, 30, DATE '2016-09-07', DATE '2016-12-07');
INSERT INTO THEO.CLIENTI_AU_PRET_PREFERENTIAL (ID_PRET_PREF, ID_CATEGORIE, ID_CLIENT_J, DISCOUNT, DATA_IN, DATA_SF) VALUES (8, 4, 12, 35, DATE '2016-12-07', DATE '2016-12-10');
INSERT INTO THEO.CLIENTI_AU_PRET_PREFERENTIAL (ID_PRET_PREF, ID_CATEGORIE, ID_CLIENT_J, DISCOUNT, DATA_IN, DATA_SF) VALUES (9, 8, 12, 45, DATE '2016-10-07', DATE '2016-02-07');
INSERT INTO THEO.CLIENTI_AU_PRET_PREFERENTIAL (ID_PRET_PREF, ID_CATEGORIE, ID_CLIENT_J, DISCOUNT, DATA_IN, DATA_SF) VALUES (10, 1, 10, 33, DATE '2016-09-07', DATE '2016-12-25');
create table CLIENTI_PERSOANE_FIZICE
(
    ID_CLIENT_F NUMBER(10),
    NUME        VARCHAR2(20),
    PRENUME     VARCHAR2(20),
    CNP         VARCHAR2(20)
)
/

INSERT INTO THEO.CLIENTI_PERSOANE_FIZICE (ID_CLIENT_F, NUME, PRENUME, CNP) VALUES (1, 'razvan', 'padina', '1961210303132');
INSERT INTO THEO.CLIENTI_PERSOANE_FIZICE (ID_CLIENT_F, NUME, PRENUME, CNP) VALUES (4, 'eduard', 'lorand', '1010202123123');
INSERT INTO THEO.CLIENTI_PERSOANE_FIZICE (ID_CLIENT_F, NUME, PRENUME, CNP) VALUES (5, 'larisa', 'anghel', '2960412100200');
INSERT INTO THEO.CLIENTI_PERSOANE_FIZICE (ID_CLIENT_F, NUME, PRENUME, CNP) VALUES (6, 'roxana', 'picu', '2960420350450');
INSERT INTO THEO.CLIENTI_PERSOANE_FIZICE (ID_CLIENT_F, NUME, PRENUME, CNP) VALUES (13, 'paul', 'gheorghe', '1941018102896');
INSERT INTO THEO.CLIENTI_PERSOANE_FIZICE (ID_CLIENT_F, NUME, PRENUME, CNP) VALUES (14, 'cristian', 'gheorghe', '1941018102897');
create table CLIENTI_PERSOANE_JURIDICE
(
    ID_CLIENT_J        NUMBER(10),
    DENUMIRE           VARCHAR2(50),
    PERSOANA_CONTACT   VARCHAR2(20),
    CUI                VARCHAR2(20),
    CONT               VARCHAR2(50),
    BANCA              VARCHAR2(30),
    COD_FISCAL         VARCHAR2(20),
    NUMAR_INREGISTRARE VARCHAR2(20)
)
/

INSERT INTO THEO.CLIENTI_PERSOANE_JURIDICE (ID_CLIENT_J, DENUMIRE, PERSOANA_CONTACT, CUI, CONT, BANCA, COD_FISCAL, NUMAR_INREGISTRARE) VALUES (2, 'sc dorel constructions srl', 'dorel gabriel', '6859662', 'ro60ingb0000999912345678', 'ing bank', 'ro122333', 'j24/2673/1997');
INSERT INTO THEO.CLIENTI_PERSOANE_JURIDICE (ID_CLIENT_J, DENUMIRE, PERSOANA_CONTACT, CUI, CONT, BANCA, COD_FISCAL, NUMAR_INREGISTRARE) VALUES (3, 'sc georgel auto srl', 'george filip', '1245789', 'ro60bnrb0000999987654321', 'bnr', 'ro557891', 'j30/3000/2010');
INSERT INTO THEO.CLIENTI_PERSOANE_JURIDICE (ID_CLIENT_J, DENUMIRE, PERSOANA_CONTACT, CUI, CONT, BANCA, COD_FISCAL, NUMAR_INREGISTRARE) VALUES (7, 'sc best moments photography srl', 'valentina plopea', '4579125', 'ro60ingb0000999954627412', 'ingb', 'ro223456', 'j45/6520/2016');
INSERT INTO THEO.CLIENTI_PERSOANE_JURIDICE (ID_CLIENT_J, DENUMIRE, PERSOANA_CONTACT, CUI, CONT, BANCA, COD_FISCAL, NUMAR_INREGISTRARE) VALUES (8, 'tasty cakes srl', 'bogdan bradus', '7896543', 'ro80ingb0000999954629410', 'ingb', 'ro117895', 'j67/7123/2000');
INSERT INTO THEO.CLIENTI_PERSOANE_JURIDICE (ID_CLIENT_J, DENUMIRE, PERSOANA_CONTACT, CUI, CONT, BANCA, COD_FISCAL, NUMAR_INREGISTRARE) VALUES (9, 'brutaria fericita', 'ramona brutaru', '9517532', 'ro10ingb00009999345297109', 'ingb', 'ro100213', 'j20/5462/2008');
INSERT INTO THEO.CLIENTI_PERSOANE_JURIDICE (ID_CLIENT_J, DENUMIRE, PERSOANA_CONTACT, CUI, CONT, BANCA, COD_FISCAL, NUMAR_INREGISTRARE) VALUES (10, 'sc pro-gaming gear srl', 'florin alexandru', '3025149', 'ro40bnrb00009999345594150', 'bnr', 'ro812085', 'j70/8085/2007');
INSERT INTO THEO.CLIENTI_PERSOANE_JURIDICE (ID_CLIENT_J, DENUMIRE, PERSOANA_CONTACT, CUI, CONT, BANCA, COD_FISCAL, NUMAR_INREGISTRARE) VALUES (11, 'we see sharp', 'alexander randovic', '7517530', 'ro40bnrb0000999934593264', 'bnr', 'ro800861', 'j95/1052/2007');
INSERT INTO THEO.CLIENTI_PERSOANE_JURIDICE (ID_CLIENT_J, DENUMIRE, PERSOANA_CONTACT, CUI, CONT, BANCA, COD_FISCAL, NUMAR_INREGISTRARE) VALUES (12, 'sc fluffy friends srl', 'alexandra ramona', '1537519', 'ro40bnrb0000999955517319', 'banca transilvania', 'ro759953', 'j12/9856/2016');
create table DEPOZITE
(
    ID_DEPOZIT  NUMBER(20),
    DENUMIRE    VARCHAR2(20),
    ADRESA      VARCHAR2(20),
    ORAS        VARCHAR2(20),
    JUDET       VARCHAR2(20),
    ORAR        VARCHAR2(20),
    CAPACITATE  NUMBER,
    VALOARE     NUMBER,
    ID_DIRECTOR NUMBER(20),
    ID_TARA     NUMBER(20)
)
/

create table FACTURI
(
    ID_FACTURA          NUMBER(20),
    DATA                DATE,
    STATUS              VARCHAR2(20),
    ID_CASA             NUMBER(20),
    ID_CLIENT           NUMBER(20),
    ID_ADRESA_LIVRARE   NUMBER(20),
    ID_ADRESA_FACTURARE NUMBER(20),
    ID_TIP_LIVRARE      NUMBER(20),
    ID_TIP_PLATA        NUMBER(20),
    INTERVAL_LIVRARE    NUMBER(20)
)
/

INSERT INTO THEO.FACTURI (ID_FACTURA, DATA, STATUS, ID_CASA, ID_CLIENT, ID_ADRESA_LIVRARE, ID_ADRESA_FACTURARE, ID_TIP_LIVRARE, ID_TIP_PLATA, INTERVAL_LIVRARE) VALUES (1, DATE '2016-09-07', 'achitat', 1, 1, 1, 1, 1, 1, 5);
INSERT INTO THEO.FACTURI (ID_FACTURA, DATA, STATUS, ID_CASA, ID_CLIENT, ID_ADRESA_LIVRARE, ID_ADRESA_FACTURARE, ID_TIP_LIVRARE, ID_TIP_PLATA, INTERVAL_LIVRARE) VALUES (2, DATE '2016-09-17', 'neachitat', 1, 1, 1, 1, 1, 2, 10);
INSERT INTO THEO.FACTURI (ID_FACTURA, DATA, STATUS, ID_CASA, ID_CLIENT, ID_ADRESA_LIVRARE, ID_ADRESA_FACTURARE, ID_TIP_LIVRARE, ID_TIP_PLATA, INTERVAL_LIVRARE) VALUES (3, DATE '2016-09-13', 'achitat', 1, 3, 1, 3, 3, 1, 2);
INSERT INTO THEO.FACTURI (ID_FACTURA, DATA, STATUS, ID_CASA, ID_CLIENT, ID_ADRESA_LIVRARE, ID_ADRESA_FACTURARE, ID_TIP_LIVRARE, ID_TIP_PLATA, INTERVAL_LIVRARE) VALUES (4, DATE '2016-09-14', 'achitat', 1, 3, 1, 3, 2, 1, 2);
INSERT INTO THEO.FACTURI (ID_FACTURA, DATA, STATUS, ID_CASA, ID_CLIENT, ID_ADRESA_LIVRARE, ID_ADRESA_FACTURARE, ID_TIP_LIVRARE, ID_TIP_PLATA, INTERVAL_LIVRARE) VALUES (5, DATE '2016-09-02', 'neachitat', 1, 2, 3, 4, 1, 2, 3);
INSERT INTO THEO.FACTURI (ID_FACTURA, DATA, STATUS, ID_CASA, ID_CLIENT, ID_ADRESA_LIVRARE, ID_ADRESA_FACTURARE, ID_TIP_LIVRARE, ID_TIP_PLATA, INTERVAL_LIVRARE) VALUES (6, DATE '2016-09-01', 'neachitat', 2, 1, 1, 1, 3, 5, 1);
INSERT INTO THEO.FACTURI (ID_FACTURA, DATA, STATUS, ID_CASA, ID_CLIENT, ID_ADRESA_LIVRARE, ID_ADRESA_FACTURARE, ID_TIP_LIVRARE, ID_TIP_PLATA, INTERVAL_LIVRARE) VALUES (7, DATE '2016-09-04', 'achitat', 2, 1, 1, 1, 4, 2, 2);
INSERT INTO THEO.FACTURI (ID_FACTURA, DATA, STATUS, ID_CASA, ID_CLIENT, ID_ADRESA_LIVRARE, ID_ADRESA_FACTURARE, ID_TIP_LIVRARE, ID_TIP_PLATA, INTERVAL_LIVRARE) VALUES (8, DATE '2016-09-07', 'achitat', 3, 3, 8, 5, 2, 7, 2);
INSERT INTO THEO.FACTURI (ID_FACTURA, DATA, STATUS, ID_CASA, ID_CLIENT, ID_ADRESA_LIVRARE, ID_ADRESA_FACTURARE, ID_TIP_LIVRARE, ID_TIP_PLATA, INTERVAL_LIVRARE) VALUES (9, DATE '2016-09-07', 'achitat', 4, 5, 1, 1, 1, 1, 2);
INSERT INTO THEO.FACTURI (ID_FACTURA, DATA, STATUS, ID_CASA, ID_CLIENT, ID_ADRESA_LIVRARE, ID_ADRESA_FACTURARE, ID_TIP_LIVRARE, ID_TIP_PLATA, INTERVAL_LIVRARE) VALUES (10, DATE '2016-09-09', 'neachitat', 2, 3, 4, 1, 1, 7, 10);
create table FACTURI_CONTIN_PRODUSE
(
    ID_FACTURA     NUMBER(38),
    ID_PRODUS      NUMBER(38),
    CANTITATE      NUMBER(38),
    PRET_FACTURARE NUMBER(38)
)
/

INSERT INTO THEO.FACTURI_CONTIN_PRODUSE (ID_FACTURA, ID_PRODUS, CANTITATE, PRET_FACTURARE) VALUES (1, 1, 68, 544);
INSERT INTO THEO.FACTURI_CONTIN_PRODUSE (ID_FACTURA, ID_PRODUS, CANTITATE, PRET_FACTURARE) VALUES (2, 2, 5, 25);
INSERT INTO THEO.FACTURI_CONTIN_PRODUSE (ID_FACTURA, ID_PRODUS, CANTITATE, PRET_FACTURARE) VALUES (3, 3, 10, 1600);
INSERT INTO THEO.FACTURI_CONTIN_PRODUSE (ID_FACTURA, ID_PRODUS, CANTITATE, PRET_FACTURARE) VALUES (4, 4, 90, 10800);
INSERT INTO THEO.FACTURI_CONTIN_PRODUSE (ID_FACTURA, ID_PRODUS, CANTITATE, PRET_FACTURARE) VALUES (5, 5, 400, 800);
INSERT INTO THEO.FACTURI_CONTIN_PRODUSE (ID_FACTURA, ID_PRODUS, CANTITATE, PRET_FACTURARE) VALUES (6, 6, 100, 200);
INSERT INTO THEO.FACTURI_CONTIN_PRODUSE (ID_FACTURA, ID_PRODUS, CANTITATE, PRET_FACTURARE) VALUES (7, 7, 30, 90);
INSERT INTO THEO.FACTURI_CONTIN_PRODUSE (ID_FACTURA, ID_PRODUS, CANTITATE, PRET_FACTURARE) VALUES (8, 8, 100, 500);
INSERT INTO THEO.FACTURI_CONTIN_PRODUSE (ID_FACTURA, ID_PRODUS, CANTITATE, PRET_FACTURARE) VALUES (9, 9, 50, 250);
INSERT INTO THEO.FACTURI_CONTIN_PRODUSE (ID_FACTURA, ID_PRODUS, CANTITATE, PRET_FACTURARE) VALUES (10, 10, 5, 1500);
create table PRODUSE
(
    DENUMIRE         VARCHAR2(20),
    DESCRIERE        NVARCHAR2(500),
    STOC_CURENT      FLOAT,
    STOC_IMPUS       FLOAT,
    PRET_UNITAR      FLOAT,
    GREUTATE         FLOAT,
    VOLUM            FLOAT,
    TVA              FLOAT,
    ID_ZONA          NUMBER(20),
    ID_UM            NUMBER(20),
    ID_CATEGORIE     NUMBER(20),
    DATA_CREARII     DATE,
    DATA_MODIFICARII DATE,
    ACTIV            NUMBER(20),
    ID_PRODUS        NUMBER(38)
)
/

INSERT INTO THEO.PRODUSE (DENUMIRE, DESCRIERE, STOC_CURENT, STOC_IMPUS, PRET_UNITAR, GREUTATE, VOLUM, TVA, ID_ZONA, ID_UM, ID_CATEGORIE, DATA_CREARII, DATA_MODIFICARII, ACTIV, ID_PRODUS) VALUES ('pasta de dinti', 'pasta de din?i este o past? (sau un gel) folosit? pentru a cur??a ?i îmbun?t??i s?n?tatea ?i aspectul estetic al din?ilor.', 2, 1, 10, 100, null, 4.5, 1, 1, 1, DATE '2011-10-12', DATE '2016-10-12', 1, 1);
INSERT INTO THEO.PRODUSE (DENUMIRE, DESCRIERE, STOC_CURENT, STOC_IMPUS, PRET_UNITAR, GREUTATE, VOLUM, TVA, ID_ZONA, ID_UM, ID_CATEGORIE, DATA_CREARII, DATA_MODIFICARII, ACTIV, ID_PRODUS) VALUES ('cafea', 'cafeaua este o b?utur? de culoare neagr? ce con?ine cafein? ?i care se ob?ine din boabe de cafea pr?jite ?i m?cinate.', 4, 2, 40, 400, null, 6.7, 2, 2, 2, DATE '2010-10-02', DATE '2016-08-12', 0, 2);
INSERT INTO THEO.PRODUSE (DENUMIRE, DESCRIERE, STOC_CURENT, STOC_IMPUS, PRET_UNITAR, GREUTATE, VOLUM, TVA, ID_ZONA, ID_UM, ID_CATEGORIE, DATA_CREARII, DATA_MODIFICARII, ACTIV, ID_PRODUS) VALUES ('televizor', 'televizorul (sau simplu, tv) este un dispozitiv electronic folosit pentru a recep?iona ?i reda emisiuni de radiodifuziune vizual? (televiziune radiodifuzat?), care difuzeaz? programe de televiziune, fiind folosit ast?zi pentru divertisment, pentru educare ?i pentru informare.', 8, 3, 800, 8000, null, 19, 3, 3, 3, DATE '2009-08-26', DATE '2016-03-12', 0, 3);
INSERT INTO THEO.PRODUSE (DENUMIRE, DESCRIERE, STOC_CURENT, STOC_IMPUS, PRET_UNITAR, GREUTATE, VOLUM, TVA, ID_ZONA, ID_UM, ID_CATEGORIE, DATA_CREARII, DATA_MODIFICARII, ACTIV, ID_PRODUS) VALUES ('detergent', 'detergen?ii sunt produ?i de sintez?, având o structur? asem?n?toare cu cea a s?punurilor.', 6, 4, 32, 5000, null, 10.15, 4, 4, 4, DATE '2004-03-11', DATE '2016-10-12', 1, 4);
INSERT INTO THEO.PRODUSE (DENUMIRE, DESCRIERE, STOC_CURENT, STOC_IMPUS, PRET_UNITAR, GREUTATE, VOLUM, TVA, ID_ZONA, ID_UM, ID_CATEGORIE, DATA_CREARII, DATA_MODIFICARII, ACTIV, ID_PRODUS) VALUES ('burete', 'un burete este o ustensil? pentru cur??are alc?tuit? dintr-un material poros cu proprietatea de a absorbi lichide.', 18, 5, 5, 50, null, 21, 5, 5, 5, DATE '2003-03-19', DATE '2016-10-12', 1, 5);
INSERT INTO THEO.PRODUSE (DENUMIRE, DESCRIERE, STOC_CURENT, STOC_IMPUS, PRET_UNITAR, GREUTATE, VOLUM, TVA, ID_ZONA, ID_UM, ID_CATEGORIE, DATA_CREARII, DATA_MODIFICARII, ACTIV, ID_PRODUS) VALUES ('ciocolata', 'ciocolata este un produs alimentar ob?inut dintr-un amestec de cacao, zah?r, uneori lapte ?i unele arome specifice.', 32, 6, 3, 200, null, 19, 6, 6, 6, DATE '2009-06-10', DATE '2016-03-17', 1, 6);
INSERT INTO THEO.PRODUSE (DENUMIRE, DESCRIERE, STOC_CURENT, STOC_IMPUS, PRET_UNITAR, GREUTATE, VOLUM, TVA, ID_ZONA, ID_UM, ID_CATEGORIE, DATA_CREARII, DATA_MODIFICARII, ACTIV, ID_PRODUS) VALUES ('cola', 'cola este o b?utur? carbogazoas?, îndulcit? artificial, derivat? din b?utura care ini?ial con?inea cofein? din nuca de cola ?i cocain? din frunzele de cola, cu arom? de vanilie sau alte ingrediente.', 64, 7, 5, 2000, 2000, 23.4, 7, 1, 7, DATE '2009-10-16', DATE '2016-05-19', 0, 7);
INSERT INTO THEO.PRODUSE (DENUMIRE, DESCRIERE, STOC_CURENT, STOC_IMPUS, PRET_UNITAR, GREUTATE, VOLUM, TVA, ID_ZONA, ID_UM, ID_CATEGORIE, DATA_CREARII, DATA_MODIFICARII, ACTIV, ID_PRODUS) VALUES ('paine', 'pâinea este un aliment de baz? produs prin coacerea aluatului ob?inut din f?in? amestecat? cu ap? ?i drojdie, ad?ugându-se de la caz la caz diferi?i ingredien?i în func?ie de categoria pâinii ob?inute.', 128, 8, 1, 1000, null, 27, 8, 2, 8, DATE '2011-05-19', DATE '2016-10-12', 0, 8);
INSERT INTO THEO.PRODUSE (DENUMIRE, DESCRIERE, STOC_CURENT, STOC_IMPUS, PRET_UNITAR, GREUTATE, VOLUM, TVA, ID_ZONA, ID_UM, ID_CATEGORIE, DATA_CREARII, DATA_MODIFICARII, ACTIV, ID_PRODUS) VALUES ('tricou', 'tricoul este un articol de îmbr?c?minte, de obicei cu mâneci scurte, care se îmbrac? direct pe corp', 256, 9, 50.8, 300, null, 19, 9, 3, 9, DATE '2008-12-31', DATE '2016-05-12', 0, 9);
INSERT INTO THEO.PRODUSE (DENUMIRE, DESCRIERE, STOC_CURENT, STOC_IMPUS, PRET_UNITAR, GREUTATE, VOLUM, TVA, ID_ZONA, ID_UM, ID_CATEGORIE, DATA_CREARII, DATA_MODIFICARII, ACTIV, ID_PRODUS) VALUES ('bicicleta', 'o biciclet? poate fi definit? în general ca fiind un vehicul rutier cu dou? ro?i a?ezate în linie una în spatele celeilalte, pus în mi?care prin intermediul a dou? pedale ac?ionate cu picioarele.', 512, 10, 456.789, 9000, null, 19, 10, 4, 10, DATE '2016-10-12', DATE '2016-10-12', 1, 10);
create table PRODUSE_AU_CARACTERISTICI
(
    ID_CARACTERISTICA NUMBER(38),
    ID_PRODUS         NUMBER(38),
    VALOARE           VARCHAR2(255)
)
/

create table SECTOARE
(
    ID_SECTOR  NUMBER(20),
    DESCRIERE  VARCHAR2(20),
    ID_DEPOZIT NUMBER(20)
)
/

INSERT INTO THEO.SECTOARE (ID_SECTOR, DESCRIERE, ID_DEPOZIT) VALUES (1, 'maramures', 1);
INSERT INTO THEO.SECTOARE (ID_SECTOR, DESCRIERE, ID_DEPOZIT) VALUES (2, 'bucuresti', 2);
INSERT INTO THEO.SECTOARE (ID_SECTOR, DESCRIERE, ID_DEPOZIT) VALUES (3, 'galati', 3);
INSERT INTO THEO.SECTOARE (ID_SECTOR, DESCRIERE, ID_DEPOZIT) VALUES (4, 'timis', 4);
INSERT INTO THEO.SECTOARE (ID_SECTOR, DESCRIERE, ID_DEPOZIT) VALUES (5, 'cluj', 5);
INSERT INTO THEO.SECTOARE (ID_SECTOR, DESCRIERE, ID_DEPOZIT) VALUES (6, 'iasi', 6);
INSERT INTO THEO.SECTOARE (ID_SECTOR, DESCRIERE, ID_DEPOZIT) VALUES (7, 'dolj', 7);
INSERT INTO THEO.SECTOARE (ID_SECTOR, DESCRIERE, ID_DEPOZIT) VALUES (8, 'constanta', 8);
INSERT INTO THEO.SECTOARE (ID_SECTOR, DESCRIERE, ID_DEPOZIT) VALUES (9, 'sibiu', 9);
INSERT INTO THEO.SECTOARE (ID_SECTOR, DESCRIERE, ID_DEPOZIT) VALUES (10, 'germania', 10);
create table TIP_LIVRARE
(
    ID_TIP_LIVRARE NUMBER(38),
    DENUMIRE       VARCHAR2(20),
    TARIF          NUMBER(5, 2),
    ID_FIRMA_T     NUMBER(38)
)
/

INSERT INTO THEO.TIP_LIVRARE (ID_TIP_LIVRARE, DENUMIRE, TARIF, ID_FIRMA_T) VALUES (5, 'avion', 999.00, 5);
INSERT INTO THEO.TIP_LIVRARE (ID_TIP_LIVRARE, DENUMIRE, TARIF, ID_FIRMA_T) VALUES (6, 'vapor', 400.00, 8);
INSERT INTO THEO.TIP_LIVRARE (ID_TIP_LIVRARE, DENUMIRE, TARIF, ID_FIRMA_T) VALUES (7, 'tir', 450.00, 13);
INSERT INTO THEO.TIP_LIVRARE (ID_TIP_LIVRARE, DENUMIRE, TARIF, ID_FIRMA_T) VALUES (8, 'tren', 500.00, 21);
INSERT INTO THEO.TIP_LIVRARE (ID_TIP_LIVRARE, DENUMIRE, TARIF, ID_FIRMA_T) VALUES (9, 'ridicare sediu', 0.00, null);
INSERT INTO THEO.TIP_LIVRARE (ID_TIP_LIVRARE, DENUMIRE, TARIF, ID_FIRMA_T) VALUES (10, 'altele', null, null);
INSERT INTO THEO.TIP_LIVRARE (ID_TIP_LIVRARE, DENUMIRE, TARIF, ID_FIRMA_T) VALUES (1, 'posta', 300.00, 1);
INSERT INTO THEO.TIP_LIVRARE (ID_TIP_LIVRARE, DENUMIRE, TARIF, ID_FIRMA_T) VALUES (2, 'dhl', 300.00, 1);
INSERT INTO THEO.TIP_LIVRARE (ID_TIP_LIVRARE, DENUMIRE, TARIF, ID_FIRMA_T) VALUES (3, 'curier', 300.00, 2);
INSERT INTO THEO.TIP_LIVRARE (ID_TIP_LIVRARE, DENUMIRE, TARIF, ID_FIRMA_T) VALUES (4, 'curier rapid', 600.00, 3);
create table TIP_PLATA
(
    ID_TIP_PLATA NUMBER(10),
    COD          VARCHAR2(20),
    DESCRIERE    VARCHAR2(100)
)
/

INSERT INTO THEO.TIP_PLATA (ID_TIP_PLATA, COD, DESCRIERE) VALUES (1, 'numerar', 'num');
INSERT INTO THEO.TIP_PLATA (ID_TIP_PLATA, COD, DESCRIERE) VALUES (2, 'paypal', 'ppl');
INSERT INTO THEO.TIP_PLATA (ID_TIP_PLATA, COD, DESCRIERE) VALUES (3, 'card online', 'col');
INSERT INTO THEO.TIP_PLATA (ID_TIP_PLATA, COD, DESCRIERE) VALUES (4, 'card livrare', 'clv');
INSERT INTO THEO.TIP_PLATA (ID_TIP_PLATA, COD, DESCRIERE) VALUES (5, 'ramburs', 'rmb');
INSERT INTO THEO.TIP_PLATA (ID_TIP_PLATA, COD, DESCRIERE) VALUES (6, 'bitcoin', 'bit');
INSERT INTO THEO.TIP_PLATA (ID_TIP_PLATA, COD, DESCRIERE) VALUES (7, 'ordin de plata', 'ord');
INSERT INTO THEO.TIP_PLATA (ID_TIP_PLATA, COD, DESCRIERE) VALUES (8, 'transfer bancar', 'trb');
INSERT INTO THEO.TIP_PLATA (ID_TIP_PLATA, COD, DESCRIERE) VALUES (9, 'western union', 'wnu');
INSERT INTO THEO.TIP_PLATA (ID_TIP_PLATA, COD, DESCRIERE) VALUES (10, 'altul', 'alt');
create table UNITATI_DE_MASURA
(
    ID_UM     NUMBER(20),
    DENUMIRE  VARCHAR2(20),
    DESCRIERE VARCHAR2(20)
)
/

INSERT INTO THEO.UNITATI_DE_MASURA (ID_UM, DENUMIRE, DESCRIERE) VALUES (1, 'buc', 'bucata');
INSERT INTO THEO.UNITATI_DE_MASURA (ID_UM, DENUMIRE, DESCRIERE) VALUES (2, 'kg', 'kilogram(1kg=1000g)');
INSERT INTO THEO.UNITATI_DE_MASURA (ID_UM, DENUMIRE, DESCRIERE) VALUES (3, 'l', 'litru');
INSERT INTO THEO.UNITATI_DE_MASURA (ID_UM, DENUMIRE, DESCRIERE) VALUES (4, 'm', 'metru');
INSERT INTO THEO.UNITATI_DE_MASURA (ID_UM, DENUMIRE, DESCRIERE) VALUES (5, 'pachet', null);
INSERT INTO THEO.UNITATI_DE_MASURA (ID_UM, DENUMIRE, DESCRIERE) VALUES (6, 'g', 'gram');
create table ZONE
(
    ID_ZONA             NUMBER(20),
    DESCRIERE           VARCHAR2(20),
    CAPACITATE_MAXIMA   FLOAT,
    CAPACITATE_FOLOSITA FLOAT,
    ID_SECTOR           NUMBER(20)
)
/

